dataset,model,seed,method,representation_id,shape_match,train_relative_error,validation_relative_error,test_relative_error
wine-quality-red,catboost,0,PCA,pca__v1__orthogonal_all__m0,True,6.293595238675758e-15,6.3099915776675074e-15,6.3977959970041625e-15
wine-quality-red,catboost,0,PCA,pca__v1__orthogonal_all__m1,True,8.035426417207839e-15,8.275835706419912e-15,8.175837883412718e-15
wine-quality-red,catboost,0,PCA,pca__v1__orthogonal_all__m2,True,5.4243130726304135e-15,5.4354814081873186e-15,5.495607734991486e-15
wine-quality-red,catboost,0,PCA,pca__v1__orthogonal_all__m3,True,5.094980158063509e-15,5.126075851822848e-15,5.137180821784271e-15
wine-quality-red,catboost,0,PCA,pca__v1__orthogonal_all__m4,True,5.875372852277473e-15,5.871942427609188e-15,5.945469856543015e-15
wine-quality-red,catboost,0,PCA,pca__v1__orthogonal_all__m5,True,6.0062471878488905e-15,6.006199576166912e-15,6.083917600525344e-15
wine-quality-red,catboost,0,PCA,pca__v1__orthogonal_all__m6,True,3.8402577074054935e-15,3.86529335164737e-15,3.851438362826174e-15
wine-quality-red,catboost,0,PCA,pca__v1__orthogonal_all__m7,True,1.003693662168239e-14,1.0094678756606595e-14,1.0263967311608445e-14
wine-quality-red,catboost,0,GramAnchor,gram_anchor__pivot_tie_v2__orthogonal_all__m0,True,1.1155294133736235e-15,1.1320041632133122e-15,1.1316834484378352e-15
wine-quality-red,catboost,0,GramAnchor,gram_anchor__pivot_tie_v2__orthogonal_all__m1,True,1.1439555145355487e-15,1.1381257233236962e-15,1.1477877779479681e-15
wine-quality-red,catboost,0,GramAnchor,gram_anchor__pivot_tie_v2__orthogonal_all__m2,True,1.1299949893194145e-15,1.1247190680365649e-15,1.144323975062639e-15
wine-quality-red,catboost,0,GramAnchor,gram_anchor__pivot_tie_v2__orthogonal_all__m3,True,1.141603179501189e-15,1.1448862078053795e-15,1.1422471392382971e-15
wine-quality-red,catboost,0,GramAnchor,gram_anchor__pivot_tie_v2__orthogonal_all__m4,True,1.0755115764818653e-15,1.0699838922440947e-15,1.0906423803708803e-15
wine-quality-red,catboost,0,GramAnchor,gram_anchor__pivot_tie_v2__orthogonal_all__m5,True,1.189548612990581e-15,1.1879655641192203e-15,1.214375584754649e-15
wine-quality-red,catboost,0,GramAnchor,gram_anchor__pivot_tie_v2__orthogonal_all__m6,True,1.1171339864829719e-15,1.1120087042013126e-15,1.1339619292781473e-15
wine-quality-red,catboost,0,GramAnchor,gram_anchor__pivot_tie_v2__orthogonal_all__m7,True,1.0738515663432919e-15,1.0727528541527857e-15,1.0675019544750663e-15
wine-quality-red,catboost,0,GramAnchor-m8,gram_anchor__pivot_tie_v2__orthogonal_all__m0,True,1.3198707656573232e-15,1.3507969325046067e-15,1.3425018785210843e-15
wine-quality-red,catboost,0,GramAnchor-m8,gram_anchor__pivot_tie_v2__orthogonal_all__m1,True,1.4432917939042007e-15,1.432461126468193e-15,1.4573179230285064e-15
wine-quality-red,catboost,0,GramAnchor-m8,gram_anchor__pivot_tie_v2__orthogonal_all__m2,True,1.3745259565653393e-15,1.376430257240408e-15,1.4002558207293912e-15
wine-quality-red,catboost,0,GramAnchor-m8,gram_anchor__pivot_tie_v2__orthogonal_all__m3,True,1.3184512313507087e-15,1.3195370231719059e-15,1.3232374574807753e-15
wine-quality-red,catboost,0,GramAnchor-m8,gram_anchor__pivot_tie_v2__orthogonal_all__m4,True,1.2218096460602059e-15,1.2091331168549865e-15,1.2431225692597486e-15
wine-quality-red,catboost,0,GramAnchor-m8,gram_anchor__pivot_tie_v2__orthogonal_all__m5,True,1.5481350877443184e-15,1.565885471578617e-15,1.5955606397584357e-15
wine-quality-red,catboost,0,GramAnchor-m8,gram_anchor__pivot_tie_v2__orthogonal_all__m6,True,1.4036245806847964e-15,1.392352644725343e-15,1.4286509832157456e-15
wine-quality-red,catboost,0,GramAnchor-m8,gram_anchor__pivot_tie_v2__orthogonal_all__m7,True,1.3846252799161581e-15,1.3918924202072341e-15,1.3779500200879221e-15
wine-quality-red,catboost,0,GramDistance,gram_distance__pivot_tie_v2__orthogonal_all__m0,True,1.0453332996904961e-15,1.0424025915611378e-15,1.0426575898212448e-15
wine-quality-red,catboost,0,GramDistance,gram_distance__pivot_tie_v2__orthogonal_all__m1,True,1.114297442468673e-15,1.1050403182928443e-15,1.1185400811520617e-15
wine-quality-red,catboost,0,GramDistance,gram_distance__pivot_tie_v2__orthogonal_all__m2,True,1.016502728776747e-15,1.0163043926543453e-15,1.0251671180402157e-15
wine-quality-red,catboost,0,GramDistance,gram_distance__pivot_tie_v2__orthogonal_all__m3,True,1.0486770263950763e-15,1.0416548973100703e-15,1.0473783201870357e-15
wine-quality-red,catboost,0,GramDistance,gram_distance__pivot_tie_v2__orthogonal_all__m4,True,1.0342347870520268e-15,1.030369858244333e-15,1.0380799716213025e-15
wine-quality-red,catboost,0,GramDistance,gram_distance__pivot_tie_v2__orthogonal_all__m5,True,1.1184371225820532e-15,1.1143409055393057e-15,1.1181165727699487e-15
wine-quality-red,catboost,0,GramDistance,gram_distance__pivot_tie_v2__orthogonal_all__m6,True,1.0818707732539083e-15,1.07339995136989e-15,1.0777663946351217e-15
wine-quality-red,catboost,0,GramDistance,gram_distance__pivot_tie_v2__orthogonal_all__m7,True,1.030946587548982e-15,1.028207513101353e-15,1.024855012614522e-15
wine-quality-red,catboost,0,NystromGram,nystrom_gram__nystrom_degeneracy_v3__orthogonal_all__m0,True,2.487081478767287e-15,2.8351046971745485e-15,2.537148178244475e-15
wine-quality-red,catboost,0,NystromGram,nystrom_gram__nystrom_degeneracy_v3__orthogonal_all__m1,True,2.471794044774876e-15,2.8097178652100005e-15,2.5198044881458834e-15
wine-quality-red,catboost,0,NystromGram,nystrom_gram__nystrom_degeneracy_v3__orthogonal_all__m2,True,1.5710605189658486e-15,1.585441858327927e-15,1.6013799132085912e-15
wine-quality-red,catboost,0,NystromGram,nystrom_gram__nystrom_degeneracy_v3__orthogonal_all__m3,True,1.6104930263512376e-14,1.5807355317258677e-14,1.618328624744771e-14
wine-quality-red,catboost,0,NystromGram,nystrom_gram__nystrom_degeneracy_v3__orthogonal_all__m4,True,1.4028454550186729e-15,1.3806795148123579e-15,1.4065289836615318e-15
wine-quality-red,catboost,0,NystromGram,nystrom_gram__nystrom_degeneracy_v3__orthogonal_all__m5,True,2.0727628812136338e-15,2.086703671298283e-15,2.1408380173558623e-15
wine-quality-red,catboost,0,NystromGram,nystrom_gram__nystrom_degeneracy_v3__orthogonal_all__m6,True,1.6077671181717784e-15,1.5833270287285808e-15,1.621028755043967e-15
wine-quality-red,catboost,0,NystromGram,nystrom_gram__nystrom_degeneracy_v3__orthogonal_all__m7,True,2.5099013379514814e-15,2.880445618611588e-15,2.5563121540563933e-15
wine-quality-red,catboost,0,HybridSpectral-t0.01,hybrid_spectral__pivot_tie_v2__orthogonal_all__m0,True,9.735248859915108e-15,9.840978111530877e-15,9.73553567849745e-15
wine-quality-red,catboost,0,HybridSpectral-t0.01,hybrid_spectral__pivot_tie_v2__orthogonal_all__m1,True,1.0033148167951764e-14,1.0340049714495329e-14,1.035901726592386e-14
wine-quality-red,catboost,0,HybridSpectral-t0.01,hybrid_spectral__pivot_tie_v2__orthogonal_all__m2,True,7.390776193260949e-15,7.771837043720096e-15,7.557819031130631e-15
wine-quality-red,catboost,0,HybridSpectral-t0.01,hybrid_spectral__pivot_tie_v2__orthogonal_all__m3,True,8.60426572545391e-15,8.38473218167518e-15,7.943084258560899e-15
wine-quality-red,catboost,0,HybridSpectral-t0.01,hybrid_spectral__pivot_tie_v2__orthogonal_all__m4,True,1.0021619517721484e-14,1.029843430120997e-14,9.166580202263102e-15
wine-quality-red,catboost,0,HybridSpectral-t0.01,hybrid_spectral__pivot_tie_v2__orthogonal_all__m5,True,8.98473531794146e-15,7.819873836599254e-15,7.694139433387867e-15
wine-quality-red,catboost,0,HybridSpectral-t0.01,hybrid_spectral__pivot_tie_v2__orthogonal_all__m6,True,9.902812909368936e-15,1.0389286574198426e-14,9.066054709280109e-15
wine-quality-red,catboost,0,HybridSpectral-t0.01,hybrid_spectral__pivot_tie_v2__orthogonal_all__m7,True,7.209789550980127e-15,7.378868696398958e-15,6.74059062656241e-15
wine-quality-red,catboost,0,HybridSpectral-t0.05,hybrid_spectral__pivot_tie_v2__orthogonal_all__m0,True,7.944039161601615e-15,8.058227273723606e-15,7.8575616260173e-15
wine-quality-red,catboost,0,HybridSpectral-t0.05,hybrid_spectral__pivot_tie_v2__orthogonal_all__m1,True,8.80646627907941e-15,9.1020278471457e-15,9.070976511286555e-15
wine-quality-red,catboost,0,HybridSpectral-t0.05,hybrid_spectral__pivot_tie_v2__orthogonal_all__m2,True,6.764808310748631e-15,7.111421998785847e-15,6.903492422469372e-15
wine-quality-red,catboost,0,HybridSpectral-t0.05,hybrid_spectral__pivot_tie_v2__orthogonal_all__m3,True,7.479486210338667e-15,7.275835798715585e-15,6.809601727043261e-15
wine-quality-red,catboost,0,HybridSpectral-t0.05,hybrid_spectral__pivot_tie_v2__orthogonal_all__m4,True,9.12821694242329e-15,9.383039874877444e-15,8.336026312860152e-15
wine-quality-red,catboost,0,HybridSpectral-t0.05,hybrid_spectral__pivot_tie_v2__orthogonal_all__m5,True,7.924592696349583e-15,6.838026280427265e-15,6.672845191813386e-15
wine-quality-red,catboost,0,HybridSpectral-t0.05,hybrid_spectral__pivot_tie_v2__orthogonal_all__m6,True,8.968608946023421e-15,9.412384968652232e-15,8.176498153120226e-15
wine-quality-red,catboost,0,HybridSpectral-t0.05,hybrid_spectral__pivot_tie_v2__orthogonal_all__m7,True,6.581901850047944e-15,6.731389861296051e-15,6.142036987349443e-15
wine-quality-red,catboost,0,HybridSpectral-t0.10,hybrid_spectral__pivot_tie_v2__orthogonal_all__m0,True,7.944039161601615e-15,8.058227273723606e-15,7.8575616260173e-15
wine-quality-red,catboost,0,HybridSpectral-t0.10,hybrid_spectral__pivot_tie_v2__orthogonal_all__m1,True,8.80646627907941e-15,9.1020278471457e-15,9.070976511286555e-15
wine-quality-red,catboost,0,HybridSpectral-t0.10,hybrid_spectral__pivot_tie_v2__orthogonal_all__m2,True,6.764808310748631e-15,7.111421998785847e-15,6.903492422469372e-15
wine-quality-red,catboost,0,HybridSpectral-t0.10,hybrid_spectral__pivot_tie_v2__orthogonal_all__m3,True,7.479486210338667e-15,7.275835798715585e-15,6.809601727043261e-15
wine-quality-red,catboost,0,HybridSpectral-t0.10,hybrid_spectral__pivot_tie_v2__orthogonal_all__m4,True,9.12821694242329e-15,9.383039874877444e-15,8.336026312860152e-15
wine-quality-red,catboost,0,HybridSpectral-t0.10,hybrid_spectral__pivot_tie_v2__orthogonal_all__m5,True,7.924592696349583e-15,6.838026280427265e-15,6.672845191813386e-15
wine-quality-red,catboost,0,HybridSpectral-t0.10,hybrid_spectral__pivot_tie_v2__orthogonal_all__m6,True,8.968608946023421e-15,9.412384968652232e-15,8.176498153120226e-15
wine-quality-red,catboost,0,HybridSpectral-t0.10,hybrid_spectral__pivot_tie_v2__orthogonal_all__m7,True,6.581901850047944e-15,6.731389861296051e-15,6.142036987349443e-15
