dataset,problem_type,model,method,family,selected_alpha,invariant_feature_fraction,disagreement_reduction,normalized_excess_risk,raw_task_error,method_task_error,raw_fallback,inference_multiplier,validation_C_actual,predictive_rank,task_outcome
2dplanes,regression,catboost,BlockGuard-Greedy-t01,BlockGuard-Greedy,,1.0,1.0,-0.0023867544610550015,1.052750588487655,1.0448237862256704,False,1.0,-0.004699288333623792,5.0,W
2dplanes,regression,catboost,GuardedGram-G2-g0p0-t01,G2,0.75,,0.75,-0.0024631510563672835,1.052750588487655,1.044570060626992,False,2.0,-0.004182935364352134,2.5,W
2dplanes,regression,catboost,PureGram,fixed,1.0,,1.0,-0.0023867544610550015,1.052750588487655,1.0448237862256704,False,1.0,-0.004699288333623792,5.0,W
2dplanes,regression,catboost,Raw,fixed,0.0,,0.0,0.0,1.052750588487655,1.052750588487655,True,1.0,0.0,8.0,T
2dplanes,regression,catboost,Raw+Gram@0.5,fixed,0.5,,0.4999999999999999,-0.0020894433249447992,1.052750588487655,1.0458112051766713,False,2.0,-0.0032245447808454306,7.0,W
2dplanes,regression,catboost,Raw+Gram@0.75,fixed,0.75,,0.75,-0.0024631510563672835,1.052750588487655,1.044570060626992,False,2.0,-0.004182935364352134,2.5,W
2dplanes,regression,catboost,SafeGram-t01,safety_reference,1.0,,1.0,-0.0023867544610550015,1.052750588487655,1.0448237862256704,False,1.0,-0.004699288333623792,5.0,W
2dplanes,regression,catboost,SafeRankGram-t01,safety_reference,1.0,,1.0,-0.003804930528505453,1.052750588487655,1.0386304342464274,False,1.0,-0.003146216357950611,1.0,W
2dplanes,regression,controlled_mlp,BlockGuard-Greedy-t01,BlockGuard-Greedy,,0.7,0.14288586524595204,0.00834385022915162,0.9825998145996574,1.0041510424264766,False,1.0,0.008222322505589585,5.0,L
2dplanes,regression,controlled_mlp,GuardedGram-G2-g0p0-t01,G2,0.75,,0.75,0.009587127302293599,0.9825998145996574,1.0118121648686933,False,2.0,0.0054125005444746145,6.5,L
2dplanes,regression,controlled_mlp,PureGram,fixed,1.0,,1.0,0.01909650294062029,0.9825998145996574,1.0406898102706368,False,1.0,0.012335593513040215,8.0,L
2dplanes,regression,controlled_mlp,Raw,fixed,0.0,,0.0,0.0,0.9825998145996574,0.9825998145996574,True,1.0,0.0,1.0,T
2dplanes,regression,controlled_mlp,Raw+Gram@0.5,fixed,0.5,,0.5,0.0026159633970454723,0.9825998145996574,0.9914713691149051,False,2.0,0.0009825687074545232,2.5,L
2dplanes,regression,controlled_mlp,Raw+Gram@0.75,fixed,0.75,,0.75,0.009587127302293599,0.9825998145996574,1.0118121648686933,False,2.0,0.0054125005444746145,6.5,L
2dplanes,regression,controlled_mlp,SafeGram-t01,safety_reference,0.5,,0.5,0.0026159633970454723,0.9825998145996574,0.9914713691149051,False,2.0,0.0009825687074545232,2.5,L
2dplanes,regression,controlled_mlp,SafeRankGram-t01,safety_reference,0.5,,0.5,0.001205002448548192,0.9825998145996574,0.9925667768332815,False,2.0,-0.00039200719377576056,4.0,L
2dplanes,regression,tabicl_v2,BlockGuard-Greedy-t01,BlockGuard-Greedy,,1.0,1.0,0.0014267770946350912,0.9847244247204872,0.9895600431785818,False,1.0,0.0002595087547398381,7.0,L
2dplanes,regression,tabicl_v2,GuardedGram-G2-g0p0-t01,G2,0.75,,0.75,0.0006032534890370024,0.9847244247204872,0.9867689653270515,False,2.0,-0.00028984506897572726,4.5,L
2dplanes,regression,tabicl_v2,PureGram,fixed,1.0,,1.0,0.0014267770946350912,0.9847244247204872,0.9895600431785818,False,1.0,0.0002595087547398381,7.0,L
2dplanes,regression,tabicl_v2,Raw,fixed,0.0,,0.0,0.0,0.9847244247204872,0.9847244247204872,True,1.0,0.0,2.0,T
2dplanes,regression,tabicl_v2,Raw+Gram@0.5,fixed,0.5,,0.5,9.001890507494807e-05,0.9847244247204872,0.9850295158805532,False,2.0,-0.0005165414550192282,3.0,L
2dplanes,regression,tabicl_v2,Raw+Gram@0.75,fixed,0.75,,0.75,0.0006032534890370024,0.9847244247204872,0.9867689653270515,False,2.0,-0.00028984506897572726,4.5,L
2dplanes,regression,tabicl_v2,SafeGram-t01,safety_reference,1.0,,1.0,0.0014267770946350912,0.9847244247204872,0.9895600431785818,False,1.0,0.0002595087547398381,7.0,L
2dplanes,regression,tabicl_v2,SafeRankGram-t01,safety_reference,1.0,,1.0,-0.001568858310412428,0.9847244247204872,0.9794072660469343,False,1.0,-0.0039319459249100045,1.0,W
2dplanes,regression,tabm_d,BlockGuard-Greedy-t01,BlockGuard-Greedy,,1.0,1.0,-0.0021910229624748437,1.0377689646176242,1.018286793077321,False,1.0,0.00436208679568757,2.5,W
2dplanes,regression,tabm_d,GuardedGram-G2-g0p0-t01,G2,0.75,,0.75,-0.002850378525225012,1.0377689646176242,1.0194308714514286,False,2.0,0.002297039697081076,5.0,W
2dplanes,regression,tabm_d,PureGram,fixed,1.0,,1.0,-0.0021910229624748437,1.0377689646176242,1.018286793077321,False,1.0,0.00436208679568757,2.5,W
2dplanes,regression,tabm_d,Raw,fixed,0.0,,0.0,0.0,1.0377689646176242,1.0377689646176242,True,1.0,0.0,8.0,T
2dplanes,regression,tabm_d,Raw+Gram@0.5,fixed,0.5,,0.5,-0.0027031843224539624,1.0377689646176242,1.0237216402188993,False,2.0,0.0008339316105618009,7.0,W
2dplanes,regression,tabm_d,Raw+Gram@0.75,fixed,0.75,,0.75,-0.002850378525225012,1.0377689646176242,1.0194308714514286,False,2.0,0.002297039697081076,5.0,W
2dplanes,regression,tabm_d,SafeGram-t01,safety_reference,0.75,,0.75,-0.002850378525225012,1.0377689646176242,1.0194308714514286,False,2.0,0.002297039697081076,5.0,W
2dplanes,regression,tabm_d,SafeRankGram-t01,safety_reference,1.0,,1.0,-0.013984277749503768,1.0377689646176242,0.9842922813660713,False,1.0,-0.002157353871695793,1.0,W
2dplanes,regression,tabpfn_2_6,BlockGuard-Greedy-t01,BlockGuard-Greedy,,1.0,1.0,0.002452007753409835,0.9646361826974531,0.9729957590310897,False,1.0,0.0034920594934261754,7.5,L
2dplanes,regression,tabpfn_2_6,GuardedGram-G2-g0p0-t01,G2,0.75,,0.75,0.0009419393804199582,0.9646361826974531,0.9678475159982263,False,2.0,0.0020909830455340386,3.5,L
2dplanes,regression,tabpfn_2_6,PureGram,fixed,1.0,,1.0,0.002452007753409835,0.9646361826974531,0.9729957590310897,False,1.0,0.0034920594934261754,7.5,L
2dplanes,regression,tabpfn_2_6,Raw,fixed,0.0,,0.0,0.0,0.9646361826974531,0.9646361826974531,True,1.0,0.0,1.0,T
2dplanes,regression,tabpfn_2_6,Raw+Gram@0.5,fixed,0.5,,0.5,2.669225462146072e-05,0.9646361826974531,0.9654275483216906,False,2.0,0.0010395854177262468,2.0,L
2dplanes,regression,tabpfn_2_6,Raw+Gram@0.75,fixed,0.75,,0.75,0.0009419393804199582,0.9646361826974531,0.9678475159982263,False,2.0,0.0020909830455340386,3.5,L
2dplanes,regression,tabpfn_2_6,SafeGram-t01,safety_reference,1.0,,1.0,0.002452007753409835,0.9646361826974531,0.9701024330579666,False,1.0,0.0034920594934261754,5.0,L
2dplanes,regression,tabpfn_2_6,SafeRankGram-t01,safety_reference,1.0,,1.0,0.0021701473870451658,0.9646361826974531,0.971537799019287,False,1.0,0.0031809151347367646,6.0,L
Brazilian_houses,regression,catboost,BlockGuard-Greedy-t01,BlockGuard-Greedy,,0.2,0.0,0.004862206234514842,959.1540277399796,1045.924430850446,True,1.0,0.0,5.0,L
Brazilian_houses,regression,catboost,GuardedGram-G2-g0p0-t01,G2,0.0,,0.0,0.0,959.1540277399796,959.1540277399796,True,1.0,0.0,2.5,T
Brazilian_houses,regression,catboost,PureGram,fixed,1.0,,1.0,0.12840598794588615,959.1540277399796,1434.8963521346518,False,1.0,0.16716516473611612,8.0,L
Brazilian_houses,regression,catboost,Raw,fixed,0.0,,0.0,0.0,959.1540277399796,959.1540277399796,True,1.0,0.0,2.5,T
Brazilian_houses,regression,catboost,Raw+Gram@0.5,fixed,0.5,,0.5,0.038108550083651264,959.1540277399796,1106.8398423279673,False,2.0,0.059117191943196756,6.0,L
Brazilian_houses,regression,catboost,Raw+Gram@0.75,fixed,0.75,,0.75,0.0788172200708687,959.1540277399796,1256.3259705370326,False,2.0,0.10984076862275913,7.0,L
Brazilian_houses,regression,catboost,SafeGram-t01,safety_reference,0.0,,0.0,0.0,959.1540277399796,959.1540277399796,True,1.0,0.0,2.5,T
Brazilian_houses,regression,catboost,SafeRankGram-t01,safety_reference,0.0,,0.0,0.0,959.1540277399796,959.1540277399796,True,1.0,0.0,2.5,T
Brazilian_houses,regression,controlled_mlp,BlockGuard-Greedy-t01,BlockGuard-Greedy,,1.0,1.0,-0.9722128386758601,2954.690271671243,1140.245348894303,False,1.0,-1.1805793381179215,2.0,W
Brazilian_houses,regression,controlled_mlp,GuardedGram-G2-g0p0-t01,G2,0.75,,0.75,-0.9144485621298928,2954.690271671243,1294.119219078137,False,2.0,-1.0836686715789805,5.5,W
Brazilian_houses,regression,controlled_mlp,PureGram,fixed,1.0,,1.0,-0.9722128386758601,2954.690271671243,1140.245348894303,False,1.0,-1.1805793381179215,2.0,W
Brazilian_houses,regression,controlled_mlp,Raw,fixed,0.0,,0.0,0.0,2954.690271671243,2954.690271671243,True,1.0,0.0,8.0,T
Brazilian_houses,regression,controlled_mlp,Raw+Gram@0.5,fixed,0.5,,0.5,-0.6784954108619726,2954.690271671243,1743.5807992514913,False,2.0,-0.7653792974582506,7.0,W
Brazilian_houses,regression,controlled_mlp,Raw+Gram@0.75,fixed,0.75,,0.75,-0.9144485621298928,2954.690271671243,1294.119219078137,False,2.0,-1.0836686715789805,5.5,W
Brazilian_houses,regression,controlled_mlp,SafeGram-t01,safety_reference,1.0,,1.0,-0.9722128386758601,2954.690271671243,1140.245348894303,False,1.0,-1.1805793381179215,2.0,W
Brazilian_houses,regression,controlled_mlp,SafeRankGram-t01,safety_reference,1.0,,1.0,-0.9487104277061895,2954.690271671243,1229.2214176814932,False,1.0,-0.8276874639224783,4.0,W
Brazilian_houses,regression,tabicl_v2,BlockGuard-Greedy-t01,BlockGuard-Greedy,,1.0,1.0,-0.0018525621993796294,967.399294306095,960.4296804993199,False,1.0,0.0034551478996573378,5.5,W
Brazilian_houses,regression,tabicl_v2,GuardedGram-G2-g0p0-t01,G2,0.75,,0.75,-0.002777211422403051,967.399294306095,956.9510129580271,False,2.0,0.001287233820761536,2.5,W
Brazilian_houses,regression,tabicl_v2,PureGram,fixed,1.0,,1.0,-0.0018525621993796294,967.399294306095,960.4296804993199,False,1.0,0.0034551478996573378,5.5,W
Brazilian_houses,regression,tabicl_v2,Raw,fixed,0.0,,0.0,0.0,967.399294306095,967.399294306095,True,1.0,0.0,8.0,T
Brazilian_houses,regression,tabicl_v2,Raw+Gram@0.5,fixed,0.5,,0.5,-0.002774980914950029,967.399294306095,956.9594044579433,False,2.0,-2.2565352903350536e-05,4.0,W
Brazilian_houses,regression,tabicl_v2,Raw+Gram@0.75,fixed,0.75,,0.75,-0.002777211422403051,967.399294306095,956.9510129580271,False,2.0,0.001287233820761536,2.5,W
Brazilian_houses,regression,tabicl_v2,SafeGram-t01,safety_reference,0.25,,0.2500000000000001,-0.0018458949714833784,967.399294306095,960.4547635996953,False,2.0,-0.00045392139500128307,7.0,W
Brazilian_houses,regression,tabicl_v2,SafeRankGram-t01,safety_reference,1.0,,1.0,-0.004758211632225714,967.399294306095,949.4981963032191,False,1.0,-0.012267436145592866,1.0,W
Brazilian_houses,regression,tabm_d,BlockGuard-Greedy-t01,BlockGuard-Greedy,,1.0,1.0,-0.010874495813312254,2320.516449826237,2294.3194502751508,False,1.0,-0.02834553140710147,7.0,W
Brazilian_houses,regression,tabm_d,GuardedGram-G2-g0p0-t01,G2,0.75,,0.75,-0.05389226512159153,2320.516449826237,2226.989072250113,False,2.0,-0.052575481605116665,4.0,W
Brazilian_houses,regression,tabm_d,PureGram,fixed,1.0,,1.0,-0.019781783630894594,2320.516449826237,2272.861516135993,False,1.0,-0.02834553140710147,6.0,W
Brazilian_houses,regression,tabm_d,Raw,fixed,0.0,,0.0,0.0,2320.516449826237,2320.516449826237,True,1.0,0.0,8.0,T
Brazilian_houses,regression,tabm_d,Raw+Gram@0.5,fixed,0.5,,0.5,-0.0598075082446476,2320.516449826237,2215.7335151528505,False,2.0,-0.05069373889136735,2.0,W
Brazilian_houses,regression,tabm_d,Raw+Gram@0.75,fixed,0.75,,0.75,-0.05389226512159153,2320.516449826237,2226.989072250113,False,2.0,-0.052575481605116665,4.0,W
Brazilian_houses,regression,tabm_d,SafeGram-t01,safety_reference,0.75,,0.75,-0.05389226512159153,2320.516449826237,2226.989072250113,False,2.0,-0.052575481605116665,4.0,W
Brazilian_houses,regression,tabm_d,SafeRankGram-t01,safety_reference,1.0,,1.0,-0.08305546317766967,2320.516449826237,2052.9182772980216,False,1.0,-0.09154472977788194,1.0,W
Brazilian_houses,regression,tabpfn_2_6,BlockGuard-Greedy-t01,BlockGuard-Greedy,,1.0,1.0,-0.005308566448072117,746.8160385624719,743.6991930931237,False,1.0,0.0027083378780061603,2.5,W
Brazilian_houses,regression,tabpfn_2_6,GuardedGram-G2-g0p0-t01,G2,0.75,,0.75,0.002910751054383045,746.8160385624719,756.1258699252595,False,2.0,0.0002930435090813751,5.5,L
Brazilian_houses,regression,tabpfn_2_6,PureGram,fixed,1.0,,1.0,0.016711392890325007,746.8160385624719,757.3049053184997,False,1.0,0.0027083378780061603,7.0,L
Brazilian_houses,regression,tabpfn_2_6,Raw,fixed,0.0,,0.0,0.0,746.8160385624719,746.8160385624719,True,1.0,0.0,4.0,T
Brazilian_houses,regression,tabpfn_2_6,Raw+Gram@0.5,fixed,0.5,,0.5,0.006704002098673117,746.8160385624719,771.8688304765346,False,2.0,-0.000984491822541755,8.0,L
Brazilian_houses,regression,tabpfn_2_6,Raw+Gram@0.75,fixed,0.75,,0.75,0.011324605341254302,746.8160385624719,756.1258699252595,False,2.0,0.0002930435090813751,5.5,L
Brazilian_houses,regression,tabpfn_2_6,SafeGram-t01,safety_reference,0.5,,0.5,0.002910751054383045,746.8160385624719,743.6991930931237,False,2.0,-0.000984491822541755,2.5,W
Brazilian_houses,regression,tabpfn_2_6,SafeRankGram-t01,safety_reference,1.0,,1.0,-0.016334334000054025,746.8160385624719,695.7183869990724,False,1.0,-0.0025770592459653896,1.0,W
JapaneseVowels,classification,catboost,BlockGuard-Greedy-t01,BlockGuard-Greedy,,0.8571428571428571,0.6111362407407807,0.010572934827662554,0.39376163248045826,0.4122499447089702,False,1.0,0.007512332847462668,8.0,L
JapaneseVowels,classification,catboost,GuardedGram-G2-g0p0-t01,G2,0.75,,0.75,0.006922180742615488,0.39376163248045826,0.4062088369005763,False,2.0,0.0011017832397690324,4.5,L
JapaneseVowels,classification,catboost,PureGram,fixed,1.0,,1.0,0.010230448555605632,0.39376163248045826,0.4120869659956204,False,1.0,0.002678915905385392,7.0,L
JapaneseVowels,classification,catboost,Raw,fixed,0.0,,0.0,0.0,0.39376163248045826,0.39376163248045826,True,1.0,0.0,1.0,T
JapaneseVowels,classification,catboost,Raw+Gram@0.5,fixed,0.5,,0.5,0.004140114299432516,0.39376163248045826,0.40126566221568316,False,2.0,0.0001503647426039455,3.0,L
JapaneseVowels,classification,catboost,Raw+Gram@0.75,fixed,0.75,,0.75,0.006922180742615488,0.39376163248045826,0.4062088369005763,False,2.0,0.0011017832397690324,4.5,L
JapaneseVowels,classification,catboost,SafeGram-t01,safety_reference,1.0,,1.0,0.009472591414575316,0.39376163248045826,0.41059393036834824,False,1.0,0.002678915905385392,6.0,L
JapaneseVowels,classification,catboost,SafeRankGram-t01,safety_reference,0.5,,0.5,0.0006522339631458498,0.39376163248045826,0.3946183794671031,False,2.0,0.003477854492236379,2.0,L
JapaneseVowels,classification,controlled_mlp,BlockGuard-Greedy-t01,BlockGuard-Greedy,,0.2857142857142857,0.19243016209189623,-0.005537751399120281,0.3847952030028535,0.37490525549196585,False,1.0,-0.0030986276281344057,7.0,W
JapaneseVowels,classification,controlled_mlp,GuardedGram-G2-g0p0-t01,G2,0.75,,0.7500000014834822,-0.04181941870236531,0.3847952030028535,0.31094604414101745,False,2.0,-0.03831328374755928,2.5,W
JapaneseVowels,classification,controlled_mlp,PureGram,fixed,1.0,,1.0,-0.021377572062766137,0.3847952030028535,0.34661669870152967,False,1.0,-0.038590729225376916,6.0,W
JapaneseVowels,classification,controlled_mlp,Raw,fixed,0.0,,0.0,0.0,0.3847952030028535,0.3847952030028535,True,1.0,0.0,8.0,T
JapaneseVowels,classification,controlled_mlp,Raw+Gram@0.5,fixed,0.5,,0.5000000006209039,-0.03889926172986314,0.3847952030028535,0.3182762303456085,False,2.0,-0.0365163233365117,4.0,W
JapaneseVowels,classification,controlled_mlp,Raw+Gram@0.75,fixed,0.75,,0.7500000014834822,-0.04181941870236531,0.3847952030028535,0.31094604414101745,False,2.0,-0.03831328374755928,2.5,W
JapaneseVowels,classification,controlled_mlp,SafeGram-t01,safety_reference,1.0,,1.0,-0.028695957231652608,0.3847952030028535,0.3440386689409573,False,1.0,-0.038590729225376916,5.0,W
JapaneseVowels,classification,controlled_mlp,SafeRankGram-t01,safety_reference,1.0,,1.0,-0.05589525265662635,0.3847952030028535,0.29249666584725414,False,1.0,-0.037782853914641215,1.0,W
JapaneseVowels,classification,tabicl_v2,BlockGuard-Greedy-t01,BlockGuard-Greedy,,1.0,1.0,-0.0030291583963985074,0.12598476490481525,0.11979097083683221,False,1.0,-0.011622897840030316,6.0,W
JapaneseVowels,classification,tabicl_v2,GuardedGram-G2-g0p0-t01,G2,0.75,,0.7500000010568191,-0.004827545941199827,0.12598476490481525,0.11611376395317488,False,2.0,-0.013174927202194523,3.5,W
JapaneseVowels,classification,tabicl_v2,PureGram,fixed,1.0,,1.0,-0.0030291583963985074,0.12598476490481525,0.11979097083683221,False,1.0,-0.011622897840030316,6.0,W
JapaneseVowels,classification,tabicl_v2,Raw,fixed,0.0,,0.0,0.0,0.12598476490481525,0.12598476490481525,True,1.0,0.0,8.0,T
JapaneseVowels,classification,tabicl_v2,Raw+Gram@0.5,fixed,0.5,,0.5000000014090925,-0.005277927248788506,0.12598476490481525,0.1151928583067122,False,2.0,-0.01178087077121424,2.0,W
JapaneseVowels,classification,tabicl_v2,Raw+Gram@0.75,fixed,0.75,,0.7500000010568191,-0.004827545941199827,0.12598476490481525,0.11611376395317488,False,2.0,-0.013174927202194523,3.5,W
JapaneseVowels,classification,tabicl_v2,SafeGram-t01,safety_reference,1.0,,1.0,-0.0030291583963985074,0.12598476490481525,0.11979097083683221,False,1.0,-0.011622897840030316,6.0,W
JapaneseVowels,classification,tabicl_v2,SafeRankGram-t01,safety_reference,1.0,,1.0,-0.01329888722998737,0.12598476490481525,0.09879220576568111,False,1.0,-0.015193491325620274,1.0,W
JapaneseVowels,classification,tabm_d,BlockGuard-Greedy-t01,BlockGuard-Greedy,,0.14285714285714285,0.20403214322912577,0.0015653859480136637,0.17521591745263876,0.2005691211610459,False,1.0,0.002975699185114899,5.0,L
JapaneseVowels,classification,tabm_d,GuardedGram-G2-g0p0-t01,G2,0.75,,0.7500000017109534,-0.00504217085184972,0.17521591745263876,0.20322596901586815,False,2.0,-0.013876817284801043,6.5,L
JapaneseVowels,classification,tabm_d,PureGram,fixed,1.0,,1.0,-0.0030702659508227855,0.17521591745263876,0.21895456808754124,False,1.0,-0.016644689578685846,8.0,L
JapaneseVowels,classification,tabm_d,Raw,fixed,0.0,,0.0,0.0,0.17521591745263876,0.17521591745263876,True,1.0,0.0,2.0,T
JapaneseVowels,classification,tabm_d,Raw+Gram@0.5,fixed,0.5,,0.5000000019657809,-0.004761404672332766,0.17521591745263876,0.1907308538492969,False,2.0,-0.010045791176447987,3.5,L
JapaneseVowels,classification,tabm_d,Raw+Gram@0.75,fixed,0.75,,0.7500000017109534,-0.00504217085184972,0.17521591745263876,0.20322596901586815,False,2.0,-0.013876817284801043,6.5,L
JapaneseVowels,classification,tabm_d,SafeGram-t01,safety_reference,1.0,,1.0,-0.0030702659508227855,0.17521591745263876,0.1907308538492969,False,1.0,-0.016644689578685846,3.5,L
JapaneseVowels,classification,tabm_d,SafeRankGram-t01,safety_reference,1.0,,1.0,-0.012186464971183931,0.17521591745263876,0.15862821880352715,False,1.0,-0.0063932671941039215,1.0,W
JapaneseVowels,classification,tabpfn_2_6,BlockGuard-Greedy-t01,BlockGuard-Greedy,,1.0,1.0,-0.001123221409747373,0.10969185778182322,0.11992281376032618,False,1.0,-0.0016852371858441513,7.5,L
JapaneseVowels,classification,tabpfn_2_6,GuardedGram-G2-g0p0-t01,G2,0.75,,0.7499999992278088,-0.004367418600330493,0.10969185778182322,0.11327712304133129,False,2.0,-0.003133892863611565,5.5,L
JapaneseVowels,classification,tabpfn_2_6,PureGram,fixed,1.0,,1.0,-0.001123221409747373,0.10969185778182322,0.11992281376032618,False,1.0,-0.0016852371858441513,7.5,L
JapaneseVowels,classification,tabpfn_2_6,Raw,fixed,0.0,,0.0,0.0,0.10969185778182322,0.10969185778182322,True,1.0,0.0,2.0,T
JapaneseVowels,classification,tabpfn_2_6,Raw+Gram@0.5,fixed,0.5,,0.4999999989704119,-0.004312389684714078,0.10969185778182322,0.11119234474066918,False,2.0,-0.0034777274089949476,3.0,L
JapaneseVowels,classification,tabpfn_2_6,Raw+Gram@0.75,fixed,0.75,,0.7499999992278088,-0.004367418600330493,0.10969185778182322,0.11327712304133129,False,2.0,-0.003133892863611565,5.5,L
JapaneseVowels,classification,tabpfn_2_6,SafeGram-t01,safety_reference,1.0,,1.0,-0.001123221409747373,0.10969185778182322,0.11236707297263074,False,1.0,-0.0016852371858441513,4.0,L
JapaneseVowels,classification,tabpfn_2_6,SafeRankGram-t01,safety_reference,1.0,,1.0,-0.002434403087836659,0.10969185778182322,0.10477328967411301,False,1.0,-0.0008219089046716887,1.0,W
OnlineNewsPopularity,regression,catboost,BlockGuard-Greedy-t01,BlockGuard-Greedy,,0.14634146341463414,-0.04694103923817594,0.0,5254.3235099848525,5254.073517473051,True,1.0,-2.046458963650226,6.0,W
OnlineNewsPopularity,regression,catboost,GuardedGram-G2-g0p0-t01,G2,0.75,,0.75,0.24694695217184615,5254.3235099848525,5250.599878357612,False,2.0,-2.2286602920259284,1.5,W
OnlineNewsPopularity,regression,catboost,PureGram,fixed,1.0,,1.0,0.4526652264905023,5254.3235099848525,5253.853217365155,False,1.0,-2.867563454909975,5.0,W
OnlineNewsPopularity,regression,catboost,Raw,fixed,0.0,,0.0,0.0,5254.3235099848525,5254.3235099848525,True,1.0,0.0,7.5,T
OnlineNewsPopularity,regression,catboost,Raw+Gram@0.5,fixed,0.5,,0.5,0.10289850224813621,5254.3235099848525,5250.8499943000015,False,2.0,-1.537700113920498,3.5,W
OnlineNewsPopularity,regression,catboost,Raw+Gram@0.75,fixed,0.75,,0.75,0.24694695217184615,5254.3235099848525,5250.599878357612,False,2.0,-2.2286602920259284,1.5,W
OnlineNewsPopularity,regression,catboost,SafeGram-t01,safety_reference,0.0,,0.0,0.0,5254.3235099848525,5250.8499943000015,True,1.0,0.0,3.5,W
OnlineNewsPopularity,regression,catboost,SafeRankGram-t01,safety_reference,0.0,,0.0,0.0,5254.3235099848525,5254.3235099848525,True,1.0,0.0,7.5,T
OnlineNewsPopularity,regression,controlled_mlp,BlockGuard-Greedy-t01,BlockGuard-Greedy,,0.7560975609756098,0.7201151281641343,2.163545391795535,5161.020707519959,5396.224620335829,False,1.0,-0.6430190317515488,8.0,L
OnlineNewsPopularity,regression,controlled_mlp,GuardedGram-G2-g0p0-t01,G2,0.25,,0.25,0.0,5161.020707519959,5177.10244286607,True,2.0,0.0,4.0,L
OnlineNewsPopularity,regression,controlled_mlp,PureGram,fixed,1.0,,1.0,1.9249534671442337,5161.020707519959,5325.190997828433,False,1.0,1.7548621266809548,7.0,L
OnlineNewsPopularity,regression,controlled_mlp,Raw,fixed,0.0,,0.0,0.0,5161.020707519959,5161.020707519959,True,1.0,0.0,2.0,T
OnlineNewsPopularity,regression,controlled_mlp,Raw+Gram@0.5,fixed,0.5,,0.5,0.47346616161660604,5161.020707519959,5205.256735494668,False,2.0,0.29563388684136344,5.0,L
OnlineNewsPopularity,regression,controlled_mlp,Raw+Gram@0.75,fixed,0.75,,0.75,0.8472679319938436,5161.020707519959,5247.49388755485,False,2.0,0.6547056414598419,6.0,L
OnlineNewsPopularity,regression,controlled_mlp,SafeGram-t01,safety_reference,0.0,,0.0,0.0,5161.020707519959,5161.020707519959,True,1.0,0.0,2.0,T
OnlineNewsPopularity,regression,controlled_mlp,SafeRankGram-t01,safety_reference,0.0,,0.0,0.0,5161.020707519959,5161.020707519959,True,1.0,0.0,2.0,T
OnlineNewsPopularity,regression,tabicl_v2,BlockGuard-Greedy-t01,BlockGuard-Greedy,,0.2682926829268293,0.26807913924416815,-0.1455871562876209,5203.2604179528935,5194.308090018732,False,1.0,-0.16097295976049067,1.0,W
OnlineNewsPopularity,regression,tabicl_v2,GuardedGram-G2-g0p0-t01,G2,0.0,,0.0,0.0,5203.2604179528935,5203.2604179528935,True,1.0,0.0,3.5,T
OnlineNewsPopularity,regression,tabicl_v2,PureGram,fixed,1.0,,1.0,4.503634112751238,5203.2604179528935,5480.1942526461935,False,1.0,2.3199780553649374,8.0,L
OnlineNewsPopularity,regression,tabicl_v2,Raw,fixed,0.0,,0.0,0.0,5203.2604179528935,5203.2604179528935,True,1.0,0.0,3.5,T
OnlineNewsPopularity,regression,tabicl_v2,Raw+Gram@0.5,fixed,0.5,,0.5,1.0075553425851396,5203.2604179528935,5265.216198041203,False,2.0,0.7363260189205453,6.0,L
OnlineNewsPopularity,regression,tabicl_v2,Raw+Gram@0.75,fixed,0.75,,0.75,2.4582635911653785,5203.2604179528935,5354.421979026617,False,2.0,1.4250622430784512,7.0,L
OnlineNewsPopularity,regression,tabicl_v2,SafeGram-t01,safety_reference,0.0,,0.0,0.0,5203.2604179528935,5203.2604179528935,True,1.0,0.0,3.5,T
OnlineNewsPopularity,regression,tabicl_v2,SafeRankGram-t01,safety_reference,0.0,,0.0,0.0,5203.2604179528935,5203.2604179528935,True,1.0,0.0,3.5,T
OnlineNewsPopularity,regression,tabm_d,BlockGuard-Greedy-t01,BlockGuard-Greedy,,1.0,1.0,-0.2135629011982079,5184.110186614425,5165.661583209531,False,1.0,-0.5799851508905435,1.5,W
OnlineNewsPopularity,regression,tabm_d,GuardedGram-G2-g0p0-t01,G2,0.75,,0.75,-0.21518788002841344,5184.110186614425,5167.210771903969,False,2.0,-0.49255709230544564,3.5,W
OnlineNewsPopularity,regression,tabm_d,PureGram,fixed,1.0,,1.0,-0.2135629011982079,5184.110186614425,5165.661583209531,False,1.0,-0.5799851508905435,1.5,W
OnlineNewsPopularity,regression,tabm_d,Raw,fixed,0.0,,0.0,0.0,5184.110186614425,5184.110186614425,True,1.0,0.0,7.0,T
OnlineNewsPopularity,regression,tabm_d,Raw+Gram@0.5,fixed,0.5,,0.5,-0.1857105817142179,5184.110186614425,5171.079323355288,False,2.0,-0.3558368644001573,5.0,W
OnlineNewsPopularity,regression,tabm_d,Raw+Gram@0.75,fixed,0.75,,0.75,-0.21518788002841344,5184.110186614425,5167.210771903969,False,2.0,-0.49255709230544564,3.5,W
OnlineNewsPopularity,regression,tabm_d,SafeGram-t01,safety_reference,0.0,,0.0,0.0,5184.110186614425,5184.110186614425,True,1.0,0.0,7.0,T
OnlineNewsPopularity,regression,tabm_d,SafeRankGram-t01,safety_reference,0.0,,0.0,0.0,5184.110186614425,5184.110186614425,True,1.0,0.0,7.0,T
OnlineNewsPopularity,regression,tabpfn_2_6,BlockGuard-Greedy-t01,BlockGuard-Greedy,,0.14634146341463414,0.07109810738883404,0.0,5141.93625595835,5149.754010125754,True,1.0,-0.01292457992476857,8.0,L
OnlineNewsPopularity,regression,tabpfn_2_6,GuardedGram-G2-g0p0-t01,G2,0.75,,0.75,-0.11553787390997972,5141.93625595835,5127.746430951989,True,2.0,-0.15075675366493377,2.0,W
OnlineNewsPopularity,regression,tabpfn_2_6,PureGram,fixed,1.0,,1.0,-0.13144639669262376,5141.93625595835,5125.792620078065,False,1.0,-0.17068652051140487,1.0,W
OnlineNewsPopularity,regression,tabpfn_2_6,Raw,fixed,0.0,,0.0,0.0,5141.93625595835,5141.93625595835,True,1.0,0.0,6.5,T
OnlineNewsPopularity,regression,tabpfn_2_6,Raw+Gram@0.5,fixed,0.5,,0.5,-0.08831104943960325,5141.93625595835,5138.936541571751,False,2.0,-0.1156497773056034,5.0,W
OnlineNewsPopularity,regression,tabpfn_2_6,Raw+Gram@0.75,fixed,0.75,,0.75,-0.11553787390997972,5141.93625595835,5131.765746461739,False,2.0,-0.15075675366493377,3.0,W
OnlineNewsPopularity,regression,tabpfn_2_6,SafeGram-t01,safety_reference,0.25,,0.2499999999999999,-0.049788030909216165,5141.93625595835,5135.821521264828,True,2.0,-0.06538722546015223,4.0,W
OnlineNewsPopularity,regression,tabpfn_2_6,SafeRankGram-t01,safety_reference,0.0,,0.0,0.0,5141.93625595835,5141.93625595835,True,1.0,0.0,6.5,T
SoilKsatDB,regression,catboost,BlockGuard-Greedy-t01,BlockGuard-Greedy,,0.0,0.0,0.0,971.4364931778739,971.4364931778739,True,1.0,0.0,7.0,T
SoilKsatDB,regression,catboost,GuardedGram-G2-g0p0-t01,G2,0.75,,0.75,-0.04212409803095092,971.4364931778739,963.9668386722641,False,2.0,-0.31861230180587263,3.5,W
SoilKsatDB,regression,catboost,PureGram,fixed,1.0,,1.0,-0.04395606139416534,971.4364931778739,963.6419858201011,False,1.0,-0.4025832790179073,1.5,W
SoilKsatDB,regression,catboost,Raw,fixed,0.0,,0.0,0.0,971.4364931778739,971.4364931778739,True,1.0,0.0,7.0,T
SoilKsatDB,regression,catboost,Raw+Gram@0.5,fixed,0.5,,0.5,-0.03416621119924095,971.4364931778739,965.9381023686057,False,2.0,-0.22318462654113486,5.0,W
SoilKsatDB,regression,catboost,Raw+Gram@0.75,fixed,0.75,,0.75,-0.04212409803095092,971.4364931778739,963.9668386722641,False,2.0,-0.31861230180587263,3.5,W
SoilKsatDB,regression,catboost,SafeGram-t01,safety_reference,1.0,,1.0,-0.04395606139416534,971.4364931778739,963.6419858201011,False,1.0,-0.4025832790179073,1.5,W
SoilKsatDB,regression,catboost,SafeRankGram-t01,safety_reference,0.0,,0.0,0.0,971.4364931778739,971.4364931778739,True,1.0,0.0,7.0,T
SoilKsatDB,regression,controlled_mlp,BlockGuard-Greedy-t01,BlockGuard-Greedy,,1.0,1.0,-0.19410453840635716,992.1004824370059,961.6918746877571,False,1.0,-0.10061474522256383,3.5,W
SoilKsatDB,regression,controlled_mlp,GuardedGram-G2-g0p0-t01,G2,0.75,,0.75,-0.1950293718730533,992.1004824370059,961.5469893679546,False,2.0,-0.12512526728726578,1.5,W
SoilKsatDB,regression,controlled_mlp,PureGram,fixed,1.0,,1.0,-0.19410453840635716,992.1004824370059,961.6918746877571,False,1.0,-0.10061474522256383,3.5,W
SoilKsatDB,regression,controlled_mlp,Raw,fixed,0.0,,0.0,0.0,992.1004824370059,992.1004824370059,True,1.0,0.0,7.5,T
SoilKsatDB,regression,controlled_mlp,Raw+Gram@0.5,fixed,0.5,,0.5,-0.16255640311226643,992.1004824370059,966.634236567879,False,2.0,-0.11637276191931685,5.0,W
SoilKsatDB,regression,controlled_mlp,Raw+Gram@0.75,fixed,0.75,,0.75,-0.1950293718730533,992.1004824370059,961.5469893679546,False,2.0,-0.12512526728726578,1.5,W
SoilKsatDB,regression,controlled_mlp,SafeGram-t01,safety_reference,0.5,,0.5,-0.11917602078869922,992.1004824370059,969.8447904521875,False,2.0,-0.10937467437791969,6.0,W
SoilKsatDB,regression,controlled_mlp,SafeRankGram-t01,safety_reference,0.0,,0.0,0.0,992.1004824370059,992.1004824370059,True,1.0,0.0,7.5,T
SoilKsatDB,regression,tabicl_v2,BlockGuard-Greedy-t01,BlockGuard-Greedy,,1.0,1.0,-0.6131682455674097,1029.1520642300172,955.8113776720332,False,1.0,-0.511314369339591,2.0,W
SoilKsatDB,regression,tabicl_v2,GuardedGram-G2-g0p0-t01,G2,0.75,,0.75,-0.5167259057878572,1029.1520642300172,967.346788163073,False,2.0,-0.4204130001785387,4.5,W
SoilKsatDB,regression,tabicl_v2,PureGram,fixed,1.0,,1.0,-0.6131682455674097,1029.1520642300172,955.8113776720332,False,1.0,-0.511314369339591,2.0,W
SoilKsatDB,regression,tabicl_v2,Raw,fixed,0.0,,0.0,0.0,1029.1520642300172,1029.1520642300172,True,1.0,0.0,8.0,T
SoilKsatDB,regression,tabicl_v2,Raw+Gram@0.5,fixed,0.5,,0.5,-0.3810579732015344,1029.1520642300172,983.5739483131812,False,2.0,-0.30425243970163746,6.0,W
SoilKsatDB,regression,tabicl_v2,Raw+Gram@0.75,fixed,0.75,,0.75,-0.5167259057878572,1029.1520642300172,967.346788163073,False,2.0,-0.4204130001785387,4.5,W
SoilKsatDB,regression,tabicl_v2,SafeGram-t01,safety_reference,1.0,,1.0,-0.6131682455674097,1029.1520642300172,955.8113776720332,False,1.0,-0.511314369339591,2.0,W
SoilKsatDB,regression,tabicl_v2,SafeRankGram-t01,safety_reference,0.75,,0.75,-0.08791285359393071,1029.1520642300172,1018.6368604723863,False,2.0,-0.07408246926763774,7.0,W
SoilKsatDB,regression,tabm_d,BlockGuard-Greedy-t01,BlockGuard-Greedy,,0.0,0.0,0.0,935.8067343602561,935.8067343602561,True,1.0,0.0,5.5,T
SoilKsatDB,regression,tabm_d,GuardedGram-G2-g0p0-t01,G2,0.5,,0.5,-0.018474017819993364,935.8067343602561,929.3270526803739,False,2.0,0.008328949031984422,1.5,W
SoilKsatDB,regression,tabm_d,PureGram,fixed,1.0,,1.0,0.05345435699951871,935.8067343602561,943.6475165627393,False,1.0,0.10590775640586343,8.0,L
SoilKsatDB,regression,tabm_d,Raw,fixed,0.0,,0.0,0.0,935.8067343602561,935.8067343602561,True,1.0,0.0,5.5,T
SoilKsatDB,regression,tabm_d,Raw+Gram@0.5,fixed,0.5,,0.5,-0.01562352593196631,935.8067343602561,929.3270526803739,False,2.0,0.0095179136884564,1.5,W
SoilKsatDB,regression,tabm_d,Raw+Gram@0.75,fixed,0.75,,0.75,0.008510300188470878,935.8067343602561,934.382218939411,False,2.0,0.04704170105545538,3.0,W
SoilKsatDB,regression,tabm_d,SafeGram-t01,safety_reference,0.0,,0.0,0.0,935.8067343602561,935.8067343602561,True,1.0,0.0,5.5,T
SoilKsatDB,regression,tabm_d,SafeRankGram-t01,safety_reference,0.0,,0.0,0.0,935.8067343602561,935.8067343602561,True,1.0,0.0,5.5,T
SoilKsatDB,regression,tabpfn_2_6,BlockGuard-Greedy-t01,BlockGuard-Greedy,,0.13333333333333333,0.05232702548874524,-0.12180023587596332,992.364132509308,944.5787476352873,True,1.0,-0.01872771688842841,1.0,W
SoilKsatDB,regression,tabpfn_2_6,GuardedGram-G2-g0p0-t01,G2,0.75,,0.75,-0.31339972123034204,992.364132509308,954.9396502817751,False,2.0,-0.3050329287583241,4.5,W
SoilKsatDB,regression,tabpfn_2_6,PureGram,fixed,1.0,,1.0,-0.305538362106347,992.364132509308,945.9707822803465,False,1.0,-0.38926467419825295,2.0,W
SoilKsatDB,regression,tabpfn_2_6,Raw,fixed,0.0,,0.0,0.0,992.364132509308,992.364132509308,True,1.0,0.0,8.0,T
SoilKsatDB,regression,tabpfn_2_6,Raw+Gram@0.5,fixed,0.5,,0.5,-0.2195978291117685,992.364132509308,950.6862333110757,False,2.0,-0.21186400188831336,3.0,W
SoilKsatDB,regression,tabpfn_2_6,Raw+Gram@0.75,fixed,0.75,,0.75,-0.31339972123034204,992.364132509308,954.9396502817751,False,2.0,-0.3050329287583241,4.5,W
SoilKsatDB,regression,tabpfn_2_6,SafeGram-t01,safety_reference,1.0,,1.0,-0.11496723397512693,992.364132509308,965.3131586117887,False,1.0,-0.13052259895794727,6.0,W
SoilKsatDB,regression,tabpfn_2_6,SafeRankGram-t01,safety_reference,0.5,,0.5,0.0,992.364132509308,975.5612477798891,True,1.0,-0.029448931222545948,7.0,W
ada_prior,classification,catboost,BlockGuard-Greedy-t01,BlockGuard-Greedy,,0.5,0.09783626786001753,0.0033115230137209274,0.37837531265449087,0.38316689731122733,False,1.0,-0.0018198626439644822,8.0,L
ada_prior,classification,catboost,GuardedGram-G2-g0p0-t01,G2,0.5,,0.5,-0.007114765212528879,0.37837531265449087,0.37908686093251154,False,2.0,0.00617367965098514,4.5,L
ada_prior,classification,catboost,PureGram,fixed,1.0,,1.0,0.001127549486268529,0.37837531265449087,0.38257053065890745,False,1.0,0.03585676374307251,7.0,L
ada_prior,classification,catboost,Raw,fixed,0.0,,0.0,0.0,0.37837531265449087,0.37837531265449087,True,1.0,0.0,2.0,T
ada_prior,classification,catboost,Raw+Gram@0.5,fixed,0.5,,0.5,-0.009912546635773954,0.37837531265449087,0.37908686093251154,False,2.0,0.006427758194492574,4.5,L
ada_prior,classification,catboost,Raw+Gram@0.75,fixed,0.75,,0.75,-0.007114765212528879,0.37837531265449087,0.3812740401035301,False,2.0,0.017661391184255838,6.0,L
ada_prior,classification,catboost,SafeGram-t01,safety_reference,0.0,,0.0,0.0,0.37837531265449087,0.37837531265449087,True,1.0,0.0,2.0,T
ada_prior,classification,catboost,SafeRankGram-t01,safety_reference,0.0,,0.0,0.0,0.37837531265449087,0.37837531265449087,True,1.0,0.0,2.0,T
ada_prior,classification,controlled_mlp,BlockGuard-Greedy-t01,BlockGuard-Greedy,,0.8333333333333334,0.36614723652901515,0.21519185908467675,0.368187986382829,0.40854300532127336,False,1.0,-0.04335368589688698,8.0,L
ada_prior,classification,controlled_mlp,GuardedGram-G2-g0p0-t01,G2,0.5,,0.5000000003202179,0.01879239480127619,0.368187986382829,0.36943933069634016,False,2.0,-0.0049076721413152755,4.5,L
ada_prior,classification,controlled_mlp,PureGram,fixed,1.0,,1.0,0.12202912168083035,0.368187986382829,0.39161650887320953,False,1.0,0.10100128655706929,7.0,L
ada_prior,classification,controlled_mlp,Raw,fixed,0.0,,0.0,0.0,0.368187986382829,0.368187986382829,True,1.0,0.0,2.5,T
ada_prior,classification,controlled_mlp,Raw+Gram@0.5,fixed,0.5,,0.5000000003202179,0.01879239480127619,0.368187986382829,0.36943933069634016,False,2.0,-0.0049076721413152755,4.5,L
ada_prior,classification,controlled_mlp,Raw+Gram@0.75,fixed,0.75,,0.7500000002401622,0.056246661401136586,0.368187986382829,0.3767201781927949,False,2.0,0.023840893253765132,6.0,L
ada_prior,classification,controlled_mlp,SafeGram-t01,safety_reference,0.0,,0.0,0.0,0.368187986382829,0.368187986382829,True,1.0,0.0,2.5,T
ada_prior,classification,controlled_mlp,SafeRankGram-t01,safety_reference,0.25,,0.250000003709973,-0.030327220535160532,0.368187986382829,0.36606094930081423,True,2.0,-0.03142829056711212,1.0,W
ada_prior,classification,tabicl_v2,BlockGuard-Greedy-t01,BlockGuard-Greedy,,1.0,1.0,0.030907467760013768,0.3601205540958673,0.3663038610857165,False,1.0,0.008292120154541538,6.5,L
ada_prior,classification,tabicl_v2,GuardedGram-G2-g0p0-t01,G2,0.75,,0.7500000013847302,0.017433905526288655,0.3601205540958673,0.3636083581029149,False,2.0,0.00013441563630145817,4.5,L
ada_prior,classification,tabicl_v2,PureGram,fixed,1.0,,1.0,0.030907467760013768,0.3601205540958673,0.3663038610857165,False,1.0,0.008292120154541538,6.5,L
ada_prior,classification,tabicl_v2,Raw,fixed,0.0,,0.0,0.0,0.3601205540958673,0.3601205540958673,True,1.0,0.0,1.0,T
ada_prior,classification,tabicl_v2,Raw+Gram@0.5,fixed,0.5,,0.5000000018463071,0.007923213760867824,0.3601205540958673,0.36170566172778484,False,2.0,-0.004245535491115119,3.0,L
ada_prior,classification,tabicl_v2,Raw+Gram@0.75,fixed,0.75,,0.7500000013847302,0.017433905526288655,0.3601205540958673,0.3636083581029149,False,2.0,0.00013441563630145817,4.5,L
ada_prior,classification,tabicl_v2,SafeGram-t01,safety_reference,0.25,,0.25000000138473044,0.0021356601896969528,0.3601205540958673,0.36054781143967274,False,2.0,-0.004605854894826287,2.0,L
ada_prior,classification,tabicl_v2,SafeRankGram-t01,safety_reference,0.75,,0.7500000014365054,0.05827382925509988,0.3601205540958673,0.3717787390547951,False,2.0,-0.023840846471545437,8.0,L
ada_prior,classification,tabm_d,BlockGuard-Greedy-t01,BlockGuard-Greedy,,0.16666666666666666,0.0580954078194561,-0.018327184388466776,0.36488446198363894,0.3614500973830729,False,1.0,-0.016489982496622976,1.0,W
ada_prior,classification,tabm_d,GuardedGram-G2-g0p0-t01,G2,0.0,,0.0,0.0,0.36488446198363894,0.36739543868060703,True,1.0,0.0,6.0,L
ada_prior,classification,tabm_d,PureGram,fixed,1.0,,1.0,0.11890323442152385,0.36488446198363894,0.3880999026473603,False,1.0,0.08312628190372583,8.0,L
ada_prior,classification,tabm_d,Raw,fixed,0.0,,0.0,0.0,0.36488446198363894,0.36488446198363894,True,1.0,0.0,3.0,T
ada_prior,classification,tabm_d,Raw+Gram@0.5,fixed,0.5,,0.500000000710191,0.02064965435289895,0.36488446198363894,0.3664876045980968,False,2.0,0.02826080899811324,5.0,L
ada_prior,classification,tabm_d,Raw+Gram@0.75,fixed,0.75,,0.7500000005326429,0.05434227620124382,0.36488446198363894,0.375497224057041,False,2.0,0.050929650816049624,7.0,L
ada_prior,classification,tabm_d,SafeGram-t01,safety_reference,0.0,,0.0,0.0,0.36488446198363894,0.36488446198363894,True,1.0,0.0,3.0,T
ada_prior,classification,tabm_d,SafeRankGram-t01,safety_reference,0.0,,0.0,0.0,0.36488446198363894,0.36488446198363894,True,1.0,0.0,3.0,T
ada_prior,classification,tabpfn_2_6,BlockGuard-Greedy-t01,BlockGuard-Greedy,,0.5,0.4283096162983864,-0.0015427271596456782,0.36818946348682297,0.36461223263241604,False,1.0,0.005177791702183587,1.0,W
ada_prior,classification,tabpfn_2_6,GuardedGram-G2-g0p0-t01,G2,0.25,,0.25000000035188297,-0.004738017977792122,0.36818946348682297,0.3664075284629601,False,2.0,0.004941576893711592,2.0,W
ada_prior,classification,tabpfn_2_6,PureGram,fixed,1.0,,1.0,0.020584912178280453,0.36818946348682297,0.37210684944735484,False,1.0,0.04575440216694604,8.0,L
ada_prior,classification,tabpfn_2_6,Raw,fixed,0.0,,0.0,0.0,0.36818946348682297,0.36818946348682297,True,1.0,0.0,5.0,T
ada_prior,classification,tabpfn_2_6,Raw+Gram@0.5,fixed,0.5,,0.5000000002079885,-0.0037066820830879816,0.36818946348682297,0.3665463563047984,False,2.0,0.013821933747149746,3.0,W
ada_prior,classification,tabpfn_2_6,Raw+Gram@0.75,fixed,0.75,,0.7500000001559913,0.002371039178629104,0.36818946348682297,0.368414292404972,False,2.0,0.029379940573672925,7.0,L
ada_prior,classification,tabpfn_2_6,SafeGram-t01,safety_reference,0.0,,0.0,0.0,0.36818946348682297,0.36818946348682297,True,1.0,0.0,5.0,T
ada_prior,classification,tabpfn_2_6,SafeRankGram-t01,safety_reference,0.0,,0.0,0.0,0.36818946348682297,0.36818946348682297,True,1.0,0.0,5.0,T
bank32nh,regression,catboost,BlockGuard-Greedy-t01,BlockGuard-Greedy,,0.0,0.0,0.0,0.08620900608671403,0.08620900608671403,True,1.0,0.0,2.5,T
bank32nh,regression,catboost,GuardedGram-G2-g0p0-t01,G2,0.75,,0.75,0.019980006517281133,0.08620900608671403,0.08697987157652069,False,2.0,-0.013645373840911763,6.5,L
bank32nh,regression,catboost,PureGram,fixed,1.0,,1.0,0.03692166108986932,0.08620900608671403,0.08759491971543591,False,1.0,-0.007221018922401755,8.0,L
bank32nh,regression,catboost,Raw,fixed,0.0,,0.0,0.0,0.08620900608671403,0.08620900608671403,True,1.0,0.0,2.5,T
bank32nh,regression,catboost,Raw+Gram@0.5,fixed,0.5,,0.5,0.008135630530520013,0.08620900608671403,0.08658507540629692,False,2.0,-0.01458133714419265,5.0,L
bank32nh,regression,catboost,Raw+Gram@0.75,fixed,0.75,,0.75,0.019980006517281133,0.08620900608671403,0.08697987157652069,False,2.0,-0.013645373840911763,6.5,L
bank32nh,regression,catboost,SafeGram-t01,safety_reference,0.25,,0.2500000000000002,0.0014616836709352937,0.08620900608671403,0.08641355004217764,False,2.0,-0.010022491709582708,4.0,L
bank32nh,regression,catboost,SafeRankGram-t01,safety_reference,0.0,,0.0,0.0,0.08620900608671403,0.0861850125124324,True,1.0,0.0,1.0,W
bank32nh,regression,controlled_mlp,BlockGuard-Greedy-t01,BlockGuard-Greedy,,0.14285714285714285,0.0,0.17664483586549673,0.09324984849553618,0.09956246014006045,True,1.0,-0.041774312552279216,8.0,L
bank32nh,regression,controlled_mlp,GuardedGram-G2-g0p0-t01,G2,0.5,,0.5,-0.06810856877672207,0.09324984849553618,0.09139989900276221,False,2.0,-0.028175608032686705,1.5,W
bank32nh,regression,controlled_mlp,PureGram,fixed,1.0,,1.0,0.0683528180079029,0.09324984849553618,0.09564784425198937,False,1.0,0.14493955437005324,7.0,L
bank32nh,regression,controlled_mlp,Raw,fixed,0.0,,0.0,0.0,0.09324984849553618,0.09324984849553618,True,1.0,0.0,6.0,T
bank32nh,regression,controlled_mlp,Raw+Gram@0.5,fixed,0.5,,0.5,-0.06810856877672207,0.09324984849553618,0.09139989900276221,False,2.0,-0.041106396616078456,1.5,W
bank32nh,regression,controlled_mlp,Raw+Gram@0.75,fixed,0.75,,0.75,-0.023721141656032597,0.09324984849553618,0.09278580529370373,False,2.0,0.0247044961093978,3.0,W
bank32nh,regression,controlled_mlp,SafeGram-t01,safety_reference,0.25,,0.25,-0.058590758076234165,0.09324984849553618,0.09300208373563969,True,2.0,-0.04615155465243429,4.0,W
bank32nh,regression,controlled_mlp,SafeRankGram-t01,safety_reference,0.25,,0.25,-0.056095118717688255,0.09324984849553618,0.09304822970208498,True,2.0,-0.04239268331640795,5.0,W
bank32nh,regression,tabicl_v2,BlockGuard-Greedy-t01,BlockGuard-Greedy,,1.0,1.0,0.035380860232390565,0.08440214470960954,0.08567619097912857,False,1.0,-0.08247465653122552,7.0,L
bank32nh,regression,tabicl_v2,GuardedGram-G2-g0p0-t01,G2,0.75,,0.75,0.014437184894646477,0.08440214470960954,0.08492202018568804,False,2.0,-0.07587586153662736,3.5,L
bank32nh,regression,tabicl_v2,PureGram,fixed,1.0,,1.0,0.035380860232390565,0.08440214470960954,0.08567619097912857,False,1.0,-0.08247465653122552,7.0,L
bank32nh,regression,tabicl_v2,Raw,fixed,0.0,,0.0,0.0,0.08440214470960954,0.08440214470960954,True,1.0,0.0,1.0,T
bank32nh,regression,tabicl_v2,Raw+Gram@0.5,fixed,0.5,,0.5,0.0014844455296221899,0.08440214470960954,0.08445559881662947,False,2.0,-0.0598180644741089,2.0,L
bank32nh,regression,tabicl_v2,Raw+Gram@0.75,fixed,0.75,,0.75,0.014437184894646477,0.08440214470960954,0.08492202018568804,False,2.0,-0.07587586153662736,3.5,L
bank32nh,regression,tabicl_v2,SafeGram-t01,safety_reference,1.0,,1.0,0.035380860232390565,0.08440214470960954,0.08567619097912857,False,1.0,-0.08247465653122552,7.0,L
bank32nh,regression,tabicl_v2,SafeRankGram-t01,safety_reference,0.75,,0.75,0.015869631702983136,0.08440214470960954,0.0849736018459546,False,2.0,-0.04085234678457815,5.0,L
bank32nh,regression,tabm_d,BlockGuard-Greedy-t01,BlockGuard-Greedy,,0.8928571428571429,0.7236900835638822,0.04077341205617913,0.08905161140802499,0.09015591917481974,False,1.0,-0.003989937422862556,7.0,L
bank32nh,regression,tabm_d,GuardedGram-G2-g0p0-t01,G2,0.5,,0.5,0.0036049503554717245,0.08905161140802499,0.08916466268797718,False,2.0,-0.000986755169621714,4.5,L
bank32nh,regression,tabm_d,PureGram,fixed,1.0,,1.0,0.05547135838666545,0.08905161140802499,0.0906461075120319,False,1.0,0.05534816759953842,8.0,L
bank32nh,regression,tabm_d,Raw,fixed,0.0,,0.0,0.0,0.08905161140802499,0.08905161140802499,True,1.0,0.0,2.5,T
bank32nh,regression,tabm_d,Raw+Gram@0.5,fixed,0.5,,0.5,0.0036049503554717245,0.08905161140802499,0.08916466268797718,False,2.0,-0.000986755169621714,4.5,L
bank32nh,regression,tabm_d,Raw+Gram@0.75,fixed,0.75,,0.75,0.02372338587168083,0.08905161140802499,0.0897371044777794,False,2.0,0.02013088391695799,6.0,L
bank32nh,regression,tabm_d,SafeGram-t01,safety_reference,0.0,,0.0,0.0,0.08905161140802499,0.08905161140802499,True,1.0,0.0,2.5,T
bank32nh,regression,tabm_d,SafeRankGram-t01,safety_reference,0.0,,0.0,0.0,0.08905161140802499,0.08875021162751809,True,1.0,0.0,1.0,W
bank32nh,regression,tabpfn_2_6,BlockGuard-Greedy-t01,BlockGuard-Greedy,,1.0,1.0,-0.02418278356138965,0.08087430366632119,0.07992775615299587,False,1.0,-0.07725554757420024,2.0,W
bank32nh,regression,tabpfn_2_6,GuardedGram-G2-g0p0-t01,G2,0.75,,0.75,-0.026625808734741734,0.08087430366632119,0.07998793280210179,False,2.0,-0.07190090871968469,4.5,W
bank32nh,regression,tabpfn_2_6,PureGram,fixed,1.0,,1.0,-0.02418278356138965,0.08087430366632119,0.07992775615299587,False,1.0,-0.07725554757420024,2.0,W
bank32nh,regression,tabpfn_2_6,Raw,fixed,0.0,,0.0,0.0,0.08087430366632119,0.08087430366632119,True,1.0,0.0,8.0,T
bank32nh,regression,tabpfn_2_6,Raw+Gram@0.5,fixed,0.5,,0.5,-0.023383766233194412,0.08087430366632119,0.08029588475130515,False,2.0,-0.05635580566559011,6.0,W
bank32nh,regression,tabpfn_2_6,Raw+Gram@0.75,fixed,0.75,,0.75,-0.026625808734741734,0.08087430366632119,0.07998793280210179,False,2.0,-0.07190090871968469,4.5,W
bank32nh,regression,tabpfn_2_6,SafeGram-t01,safety_reference,1.0,,1.0,-0.02418278356138965,0.08087430366632119,0.07992775615299587,False,1.0,-0.07725554757420024,2.0,W
bank32nh,regression,tabpfn_2_6,SafeRankGram-t01,safety_reference,0.25,,0.25,-0.007356587180029982,0.08087430366632119,0.08058344393994889,True,2.0,-0.019374096934326505,7.0,W
eye_movements,classification,catboost,BlockGuard-Greedy-t01,BlockGuard-Greedy,,0.4444444444444444,0.009133952765690623,0.03328199014031095,0.9492155587146328,0.950740182208551,True,1.0,-0.047283622911395304,5.0,L
eye_movements,classification,catboost,GuardedGram-G2-g0p0-t01,G2,0.75,,0.75,0.012521019638981834,0.9492155587146328,0.951395567665118,True,2.0,0.0,6.5,L
eye_movements,classification,catboost,PureGram,fixed,1.0,,1.0,0.04072720320312042,0.9492155587146328,0.955934540409045,False,1.0,0.027317177858036203,8.0,L
eye_movements,classification,catboost,Raw,fixed,0.0,,0.0,0.0,0.9492155587146328,0.9492155587146328,True,1.0,0.0,3.0,T
eye_movements,classification,catboost,Raw+Gram@0.5,fixed,0.5,,0.5,-0.003637528465179373,0.9492155587146328,0.9478138641555212,False,2.0,-0.004821967620141559,1.0,W
eye_movements,classification,catboost,Raw+Gram@0.75,fixed,0.75,,0.75,0.012521019638981834,0.9492155587146328,0.951395567665118,False,2.0,0.006521399234858282,6.5,L
eye_movements,classification,catboost,SafeGram-t01,safety_reference,0.0,,0.0,0.0,0.9492155587146328,0.9492155587146328,True,1.0,0.0,3.0,T
eye_movements,classification,catboost,SafeRankGram-t01,safety_reference,0.0,,0.0,0.0,0.9492155587146328,0.9492155587146328,True,1.0,0.0,3.0,T
eye_movements,classification,controlled_mlp,BlockGuard-Greedy-t01,BlockGuard-Greedy,,0.0,0.0,0.0,0.9996245764417239,0.9901530536105716,True,1.0,0.0,4.5,W
eye_movements,classification,controlled_mlp,GuardedGram-G2-g0p0-t01,G2,0.5,,0.4999999996723947,-0.3345605703121242,0.9996245764417239,0.9583084267237634,False,2.0,-0.030654581235101955,1.5,W
eye_movements,classification,controlled_mlp,PureGram,fixed,1.0,,1.0,0.1665272713061882,0.9996245764417239,1.0072199623836404,False,1.0,0.3608646313627952,8.0,L
eye_movements,classification,controlled_mlp,Raw,fixed,0.0,,0.0,0.0,0.9996245764417239,0.9996245764417239,True,1.0,0.0,6.5,T
eye_movements,classification,controlled_mlp,Raw+Gram@0.5,fixed,0.5,,0.49999999989757404,-0.36290006504309363,0.9996245764417239,0.9583084267237634,False,2.0,-0.009471373414875679,1.5,W
eye_movements,classification,controlled_mlp,Raw+Gram@0.75,fixed,0.75,,0.7499999999231797,-0.20066125029507764,0.9996245764417239,0.9721072876334527,False,2.0,0.11964025693703176,3.0,W
eye_movements,classification,controlled_mlp,SafeGram-t01,safety_reference,0.0,,0.0,0.0,0.9996245764417239,0.9996245764417239,True,1.0,0.0,6.5,T
eye_movements,classification,controlled_mlp,SafeRankGram-t01,safety_reference,0.0,,0.0,0.0,0.9996245764417239,0.9901530536105716,True,1.0,0.0,4.5,W
eye_movements,classification,tabicl_v2,BlockGuard-Greedy-t01,BlockGuard-Greedy,,0.0,0.0,0.0,0.9543711679007606,0.9543711679007606,True,1.0,0.0,7.5,T
eye_movements,classification,tabicl_v2,GuardedGram-G2-g0p0-t01,G2,0.75,,0.7500000004033396,-0.10519620092481032,0.9543711679007606,0.9405941128951458,False,2.0,-0.31332229221246566,3.0,W
eye_movements,classification,tabicl_v2,PureGram,fixed,1.0,,1.0,-0.025372969668067197,0.9543711679007606,0.9510481885944774,False,1.0,-0.28014041852973814,6.0,W
eye_movements,classification,tabicl_v2,Raw,fixed,0.0,,0.0,0.0,0.9543711679007606,0.9543711679007606,True,1.0,0.0,7.5,T
eye_movements,classification,tabicl_v2,Raw+Gram@0.5,fixed,0.5,,0.5000000005377864,-0.1281452493558451,0.9543711679007606,0.937588583229803,False,2.0,-0.28328354855242294,1.0,W
eye_movements,classification,tabicl_v2,Raw+Gram@0.75,fixed,0.75,,0.7500000004033396,-0.10519620092481032,0.9543711679007606,0.9405941128951458,False,2.0,-0.31332229221246566,3.0,W
eye_movements,classification,tabicl_v2,SafeGram-t01,safety_reference,0.75,,0.7500000004033396,-0.10519620092481032,0.9543711679007606,0.9405941128951458,False,2.0,-0.31332229221246566,3.0,W
eye_movements,classification,tabicl_v2,SafeRankGram-t01,safety_reference,0.25,,0.250000000101254,-0.04028166803702677,0.9543711679007606,0.9490956660158523,True,2.0,-0.09236273687032258,5.0,W
eye_movements,classification,tabm_d,BlockGuard-Greedy-t01,BlockGuard-Greedy,,0.16666666666666666,0.09749789855069924,-0.027455343491077824,0.9461642308677303,0.9461642308677303,True,1.0,0.0,3.0,T
eye_movements,classification,tabm_d,GuardedGram-G2-g0p0-t01,G2,0.0,,0.0,0.0,0.9461642308677303,0.9461642308677303,True,1.0,0.0,3.0,T
eye_movements,classification,tabm_d,PureGram,fixed,1.0,,1.0,0.14533890277863015,0.9461642308677303,1.0111301385307514,False,1.0,0.38291484933231656,8.0,L
eye_movements,classification,tabm_d,Raw,fixed,0.0,,0.0,0.0,0.9461642308677303,0.9461642308677303,True,1.0,0.0,3.0,T
eye_movements,classification,tabm_d,Raw+Gram@0.5,fixed,0.5,,0.4999999995570955,-0.09012295235047559,0.9461642308677303,0.9545502254302405,False,2.0,0.09221556818589231,6.0,L
eye_movements,classification,tabm_d,Raw+Gram@0.75,fixed,0.75,,0.7499999996678215,-0.012287315486337663,0.9461642308677303,0.9772016506202086,False,2.0,0.20672101612321642,7.0,L
eye_movements,classification,tabm_d,SafeGram-t01,safety_reference,0.0,,0.0,0.0,0.9461642308677303,0.9461642308677303,True,1.0,0.0,3.0,T
eye_movements,classification,tabm_d,SafeRankGram-t01,safety_reference,0.0,,0.0,0.0,0.9461642308677303,0.9461642308677303,True,1.0,0.0,3.0,T
eye_movements,classification,tabpfn_2_6,BlockGuard-Greedy-t01,BlockGuard-Greedy,,0.16666666666666666,0.0,-0.02170241876893469,0.8947599745191387,0.88681775778171,True,1.0,-0.03281737511845212,1.0,W
eye_movements,classification,tabpfn_2_6,GuardedGram-G2-g0p0-t01,G2,0.5,,0.49999999964185715,-0.02841922828331741,0.8947599745191387,0.8893439368398179,True,2.0,0.0,2.5,W
eye_movements,classification,tabpfn_2_6,PureGram,fixed,1.0,,1.0,0.006839640984885022,0.8947599745191387,0.8932237541672527,False,1.0,0.05578022924493239,5.0,W
eye_movements,classification,tabpfn_2_6,Raw,fixed,0.0,,0.0,0.0,0.8947599745191387,0.8947599745191387,True,1.0,0.0,7.0,T
eye_movements,classification,tabpfn_2_6,Raw+Gram@0.5,fixed,0.5,,0.49999999964185715,-0.02841922828331741,0.8947599745191387,0.8893439368398179,False,2.0,0.007870931764681682,2.5,W
eye_movements,classification,tabpfn_2_6,Raw+Gram@0.75,fixed,0.75,,0.7499999997313928,-0.01881902901525576,0.8947599745191387,0.8899336502987006,False,2.0,0.02626053325608907,4.0,W
eye_movements,classification,tabpfn_2_6,SafeGram-t01,safety_reference,0.0,,0.0,0.0,0.8947599745191387,0.8947599745191387,True,1.0,0.0,7.0,T
eye_movements,classification,tabpfn_2_6,SafeRankGram-t01,safety_reference,0.0,,0.0,0.0,0.8947599745191387,0.8947599745191387,True,1.0,0.0,7.0,T
mfeat-fourier,classification,catboost,BlockGuard-Greedy-t01,BlockGuard-Greedy,,1.0,1.0,0.004935751202651342,0.5763371966996348,0.5848575832422377,False,1.0,-0.0030221600144519144,7.5,L
mfeat-fourier,classification,catboost,GuardedGram-G2-g0p0-t01,G2,0.75,,0.75,0.002605989997675994,0.5763371966996348,0.5808358112356408,False,2.0,-0.003338142948437707,5.0,L
mfeat-fourier,classification,catboost,PureGram,fixed,1.0,,1.0,0.004935751202651342,0.5763371966996348,0.5848575832422377,False,1.0,-0.0030221600144519144,7.5,L
mfeat-fourier,classification,catboost,Raw,fixed,0.0,,0.0,0.0,0.5763371966996348,0.5763371966996348,True,1.0,0.0,2.0,T
mfeat-fourier,classification,catboost,Raw+Gram@0.5,fixed,0.5,,0.5,0.0010395217946434097,0.5763371966996348,0.5772895459167487,False,2.0,-0.0029506344683207274,3.0,L
mfeat-fourier,classification,catboost,Raw+Gram@0.75,fixed,0.75,,0.75,0.002605989997675994,0.5763371966996348,0.5808358112356408,False,2.0,-0.003338142948437707,5.0,L
mfeat-fourier,classification,catboost,SafeGram-t01,safety_reference,1.0,,1.0,0.002605989997675994,0.5763371966996348,0.5808358112356408,False,1.0,-0.0030221600144519144,5.0,L
mfeat-fourier,classification,catboost,SafeRankGram-t01,safety_reference,1.0,,1.0,-0.0004660338669874773,0.5763371966996348,0.5755327013906848,False,1.0,6.698796993220237e-05,1.0,W
mfeat-fourier,classification,controlled_mlp,BlockGuard-Greedy-t01,BlockGuard-Greedy,,0.6447368421052632,0.8137848199018027,-0.00619158558241094,0.624761809712978,0.625781185678483,False,1.0,-0.017285146663384578,7.0,L
mfeat-fourier,classification,controlled_mlp,GuardedGram-G2-g0p0-t01,G2,0.75,,0.7499999991207293,0.0016003666379497928,0.624761809712978,0.6168454260697952,False,2.0,0.003309946399743932,4.5,W
mfeat-fourier,classification,controlled_mlp,PureGram,fixed,1.0,,1.0,0.06091238448155155,0.624761809712978,0.6931816067213841,False,1.0,0.04563846505504299,8.0,L
mfeat-fourier,classification,controlled_mlp,Raw,fixed,0.0,,0.0,0.0,0.624761809712978,0.624761809712978,True,1.0,0.0,6.0,T
mfeat-fourier,classification,controlled_mlp,Raw+Gram@0.5,fixed,0.5,,0.4999999984589446,-0.014356187543763799,0.624761809712978,0.5858385974828222,False,2.0,-0.010845183933605826,1.0,W
mfeat-fourier,classification,controlled_mlp,Raw+Gram@0.75,fixed,0.75,,0.7499999991207293,0.0016003666379497928,0.624761809712978,0.6168454260697952,False,2.0,0.003309946399743932,4.5,W
mfeat-fourier,classification,controlled_mlp,SafeGram-t01,safety_reference,0.5,,0.49999999780909987,-0.014356187543763799,0.624761809712978,0.5968250164235926,False,2.0,-0.012129459774005908,3.0,W
mfeat-fourier,classification,controlled_mlp,SafeRankGram-t01,safety_reference,0.5,,0.49999999969898357,-0.009648249312880804,0.624761809712978,0.5868084113298996,False,2.0,-0.013223262733781651,2.0,W
mfeat-fourier,classification,tabicl_v2,BlockGuard-Greedy-t01,BlockGuard-Greedy,,1.0,1.0,-0.002819849790174806,0.3329462013969758,0.3273920833527552,False,1.0,-0.0165450867287178,5.0,W
mfeat-fourier,classification,tabicl_v2,GuardedGram-G2-g0p0-t01,G2,0.75,,0.7499999980222294,-0.006161889467241228,0.3329462013969758,0.3208094338302269,False,2.0,-0.013909059223759969,2.5,W
mfeat-fourier,classification,tabicl_v2,PureGram,fixed,1.0,,1.0,-0.002819849790174806,0.3329462013969758,0.3273920833527552,False,1.0,-0.0165450867287178,5.0,W
mfeat-fourier,classification,tabicl_v2,Raw,fixed,0.0,,0.0,0.0,0.3329462013969758,0.3329462013969758,True,1.0,0.0,8.0,T
mfeat-fourier,classification,tabicl_v2,Raw+Gram@0.5,fixed,0.5,,0.49999999736297296,-0.006586451836635391,0.3329462013969758,0.31997319442309063,False,2.0,-0.010433451575166015,1.0,W
mfeat-fourier,classification,tabicl_v2,Raw+Gram@0.75,fixed,0.75,,0.7499999980222294,-0.006161889467241228,0.3329462013969758,0.3208094338302269,False,2.0,-0.013909059223759969,2.5,W
mfeat-fourier,classification,tabicl_v2,SafeGram-t01,safety_reference,1.0,,1.0,-0.002819849790174806,0.3329462013969758,0.3273920833527552,False,1.0,-0.0165450867287178,5.0,W
mfeat-fourier,classification,tabicl_v2,SafeRankGram-t01,safety_reference,1.0,,1.0,-0.0003961535729725961,0.3329462013969758,0.33216591738482876,False,1.0,-0.012889670074995191,7.0,W
mfeat-fourier,classification,tabm_d,BlockGuard-Greedy-t01,BlockGuard-Greedy,,0.5263157894736842,0.5974407410791125,-0.008228383920486693,0.50367737287535,0.48887952769096976,False,1.0,0.0012749584623534761,5.0,W
mfeat-fourier,classification,tabm_d,GuardedGram-G2-g0p0-t01,G2,0.5,,0.5000000042729045,-0.004956385356857942,0.50367737287535,0.48659481895631385,False,2.0,0.003970309835371383,2.5,W
mfeat-fourier,classification,tabm_d,PureGram,fixed,1.0,,1.0,0.007020286111382465,0.50367737287535,0.502507442200218,False,1.0,0.026107881587915452,7.0,W
mfeat-fourier,classification,tabm_d,Raw,fixed,0.0,,0.0,0.0,0.50367737287535,0.50367737287535,True,1.0,0.0,8.0,T
mfeat-fourier,classification,tabm_d,Raw+Gram@0.5,fixed,0.5,,0.5000000042729045,-0.005352924092939114,0.50367737287535,0.48659481895631385,False,2.0,0.003860661349013698,2.5,W
mfeat-fourier,classification,tabm_d,Raw+Gram@0.75,fixed,0.75,,0.7500000049773381,-0.0026047559801832564,0.50367737287535,0.4875846740934989,False,2.0,0.010102435520564954,4.0,W
mfeat-fourier,classification,tabm_d,SafeGram-t01,safety_reference,0.25,,0.25000000255711063,-0.004741418061003359,0.50367737287535,0.4910344826443901,False,2.0,0.0004677627643167034,6.0,W
mfeat-fourier,classification,tabm_d,SafeRankGram-t01,safety_reference,0.5,,0.5000000017538098,-0.010196323181072579,0.50367737287535,0.48533937256512744,False,2.0,-0.001564262166673481,1.0,W
mfeat-fourier,classification,tabpfn_2_6,BlockGuard-Greedy-t01,BlockGuard-Greedy,,1.0,1.0,-0.00343098164440875,0.36169976468078757,0.3529843655028948,False,1.0,-0.008145712784114594,5.0,W
mfeat-fourier,classification,tabpfn_2_6,GuardedGram-G2-g0p0-t01,G2,0.75,,0.749999998999928,-0.0050788354791461,0.36169976468078757,0.35001203409342874,False,2.0,-0.009413521479713907,1.5,W
mfeat-fourier,classification,tabpfn_2_6,PureGram,fixed,1.0,,1.0,-0.0018426631167665132,0.36169976468078757,0.3529843655028948,False,1.0,-0.008145712784114594,5.0,W
mfeat-fourier,classification,tabpfn_2_6,Raw,fixed,0.0,,0.0,0.0,0.36169976468078757,0.36169976468078757,True,1.0,0.0,8.0,T
mfeat-fourier,classification,tabpfn_2_6,Raw+Gram@0.5,fixed,0.5,,0.49999999866657097,-0.005614500536270982,0.36169976468078757,0.3503790513010225,False,2.0,-0.008493574932311797,3.0,W
mfeat-fourier,classification,tabpfn_2_6,Raw+Gram@0.75,fixed,0.75,,0.749999998999928,-0.0050788354791461,0.36169976468078757,0.35001203409342874,False,2.0,-0.009413521479713907,1.5,W
mfeat-fourier,classification,tabpfn_2_6,SafeGram-t01,safety_reference,1.0,,1.0,-0.0036539334695229967,0.36169976468078757,0.3529843655028948,False,1.0,-0.008145712784114594,5.0,W
mfeat-fourier,classification,tabpfn_2_6,SafeRankGram-t01,safety_reference,1.0,,1.0,-0.0014538292151166719,0.36169976468078757,0.3588780322709817,False,1.0,-0.0009792990470347369,7.0,W
mozilla4,classification,catboost,BlockGuard-Greedy-t01,BlockGuard-Greedy,,1.0,1.0,0.008328501824324656,0.189461758060953,0.19312376855633206,False,1.0,0.00680995846419212,7.5,L
mozilla4,classification,catboost,GuardedGram-G2-g0p0-t01,G2,0.75,,0.75,0.0040836977598308595,0.189461758060953,0.1912415714115426,False,2.0,-0.003813161386711267,5.5,L
mozilla4,classification,catboost,PureGram,fixed,1.0,,1.0,0.008328501824324656,0.189461758060953,0.19312376855633206,False,1.0,-0.00010308676953429944,7.5,L
mozilla4,classification,catboost,Raw,fixed,0.0,,0.0,0.0,0.189461758060953,0.189461758060953,True,1.0,0.0,3.0,T
mozilla4,classification,catboost,Raw+Gram@0.5,fixed,0.5,,0.5,0.0008638297598035978,0.189461758060953,0.18997883031587498,False,2.0,-0.005405338768044341,4.0,L
mozilla4,classification,catboost,Raw+Gram@0.75,fixed,0.75,,0.75,0.0040836977598308595,0.189461758060953,0.1912415714115426,False,2.0,-0.003813161386711267,5.5,L
mozilla4,classification,catboost,SafeGram-t01,safety_reference,0.25,,0.25,-0.0008194505688220011,0.189461758060953,0.18934586604695652,False,2.0,-0.004454059902088376,1.0,W
mozilla4,classification,catboost,SafeRankGram-t01,safety_reference,0.25,,0.25,-0.001125507056899298,0.189461758060953,0.18941144893173012,False,2.0,0.00033352327794121763,2.0,W
mozilla4,classification,controlled_mlp,BlockGuard-Greedy-t01,BlockGuard-Greedy,,0.75,0.5839544931390657,0.03706544992512817,0.30067118883780086,0.3132374765471087,False,1.0,-0.02530867685312974,7.0,L
mozilla4,classification,controlled_mlp,GuardedGram-G2-g0p0-t01,G2,0.75,,0.749999999797555,0.0011824062483532525,0.30067118883780086,0.3010639506627237,False,2.0,-0.0040732408480731045,5.5,L
mozilla4,classification,controlled_mlp,PureGram,fixed,1.0,,1.0,0.03907380708996735,0.30067118883780086,0.31365039949463824,False,1.0,0.018847573030865872,8.0,L
mozilla4,classification,controlled_mlp,Raw,fixed,0.0,,0.0,0.0,0.30067118883780086,0.30067118883780086,True,1.0,0.0,3.5,T
mozilla4,classification,controlled_mlp,Raw+Gram@0.5,fixed,0.5,,0.4999999997300739,-0.00856290270746057,0.30067118883780086,0.2969117672194118,False,2.0,-0.014365131100515884,2.0,W
mozilla4,classification,controlled_mlp,Raw+Gram@0.75,fixed,0.75,,0.749999999797555,0.0011824062483532525,0.30067118883780086,0.3010639506627237,False,2.0,-0.0040732408480731045,5.5,L
mozilla4,classification,controlled_mlp,SafeGram-t01,safety_reference,0.25,,0.24999999842426746,-0.00856290270746057,0.30067118883780086,0.2965666300506682,True,2.0,-0.014247399451530604,1.0,W
mozilla4,classification,controlled_mlp,SafeRankGram-t01,safety_reference,0.0,,0.0,0.0,0.30067118883780086,0.30067118883780086,True,1.0,0.0,3.5,T
mozilla4,classification,tabicl_v2,BlockGuard-Greedy-t01,BlockGuard-Greedy,,1.0,1.0,0.013959092029890511,0.2036058693151436,0.20959762756244418,False,1.0,-0.010687200515991249,7.5,L
mozilla4,classification,tabicl_v2,GuardedGram-G2-g0p0-t01,G2,0.75,,0.7500000016267431,0.003924171246836761,0.2036058693151436,0.20529026865728608,False,2.0,-0.010863894468509364,4.5,L
mozilla4,classification,tabicl_v2,PureGram,fixed,1.0,,1.0,0.013959092029890511,0.2036058693151436,0.20959762756244418,False,1.0,-0.010687200515991249,7.5,L
mozilla4,classification,tabicl_v2,Raw,fixed,0.0,,0.0,0.0,0.2036058693151436,0.2036058693151436,True,1.0,0.0,3.0,T
mozilla4,classification,tabicl_v2,Raw+Gram@0.5,fixed,0.5,,0.500000002168991,-0.0001473263695502298,0.2036058693151436,0.20354263139193862,False,2.0,-0.009388888895360742,1.5,W
mozilla4,classification,tabicl_v2,Raw+Gram@0.75,fixed,0.75,,0.7500000016267431,0.003924171246836761,0.2036058693151436,0.20529026865728608,False,2.0,-0.010863894468509364,4.5,L
mozilla4,classification,tabicl_v2,SafeGram-t01,safety_reference,0.5,,0.500000002168991,-0.0001473263695502298,0.2036058693151436,0.20354263139193862,False,2.0,-0.009388888895360742,1.5,W
mozilla4,classification,tabicl_v2,SafeRankGram-t01,safety_reference,1.0,,1.0,0.007937308322692294,0.2036058693151436,0.20701285542154813,False,1.0,-0.018463891082116737,6.0,L
mozilla4,classification,tabm_d,BlockGuard-Greedy-t01,BlockGuard-Greedy,,1.0,1.0,-0.026981881344490116,0.26385633472189696,0.2503246073498543,False,1.0,0.002475266485823449,4.5,W
mozilla4,classification,tabm_d,GuardedGram-G2-g0p0-t01,G2,0.75,,0.7499999986707193,-0.03985797351516039,0.26385633472189696,0.24886960562135668,False,2.0,-0.010500478418502789,2.5,W
mozilla4,classification,tabm_d,PureGram,fixed,1.0,,1.0,-0.03603835254079326,0.26385633472189696,0.2503246073498543,False,1.0,0.002475266485823449,4.5,W
mozilla4,classification,tabm_d,Raw,fixed,0.0,,0.0,0.0,0.26385633472189696,0.26385633472189696,True,1.0,0.0,8.0,T
mozilla4,classification,tabm_d,Raw+Gram@0.5,fixed,0.5,,0.4999999982276261,-0.03311300592010538,0.26385633472189696,0.2516380826944774,False,2.0,-0.013339822412306877,6.0,W
mozilla4,classification,tabm_d,Raw+Gram@0.75,fixed,0.75,,0.7499999986707193,-0.03985797351516039,0.26385633472189696,0.24886960562135668,False,2.0,-0.010500478418502789,2.5,W
mozilla4,classification,tabm_d,SafeGram-t01,safety_reference,0.25,,0.24999999949618834,-0.01968475576350648,0.26385633472189696,0.25433213949408195,False,2.0,-0.009567613996769996,7.0,W
mozilla4,classification,tabm_d,SafeRankGram-t01,safety_reference,0.5,,0.4999999981801565,-0.04521633451063201,0.26385633472189696,0.2435328510818124,False,2.0,-0.016387224640367244,1.0,W
mozilla4,classification,tabpfn_2_6,BlockGuard-Greedy-t01,BlockGuard-Greedy,,1.0,1.0,0.007618179877650148,0.1797911116664681,0.18324254115632554,False,1.0,-0.015231366058573755,7.0,L
mozilla4,classification,tabpfn_2_6,GuardedGram-G2-g0p0-t01,G2,0.75,,0.7499999992816242,0.0029499469329000673,0.1797911116664681,0.18112759019562386,False,2.0,-0.013603507402098643,3.5,L
mozilla4,classification,tabpfn_2_6,PureGram,fixed,1.0,,1.0,0.007618179877650148,0.1797911116664681,0.18324254115632554,False,1.0,-0.015231366058573755,7.0,L
mozilla4,classification,tabpfn_2_6,Raw,fixed,0.0,,0.0,0.0,0.1797911116664681,0.1797911116664681,True,1.0,0.0,1.0,T
mozilla4,classification,tabpfn_2_6,Raw+Gram@0.5,fixed,0.5,,0.49999999904216563,8.838903201330354e-05,0.1797911116664681,0.17983115646936987,False,2.0,-0.010669186480744167,2.0,L
mozilla4,classification,tabpfn_2_6,Raw+Gram@0.75,fixed,0.75,,0.7499999992816242,0.0029499469329000673,0.1797911116664681,0.18112759019562386,False,2.0,-0.013603507402098643,3.5,L
mozilla4,classification,tabpfn_2_6,SafeGram-t01,safety_reference,1.0,,1.0,0.007618179877650148,0.1797911116664681,0.18324254115632554,False,1.0,-0.015231366058573755,7.0,L
mozilla4,classification,tabpfn_2_6,SafeRankGram-t01,safety_reference,0.75,,0.7499999975724625,-0.01197528007225206,0.1797911116664681,0.18184019226606407,False,2.0,-0.004308571360232227,5.0,L
puma8NH,regression,catboost,BlockGuard-Greedy-t01,BlockGuard-Greedy,,1.0,1.0,0.0004480783082594138,3.1168693019940323,3.1130497265575654,False,1.0,-0.032353397289175516,6.5,W
puma8NH,regression,catboost,GuardedGram-G2-g0p0-t01,G2,0.75,,0.75,-0.0031579871244081167,3.1168693019940323,3.102543063479853,False,2.0,-0.028318969406624647,1.5,W
puma8NH,regression,catboost,PureGram,fixed,1.0,,1.0,0.0004480783082594138,3.1168693019940323,3.1130497265575654,False,1.0,-0.032353397289175516,6.5,W
puma8NH,regression,catboost,Raw,fixed,0.0,,0.0,0.0,3.1168693019940323,3.1168693019940323,True,1.0,0.0,8.0,T
puma8NH,regression,catboost,Raw+Gram@0.5,fixed,0.5,,0.5,-0.004437528997655851,3.1168693019940323,3.1035319804218444,False,2.0,-0.02155091280042319,3.0,W
puma8NH,regression,catboost,Raw+Gram@0.75,fixed,0.75,,0.75,-0.0031579871244081167,3.1168693019940323,3.102543063479853,False,2.0,-0.028318969406624647,1.5,W
puma8NH,regression,catboost,SafeGram-t01,safety_reference,1.0,,1.0,-0.004437528997655851,3.1168693019940323,3.1047719570261405,False,1.0,-0.032353397289175516,5.0,W
puma8NH,regression,catboost,SafeRankGram-t01,safety_reference,1.0,,1.0,-0.010944072603483465,3.1168693019940323,3.104129639321758,False,1.0,-0.017136507758827163,4.0,W
puma8NH,regression,controlled_mlp,BlockGuard-Greedy-t01,BlockGuard-Greedy,,0.875,0.7395811226695389,-0.008084257718152887,3.22762759575608,3.2364722371888925,False,1.0,0.002962188588292877,4.0,L
puma8NH,regression,controlled_mlp,GuardedGram-G2-g0p0-t01,G2,0.5,,0.5,0.0076257901696355325,3.22762759575608,3.2475719816572988,False,2.0,0.00269812041553287,5.0,L
puma8NH,regression,controlled_mlp,PureGram,fixed,1.0,,1.0,0.050972328197849893,3.22762759575608,3.360939916348043,False,1.0,0.05708903703115106,8.0,L
puma8NH,regression,controlled_mlp,Raw,fixed,0.0,,0.0,0.0,3.22762759575608,3.22762759575608,True,1.0,0.0,3.0,T
puma8NH,regression,controlled_mlp,Raw+Gram@0.5,fixed,0.5,,0.5,0.0076257901696355325,3.22762759575608,3.2541165206295575,False,2.0,0.009624157643929645,6.0,L
puma8NH,regression,controlled_mlp,Raw+Gram@0.75,fixed,0.75,,0.75,0.024993299951155203,3.22762759575608,3.2929947259920507,False,2.0,0.0314852175306538,7.0,L
puma8NH,regression,controlled_mlp,SafeGram-t01,safety_reference,0.0,,0.0,0.0,3.22762759575608,3.225623296853455,True,1.0,0.0,2.0,W
puma8NH,regression,controlled_mlp,SafeRankGram-t01,safety_reference,0.25,,0.25,-0.002534959342371723,3.22762759575608,3.2253294367009033,False,2.0,-0.0013284815849574244,1.0,W
puma8NH,regression,tabicl_v2,BlockGuard-Greedy-t01,BlockGuard-Greedy,,0.875,0.39088191678866013,0.00011245404402498948,2.9751541987847716,2.9754767011871786,False,1.0,0.003992377159908737,8.0,L
puma8NH,regression,tabicl_v2,GuardedGram-G2-g0p0-t01,G2,0.75,,0.75,-0.0020822117752942616,2.9751541987847716,2.969182707891094,False,2.0,0.006835203802212812,1.5,W
puma8NH,regression,tabicl_v2,PureGram,fixed,1.0,,1.0,-0.0017415420536520427,2.9751541987847716,2.9701597008005933,False,1.0,0.010569019555834261,5.0,W
puma8NH,regression,tabicl_v2,Raw,fixed,0.0,,0.0,0.0,2.9751541987847716,2.9751541987847716,True,1.0,0.0,7.0,T
puma8NH,regression,tabicl_v2,Raw+Gram@0.5,fixed,0.5,,0.5,-0.0019052055239834468,2.9751541987847716,2.9696903369566714,False,2.0,0.0038254937357966442,4.0,W
puma8NH,regression,tabicl_v2,Raw+Gram@0.75,fixed,0.75,,0.75,-0.0020822117752942616,2.9751541987847716,2.969182707891094,False,2.0,0.006835203802212812,1.5,W
puma8NH,regression,tabicl_v2,SafeGram-t01,safety_reference,0.25,,0.25,-0.0012107885912466768,2.9751541987847716,2.9716818271784895,False,2.0,0.0015456295816992048,6.0,W
puma8NH,regression,tabicl_v2,SafeRankGram-t01,safety_reference,0.5,,0.5,-0.00204244453105305,2.9751541987847716,2.969296754761672,False,2.0,0.0014009127544699928,3.0,W
puma8NH,regression,tabm_d,BlockGuard-Greedy-t01,BlockGuard-Greedy,,0.5,0.5066515269161171,0.0011985202551395152,3.0456807850459318,3.0490334452453705,False,1.0,0.009193038248465044,6.0,L
puma8NH,regression,tabm_d,GuardedGram-G2-g0p0-t01,G2,0.5,,0.5,-0.0002823001573592199,3.0456807850459318,3.040868370656525,False,2.0,0.004448913011878739,2.5,W
puma8NH,regression,tabm_d,PureGram,fixed,1.0,,1.0,0.00853698581031987,3.0456807850459318,3.0655743174443377,False,1.0,0.023608792814011022,8.0,L
puma8NH,regression,tabm_d,Raw,fixed,0.0,,0.0,0.0,3.0456807850459318,3.0456807850459318,True,1.0,0.0,5.0,T
puma8NH,regression,tabm_d,Raw+Gram@0.5,fixed,0.5,,0.5,-0.0002823001573592199,3.0456807850459318,3.040868370656525,False,2.0,0.004448913011878739,2.5,W
puma8NH,regression,tabm_d,Raw+Gram@0.75,fixed,0.75,,0.75,0.0029981182284712113,3.0456807850459318,3.0500579855957737,False,2.0,0.011954721976880273,7.0,L
puma8NH,regression,tabm_d,SafeGram-t01,safety_reference,0.25,,0.25,-0.0013562377798938155,3.0456807850459318,3.0409138913994602,False,2.0,0.0005865524890148772,4.0,W
puma8NH,regression,tabm_d,SafeRankGram-t01,safety_reference,0.25,,0.25,-0.0038298093636826964,3.0456807850459318,3.03396751278606,False,2.0,0.00101532004423518,1.0,W
puma8NH,regression,tabpfn_2_6,BlockGuard-Greedy-t01,BlockGuard-Greedy,,1.0,1.0,0.008333072288422672,2.9643294615485285,2.966368419796991,False,1.0,0.006298393222392009,6.5,L
puma8NH,regression,tabpfn_2_6,GuardedGram-G2-g0p0-t01,G2,0.75,,0.75,0.005544284868192902,2.9643294615485285,2.95964769972035,False,2.0,0.004224625046416941,1.5,W
puma8NH,regression,tabpfn_2_6,PureGram,fixed,1.0,,1.0,0.008333072288422672,2.9643294615485285,2.966368419796991,False,1.0,0.006298393222392009,6.5,L
puma8NH,regression,tabpfn_2_6,Raw,fixed,0.0,,0.0,0.0,2.9643294615485285,2.9643294615485285,True,1.0,0.0,5.0,T
puma8NH,regression,tabpfn_2_6,Raw+Gram@0.5,fixed,0.5,,0.5,0.0032238089381970954,2.9643294615485285,2.9604297736295693,False,2.0,0.002482671599039038,3.5,W
puma8NH,regression,tabpfn_2_6,Raw+Gram@0.75,fixed,0.75,,0.75,0.005544284868192902,2.9643294615485285,2.95964769972035,False,2.0,0.004224625046416941,1.5,W
puma8NH,regression,tabpfn_2_6,SafeGram-t01,safety_reference,0.5,,0.5,0.0032238089381970954,2.9643294615485285,2.9604297736295693,False,2.0,0.002482671599039038,3.5,W
puma8NH,regression,tabpfn_2_6,SafeRankGram-t01,safety_reference,1.0,,1.0,0.002201140527095676,2.9643294615485285,2.9706658501648717,False,1.0,-0.005022578231175154,8.0,L
waveform-5000,classification,catboost,BlockGuard-Greedy-t01,BlockGuard-Greedy,,0.875,0.5389115213544465,-0.0007601924448368002,0.36415761840002936,0.36206840182244765,True,1.0,0.004405138147755711,1.0,W
waveform-5000,classification,catboost,GuardedGram-G2-g0p0-t01,G2,0.75,,0.75,-0.0028597407582508284,0.36415761840002936,0.36446608420420573,False,2.0,0.009252787315776919,4.5,L
waveform-5000,classification,catboost,PureGram,fixed,1.0,,1.0,-0.002176700760069827,0.36415761840002936,0.365152025540364,False,1.0,0.01485317074378583,8.0,L
waveform-5000,classification,catboost,Raw,fixed,0.0,,0.0,0.0,0.36415761840002936,0.36415761840002936,True,1.0,0.0,3.0,T
waveform-5000,classification,catboost,Raw+Gram@0.5,fixed,0.5,,0.5,-0.002705036530386633,0.36415761840002936,0.36456684883244556,False,2.0,0.00546282105968588,6.0,L
waveform-5000,classification,catboost,Raw+Gram@0.75,fixed,0.75,,0.75,-0.0028597407582508284,0.36415761840002936,0.36446608420420573,False,2.0,0.009650145650439479,4.5,L
waveform-5000,classification,catboost,SafeGram-t01,safety_reference,0.25,,0.2499999999999999,-0.0017492148702928096,0.36415761840002936,0.3646676317158723,False,2.0,0.0022485467519555557,7.0,L
waveform-5000,classification,catboost,SafeRankGram-t01,safety_reference,0.5,,0.5,-0.002185876126244849,0.36415761840002936,0.36328424178341706,False,2.0,0.00032904368422124574,2.0,W
waveform-5000,classification,controlled_mlp,BlockGuard-Greedy-t01,BlockGuard-Greedy,,0.0,0.0,0.0,0.41378524684018825,0.38773141539094025,True,1.0,0.0,4.0,W
waveform-5000,classification,controlled_mlp,GuardedGram-G2-g0p0-t01,G2,0.75,,0.7499999996756208,-0.044242374402085775,0.41378524684018825,0.3923679961914823,False,2.0,-0.008924074186313658,5.5,W
waveform-5000,classification,controlled_mlp,PureGram,fixed,1.0,,1.0,-0.01601088905346354,0.41378524684018825,0.43092686134520175,False,1.0,0.020768140993604647,8.0,L
waveform-5000,classification,controlled_mlp,Raw,fixed,0.0,,0.0,0.0,0.41378524684018825,0.41378524684018825,True,1.0,0.0,7.0,T
waveform-5000,classification,controlled_mlp,Raw+Gram@0.5,fixed,0.5,,0.49999999956749497,-0.044154446001190235,0.41378524684018825,0.3835488935873687,False,2.0,-0.016621497895656822,2.5,W
waveform-5000,classification,controlled_mlp,Raw+Gram@0.75,fixed,0.75,,0.7499999996756208,-0.044242374402085775,0.41378524684018825,0.3923679961914823,False,2.0,-0.008924074186313658,5.5,W
waveform-5000,classification,controlled_mlp,SafeGram-t01,safety_reference,0.5,,0.4999999993065355,-0.044154446001190235,0.41378524684018825,0.3835488935873687,False,2.0,-0.016621497895656822,2.5,W
waveform-5000,classification,controlled_mlp,SafeRankGram-t01,safety_reference,0.25,,0.24999999973726506,-0.051458463392901665,0.41378524684018825,0.3798449750637771,False,2.0,-0.015583083308425104,1.0,W
waveform-5000,classification,tabicl_v2,BlockGuard-Greedy-t01,BlockGuard-Greedy,,1.0,1.0,0.02059619592494651,0.28203166835984417,0.29884928066755717,False,1.0,-0.005157183957957535,7.5,L
waveform-5000,classification,tabicl_v2,GuardedGram-G2-g0p0-t01,G2,0.75,,0.7500000007232229,0.010462741231445591,0.28203166835984417,0.2905749122844784,False,2.0,-0.005972873779426936,5.0,L
waveform-5000,classification,tabicl_v2,PureGram,fixed,1.0,,1.0,0.02059619592494651,0.28203166835984417,0.29884928066755717,False,1.0,-0.005157183957957535,7.5,L
waveform-5000,classification,tabicl_v2,Raw,fixed,0.0,,0.0,0.0,0.28203166835984417,0.28203166835984417,True,1.0,0.0,1.0,T
waveform-5000,classification,tabicl_v2,Raw+Gram@0.5,fixed,0.5,,0.5000000009642975,0.004506841426426547,0.28203166835984417,0.2857116834518631,False,2.0,-0.005407771073461957,3.0,L
waveform-5000,classification,tabicl_v2,Raw+Gram@0.75,fixed,0.75,,0.7500000007232229,0.010462741231445591,0.28203166835984417,0.2905749122844784,False,2.0,-0.005972873779426936,5.0,L
waveform-5000,classification,tabicl_v2,SafeGram-t01,safety_reference,0.75,,0.7500000007232229,0.010462741231445591,0.28203166835984417,0.2905749122844784,False,2.0,-0.005972873779426936,5.0,L
waveform-5000,classification,tabicl_v2,SafeRankGram-t01,safety_reference,0.25,,0.25000000038335934,0.0017262936142315138,0.28203166835984417,0.28344125568554357,False,2.0,0.004051064322593517,2.0,L
waveform-5000,classification,tabm_d,BlockGuard-Greedy-t01,BlockGuard-Greedy,,0.0,0.0,0.0,0.3292352896832944,0.3292352896832944,True,1.0,0.0,5.0,T
waveform-5000,classification,tabm_d,GuardedGram-G2-g0p0-t01,G2,0.75,,0.7500000001042761,-0.0002156511106647742,0.3292352896832944,0.32906938149647985,False,2.0,-0.009526197389445337,2.5,W
waveform-5000,classification,tabm_d,PureGram,fixed,1.0,,1.0,0.0071796249658889495,0.3292352896832944,0.3404874229305995,False,1.0,-0.009562450652748822,8.0,L
waveform-5000,classification,tabm_d,Raw,fixed,0.0,,0.0,0.0,0.3292352896832944,0.3292352896832944,True,1.0,0.0,5.0,T
waveform-5000,classification,tabm_d,Raw+Gram@0.5,fixed,0.5,,0.5000000001390354,-0.0002156511106647742,0.3292352896832944,0.32906938149647985,False,2.0,-0.00796541535397881,2.5,W
waveform-5000,classification,tabm_d,Raw+Gram@0.75,fixed,0.75,,0.7500000001042761,0.0032037769378817534,0.3292352896832944,0.3349133221686833,False,2.0,-0.009526197389445337,7.0,L
waveform-5000,classification,tabm_d,SafeGram-t01,safety_reference,0.75,,0.7500000001042761,0.0,0.3292352896832944,0.3292352896832944,True,1.0,-0.009717854218839707,5.0,T
waveform-5000,classification,tabm_d,SafeRankGram-t01,safety_reference,0.75,,0.7499999985064665,-0.0005531733910165043,0.3292352896832944,0.32450453253542555,False,2.0,-0.01016434391725579,1.0,W
waveform-5000,classification,tabpfn_2_6,BlockGuard-Greedy-t01,BlockGuard-Greedy,,1.0,1.0,-0.0012653679282492022,0.30725959307369843,0.30640667368164604,False,1.0,0.0028364438434724,6.0,W
waveform-5000,classification,tabpfn_2_6,GuardedGram-G2-g0p0-t01,G2,0.75,,0.7499999995684192,-0.0026763507299593383,0.30725959307369843,0.305290355429021,False,2.0,0.00038945141833558283,3.5,W
waveform-5000,classification,tabpfn_2_6,PureGram,fixed,1.0,,1.0,-0.0012653679282492022,0.30725959307369843,0.30640667368164604,False,1.0,0.0028364438434724,6.0,W
waveform-5000,classification,tabpfn_2_6,Raw,fixed,0.0,,0.0,0.0,0.30725959307369843,0.30725959307369843,True,1.0,0.0,8.0,T
waveform-5000,classification,tabpfn_2_6,Raw+Gram@0.5,fixed,0.5,,0.4999999994245593,-0.002993746625658741,0.30725959307369843,0.30503924334512594,False,2.0,-0.000821307274375749,2.0,W
waveform-5000,classification,tabpfn_2_6,Raw+Gram@0.75,fixed,0.75,,0.7499999995684192,-0.0026763507299593383,0.30725959307369843,0.305290355429021,False,2.0,0.00038945141833558283,3.5,W
waveform-5000,classification,tabpfn_2_6,SafeGram-t01,safety_reference,0.5,,0.5000000015408381,-0.0012653679282492022,0.30725959307369843,0.30640667368164604,False,2.0,-0.000821307274375749,6.0,W
waveform-5000,classification,tabpfn_2_6,SafeRankGram-t01,safety_reference,1.0,,1.0,-0.0032394692546724524,0.30725959307369843,0.30246459187879404,False,1.0,-0.00752656463579518,1.0,W
