dataset,model,seed,method,strength,width,baseline_parameter_count,parameter_count,parameter_error_fraction,input_features,parameters,best_epoch,train_loss,val_loss,test_loss,val_metric,test_metric,first_gradient_norm,first_weight_norm,first_update_ratio,train_seconds
california,mlp,20260850,anchor_riesz_representer,1.0,128,49281,49409,0.002597349891438891,255,49409,23,0.14964339137077332,0.1524973064661026,0.14689454436302185,0.45322099941008176,0.44481739485205196,0.33359116315841675,7.707949638366699,0.027736468240618706,2.7914916989393532
california,mlp,20260850,anchor_wrong_representer,1.0,128,49281,49409,0.002597349891438891,255,49409,23,0.14964339137077332,0.1524973064661026,0.14689454436302185,0.45322099941008176,0.44481739485205196,0.33359116315841675,7.707949638366699,0.027736468240618706,2.4426246059592813
california,mlp,20260851,anchor_riesz_representer,1.0,128,49281,49409,0.002597349891438891,255,49409,23,0.14995868504047394,0.15263335406780243,0.14820246398448944,0.4534230987652563,0.44679328527883655,0.3855631351470947,7.880903720855713,0.02767302468419075,2.417570120887831
california,mlp,20260851,anchor_wrong_representer,1.0,128,49281,49409,0.002597349891438891,255,49409,23,0.14995868504047394,0.15263335406780243,0.14820246398448944,0.4534230987652563,0.44679328527883655,0.3855631351470947,7.880903720855713,0.02767302468419075,2.5549228629097342
california,mlp,20260852,anchor_riesz_representer,1.0,128,49281,49409,0.002597349891438891,255,49409,13,0.15433906018733978,0.15427875518798828,0.14915581047534943,0.4558605352805998,0.4482280419709461,0.33352625370025635,7.239808082580566,0.02756969816982746,1.8996435129083693
california,mlp,20260852,anchor_wrong_representer,1.0,128,49281,49409,0.002597349891438891,255,49409,13,0.15433906018733978,0.15427875518798828,0.14915581047534943,0.4558605352805998,0.4482280419709461,0.33352625370025635,7.239808082580566,0.02756969816982746,1.6680068799760193
california,resnet,20260850,anchor_riesz_representer,1.0,128,165377,165505,0.0007739891278714695,255,165505,12,0.14395999908447266,0.15455442667007446,0.1514374166727066,0.456267639406974,0.451643254743594,6.49027156829834,6.802332878112793,0.027741938829421997,2.125860686181113
california,resnet,20260850,anchor_wrong_representer,1.0,128,165377,165505,0.0007739891278714695,255,165505,12,0.14395999908447266,0.15455442667007446,0.1514374166727066,0.456267639406974,0.451643254743594,6.49027156829834,6.802332878112793,0.027741938829421997,2.17591700097546
california,resnet,20260851,anchor_riesz_representer,1.0,128,165377,165505,0.0007739891278714695,255,165505,11,0.14523570239543915,0.15592391788959503,0.15122655034065247,0.4582846553058282,0.45132870887059084,3.786465883255005,6.781329154968262,0.027683384716510773,1.9735622939188033
california,resnet,20260851,anchor_wrong_representer,1.0,128,165377,165505,0.0007739891278714695,255,165505,11,0.14523570239543915,0.15592391788959503,0.15122655034065247,0.4582846553058282,0.45132870887059084,3.786465883255005,6.781329154968262,0.027683384716510773,1.7523160700220615
california,resnet,20260852,anchor_riesz_representer,1.0,128,165377,165505,0.0007739891278714695,255,165505,8,0.15247170627117157,0.15923567116260529,0.15289553999900818,0.46312594311079636,0.4538123899243338,3.2669262886047363,6.757093906402588,0.0275842547416687,1.578741773031652
california,resnet,20260852,anchor_wrong_representer,1.0,128,165377,165505,0.0007739891278714695,255,165505,8,0.15247170627117157,0.15923567116260529,0.15289553999900818,0.46312594311079636,0.4538123899243338,3.2669262886047363,6.757093906402588,0.0275842547416687,1.6651385778095573
tabred-cooking-time,mlp,20260850,anchor_riesz_representer,1.0,128,641281,641409,0.00019960048714993896,4880,641409,8,0.468613862991333,0.5274841785430908,0.5520807504653931,0.47807867950249516,0.48909809288904427,1.8798953294754028,10.758752822875977,0.1209164708852768,21.262904970906675
tabred-cooking-time,mlp,20260850,anchor_wrong_representer,1.0,128,641281,641409,0.00019960048714993896,4880,641409,8,0.468613862991333,0.5274841785430908,0.5520807504653931,0.47807867950249516,0.48909809288904427,1.8798953294754028,10.758752822875977,0.1209164708852768,20.19790357304737
tabred-cooking-time,mlp,20260851,anchor_riesz_representer,1.0,128,641281,641409,0.00019960048714993896,4880,641409,13,0.45960527658462524,0.5257076025009155,0.5557247400283813,0.47727290824348856,0.4907095569368565,2.122917413711548,13.364651679992676,0.12089270353317261,26.62234971788712
tabred-cooking-time,mlp,20260851,anchor_wrong_representer,1.0,128,641281,641409,0.00019960048714993896,4880,641409,13,0.45960527658462524,0.5257076025009155,0.5557247400283813,0.47727290824348856,0.4907095569368565,2.122917413711548,13.364651679992676,0.12089270353317261,20.98080718400888
tabred-cooking-time,mlp,20260852,anchor_riesz_representer,1.0,128,641281,641409,0.00019960048714993896,4880,641409,13,0.4526645243167877,0.5274432301521301,0.5520725250244141,0.4780601212999578,0.4890944440246976,2.599874258041382,12.806413650512695,0.12099781632423401,20.366032491903752
tabred-cooking-time,mlp,20260852,anchor_wrong_representer,1.0,128,641281,641409,0.00019960048714993896,4880,641409,13,0.4526645243167877,0.5274432301521301,0.5520725250244141,0.4780601212999578,0.4890944440246976,2.599874258041382,12.806413650512695,0.12099781632423401,19.623008107068017
tabred-cooking-time,resnet,20260850,anchor_riesz_representer,1.0,128,757377,757505,0.0001690043399786368,4880,757505,19,0.4641231298446655,0.5199998021125793,0.5415451526641846,0.4746748775935572,0.4844087921472635,47.072914123535156,17.577468872070312,0.12094590067863464,25.878180623985827
tabred-cooking-time,resnet,20260850,anchor_wrong_representer,1.0,128,757377,757505,0.0001690043399786368,4880,757505,19,0.4641231298446655,0.5199998021125793,0.5415451526641846,0.4746748775935572,0.4844087921472635,47.072914123535156,17.577468872070312,0.12094590067863464,24.781639602966607
tabred-cooking-time,resnet,20260851,anchor_riesz_representer,1.0,128,757377,757505,0.0001690043399786368,4880,757505,17,0.4683683216571808,0.5207229256629944,0.5501217842102051,0.4750048055536773,0.4882295847043352,62.0825080871582,17.378734588623047,0.12091999500989914,22.923080512089655
tabred-cooking-time,resnet,20260851,anchor_wrong_representer,1.0,128,757377,757505,0.0001690043399786368,4880,757505,17,0.4683683216571808,0.5207229256629944,0.5501217842102051,0.4750048055536773,0.4882295847043352,62.0825080871582,17.378734588623047,0.12091999500989914,24.301634402945638
tabred-cooking-time,resnet,20260852,anchor_riesz_representer,1.0,128,757377,757505,0.0001690043399786368,4880,757505,17,0.47088852524757385,0.5200997591018677,0.5445998311042786,0.47472050801544086,0.4857730358268135,70.1889877319336,14.7125825881958,0.12101779133081436,22.369038176955655
tabred-cooking-time,resnet,20260852,anchor_wrong_representer,1.0,128,757377,757505,0.0001690043399786368,4880,757505,17,0.47088852524757385,0.5200997591018677,0.5445998311042786,0.47472050801544086,0.4857730358268135,70.1889877319336,14.7125825881958,0.12101779133081436,23.359123945934698
tabred-delivery-eta,mlp,20260850,anchor_riesz_representer,1.0,128,760577,760961,0.0005048798477997625,5814,760961,10,0.49630770087242126,0.5964924097061157,0.5951358079910278,0.5636830892946918,0.5630417342509411,1.0803769826889038,10.830999374389648,0.13196130096912384,20.266952136997133
tabred-delivery-eta,mlp,20260850,anchor_wrong_representer,1.0,128,760577,760961,0.0005048798477997625,5814,760961,10,0.5018935799598694,0.5975875854492188,0.5940811038017273,0.564200332153689,0.5625425883666573,1.0792924165725708,10.8485689163208,0.13196100294589996,19.119845745852217
tabred-delivery-eta,mlp,20260851,anchor_riesz_representer,1.0,128,760577,760961,0.0005048798477997625,5814,760961,8,0.5069057941436768,0.6014877557754517,0.590463399887085,0.5660384801573954,0.5608271604727264,0.9253146648406982,10.449127197265625,0.13188406825065613,16.233447480015457
tabred-delivery-eta,mlp,20260851,anchor_wrong_representer,1.0,128,760577,760961,0.0005048798477997625,5814,760961,9,0.5085664391517639,0.5979238748550415,0.5924102663993835,0.5643590287011762,0.5617509762299733,0.9251100420951843,11.086191177368164,0.13188567757606506,17.40379150188528
tabred-delivery-eta,mlp,20260852,anchor_riesz_representer,1.0,128,760577,760961,0.0005048798477997625,5814,760961,15,0.4933331608772278,0.6001705527305603,0.6031150817871094,0.5654183542570586,0.5668036428694982,0.9271884560585022,11.423288345336914,0.13201667368412018,24.32960571697913
tabred-delivery-eta,mlp,20260852,anchor_wrong_representer,1.0,128,760577,760961,0.0005048798477997625,5814,760961,9,0.509215235710144,0.5988649725914001,0.5941674709320068,0.5648030136144584,0.5625834805691348,0.9250469207763672,10.026293754577637,0.13201773166656494,17.995804282138124
tabred-delivery-eta,resnet,20260850,anchor_riesz_representer,1.0,128,876673,877057,0.00043801964928770476,5814,877057,17,0.5005927085876465,0.5943371057510376,0.5917378067970276,0.5626637858944257,0.5614320605529919,42.83998107910156,17.399890899658203,0.13200697302818298,28.3648732539732
tabred-delivery-eta,resnet,20260850,anchor_wrong_representer,1.0,128,876673,877057,0.00043801964928770476,5814,877057,17,0.5000177621841431,0.594203531742096,0.5893707275390625,0.5626005769899578,0.5603080035106345,42.843238830566406,17.409576416015625,0.13200709223747253,28.798211510060355
tabred-delivery-eta,resnet,20260851,anchor_riesz_representer,1.0,128,876673,877057,0.00043801964928770476,5814,877057,9,0.5143455266952515,0.5951915383338928,0.5956791639328003,0.5630680966708361,0.5632987025914034,6.9097900390625,14.229023933410645,0.1319410800933838,18.53437077300623
tabred-delivery-eta,resnet,20260851,anchor_wrong_representer,1.0,128,876673,877057,0.00043801964928770476,5814,877057,9,0.5132954120635986,0.594573974609375,0.5936546921730042,0.5627758914324943,0.5623406939925104,6.893823146820068,14.133157730102539,0.13194146752357483,19.210003570187837
tabred-delivery-eta,resnet,20260852,anchor_riesz_representer,1.0,128,876673,877057,0.00043801964928770476,5814,877057,13,0.5139575600624084,0.5937828421592712,0.5917113423347473,0.5624013797610807,0.5614194883758472,39.51103973388672,14.178438186645508,0.13205905258655548,23.129187709186226
tabred-delivery-eta,resnet,20260852,anchor_wrong_representer,1.0,128,876673,877057,0.00043801964928770476,5814,877057,13,0.5134729146957397,0.5936312675476074,0.5906015634536743,0.5623296008950298,0.5608927620060626,39.49092102050781,14.183300018310547,0.1320590376853943,24.83244079700671
tabred-weather,mlp,20260850,anchor_riesz_representer,1.0,128,371585,371713,0.0003444703096196025,2773,371713,7,0.1600562483072281,0.19379960000514984,0.17015153169631958,1.7098511679576518,1.6021375146702326,1.1786448955535889,10.407937049865723,0.09116940200328827,9.740473206853494
tabred-weather,mlp,20260850,anchor_wrong_representer,1.0,128,371585,371713,0.0003444703096196025,2773,371713,7,0.1600562483072281,0.19379960000514984,0.17015153169631958,1.7098511679576518,1.6021375146702326,1.1786448955535889,10.407937049865723,0.09116940200328827,11.87243404891342
tabred-weather,mlp,20260851,anchor_riesz_representer,1.0,128,371585,371713,0.0003444703096196025,2773,371713,8,0.15115861594676971,0.18984992802143097,0.16965462267398834,1.6923378660874278,1.5997964117526635,1.1791657209396362,11.049314498901367,0.09116936475038528,12.114339291118085
tabred-weather,mlp,20260851,anchor_wrong_representer,1.0,128,371585,371713,0.0003444703096196025,2773,371713,8,0.15115861594676971,0.18984992802143097,0.16965462267398834,1.6923378660874278,1.5997964117526635,1.1791657209396362,11.049314498901367,0.09116936475038528,12.0896421240177
tabred-weather,mlp,20260852,anchor_riesz_representer,1.0,128,371585,371713,0.0003444703096196025,2773,371713,11,0.1429254710674286,0.18976415693759918,0.17104218900203705,1.6919556499275359,1.6063252240077759,1.874343752861023,12.016257286071777,0.09123749285936356,14.136603909078985
tabred-weather,mlp,20260852,anchor_wrong_representer,1.0,128,371585,371713,0.0003444703096196025,2773,371713,11,0.1429254710674286,0.18976415693759918,0.17104218900203705,1.6919556499275359,1.6063252240077759,1.874343752861023,12.016257286071777,0.09123749285936356,15.147527212044224
tabred-weather,resnet,20260850,anchor_riesz_representer,1.0,128,487681,487809,0.0002624666534066326,2773,487809,13,0.1535896360874176,0.18789082765579224,0.1683744192123413,1.6835834723343623,1.5937490159145682,10.341546058654785,12.646568298339844,0.09118808060884476,18.512984375935048
tabred-weather,resnet,20260850,anchor_wrong_representer,1.0,128,487681,487809,0.0002624666534066326,2773,487809,13,0.1535896360874176,0.18789082765579224,0.1683744192123413,1.6835834723343623,1.5937490159145682,10.341546058654785,12.646568298339844,0.09118808060884476,18.092049760976806
tabred-weather,resnet,20260851,anchor_riesz_representer,1.0,128,487681,487809,0.0002624666534066326,2773,487809,14,0.15454362332820892,0.18863114714622498,0.1691964566707611,1.6868970155787792,1.5976347258695682,24.70484733581543,13.8394775390625,0.09119535982608795,20.27852385188453
tabred-weather,resnet,20260851,anchor_wrong_representer,1.0,128,487681,487809,0.0002624666534066326,2773,487809,14,0.15454362332820892,0.18863114714622498,0.1691964566707611,1.6868970155787792,1.5976347258695682,24.70484733581543,13.8394775390625,0.09119535982608795,19.707010046811774
tabred-weather,resnet,20260852,anchor_riesz_representer,1.0,128,487681,487809,0.0002624666534066326,2773,487809,14,0.1389554738998413,0.18821290135383606,0.1697239875793457,1.685025869538606,1.6001234137671076,10.637674331665039,15.021149635314941,0.09125843644142151,18.518860904034227
tabred-weather,resnet,20260852,anchor_wrong_representer,1.0,128,487681,487809,0.0002624666534066326,2773,487809,14,0.1389554738998413,0.18821290135383606,0.1697239875793457,1.685025869538606,1.6001234137671076,10.637674331665039,15.021149635314941,0.09125843644142151,18.339593157870695
