dataset,problem_type,condition,function_matched,optimizer,momentum,weight_decay,epoch,epoch_order,disagreement,disagreement_seed_sd,initial_max_logit_difference,reference_task,seeds,members
bike-sharing,regression,matched_adamw,True,adamw,0.0,0.0001,0,0,1.4108014126422466e-08,1.4184410011136693e-09,1.4901161193847656e-08,183.73772923069077,3,4
bike-sharing,regression,matched_adamw,True,adamw,0.0,0.0001,1,1,0.0026923673760864838,0.0009494478995705134,1.4901161193847656e-08,173.57528481272269,3,4
bike-sharing,regression,matched_adamw,True,adamw,0.0,0.0001,10,10,0.032790115102618415,0.007323990472904414,1.4901161193847656e-08,115.27077073737318,3,4
bike-sharing,regression,matched_adamw,True,adamw,0.0,0.0001,2,2,0.015892752569245414,0.003780521355587467,1.4901161193847656e-08,150.53027556539462,3,4
bike-sharing,regression,matched_adamw,True,adamw,0.0,0.0001,20,20,0.04153453209978254,0.007750641796447798,1.4901161193847656e-08,101.98882583828119,3,4
bike-sharing,regression,matched_adamw,True,adamw,0.0,0.0001,5,5,0.03273166970027447,0.0076720163073988245,1.4901161193847656e-08,130.56783637581805,3,4
bike-sharing,regression,matched_adamw,True,adamw,0.0,0.0001,final,100,0.06169557795153128,0.007004568940350992,1.4901161193847656e-08,75.8949625317461,3,4
bike-sharing,regression,matched_adamw_no_weight_decay,True,adamw,0.0,0.0,0,0,1.4108014126422466e-08,1.4184410011136693e-09,1.4901161193847656e-08,183.73772923069077,3,4
bike-sharing,regression,matched_adamw_no_weight_decay,True,adamw,0.0,0.0,1,1,0.0026923693638594916,0.0009494500302336148,1.4901161193847656e-08,173.57527036563366,3,4
bike-sharing,regression,matched_adamw_no_weight_decay,True,adamw,0.0,0.0,10,10,0.03279006842449692,0.00732397582150408,1.4901161193847656e-08,115.27074292904685,3,4
bike-sharing,regression,matched_adamw_no_weight_decay,True,adamw,0.0,0.0,2,2,0.015892785815157916,0.003780527456049915,1.4901161193847656e-08,150.53021500622057,3,4
bike-sharing,regression,matched_adamw_no_weight_decay,True,adamw,0.0,0.0,20,20,0.041534515560897496,0.00775059433969314,1.4901161193847656e-08,101.98876941677788,3,4
bike-sharing,regression,matched_adamw_no_weight_decay,True,adamw,0.0,0.0,5,5,0.03273162371860463,0.007671999736105663,1.4901161193847656e-08,130.56784568381593,3,4
bike-sharing,regression,matched_adamw_no_weight_decay,True,adamw,0.0,0.0,final,100,0.06169832316086391,0.007003013408082438,1.4901161193847656e-08,75.89518103909569,3,4
bike-sharing,regression,matched_sgd_momentum,True,sgd,0.9,0.0001,0,0,1.4108014126422466e-08,1.4184410011136693e-09,1.4901161193847656e-08,183.73772923069077,3,4
bike-sharing,regression,matched_sgd_momentum,True,sgd,0.9,0.0001,1,1,1.5652341280592177e-08,2.125369946227636e-09,1.4901161193847656e-08,183.72111927376935,3,4
bike-sharing,regression,matched_sgd_momentum,True,sgd,0.9,0.0001,10,10,1.6708655524369348e-08,1.2269743651302026e-09,1.4901161193847656e-08,183.31359308174603,3,4
bike-sharing,regression,matched_sgd_momentum,True,sgd,0.9,0.0001,2,2,1.5288235435488814e-08,1.4546109070545016e-09,1.4901161193847656e-08,183.68764895903345,3,4
bike-sharing,regression,matched_sgd_momentum,True,sgd,0.9,0.0001,20,20,1.7912072048239994e-08,1.9495697534620286e-09,1.4901161193847656e-08,182.9142883717284,3,4
bike-sharing,regression,matched_sgd_momentum,True,sgd,0.9,0.0001,5,5,1.6093774556971487e-08,2.7555939466330966e-09,1.4901161193847656e-08,183.5470902026669,3,4
bike-sharing,regression,matched_sgd_momentum,True,sgd,0.9,0.0001,final,100,3.0326721298046275e-08,3.746808050566146e-09,1.4901161193847656e-08,177.25695153986658,3,4
bike-sharing,regression,matched_sgd_plain,True,sgd,0.0,0.0,0,0,1.4108014126422466e-08,1.4184410011136693e-09,1.4901161193847656e-08,183.73772923069077,3,4
bike-sharing,regression,matched_sgd_plain,True,sgd,0.0,0.0,1,1,1.49317639584268e-08,2.301733559408391e-09,1.4901161193847656e-08,183.73072053639086,3,4
bike-sharing,regression,matched_sgd_plain,True,sgd,0.0,0.0,10,10,1.614141415635352e-08,1.4984142632614645e-09,1.4901161193847656e-08,183.67052324696468,3,4
bike-sharing,regression,matched_sgd_plain,True,sgd,0.0,0.0,2,2,1.5403993368076782e-08,1.3830439514733574e-09,1.4901161193847656e-08,183.72377829388594,3,4
bike-sharing,regression,matched_sgd_plain,True,sgd,0.0,0.0,20,20,1.583721083552129e-08,2.5954425469874982e-09,1.4901161193847656e-08,183.6089814066545,3,4
bike-sharing,regression,matched_sgd_plain,True,sgd,0.0,0.0,5,5,1.543318491083086e-08,3.2748827004334408e-09,1.4901161193847656e-08,183.70334168960508,3,4
bike-sharing,regression,matched_sgd_plain,True,sgd,0.0,0.0,final,100,1.8468946594333787e-08,1.5848537769508593e-09,1.4901161193847656e-08,183.22502619271313,3,4
bike-sharing,regression,ordinary_adamw,False,adamw,0.0,0.0001,0,0,0.00691478477875745,0.002004277080681903,0.0267825908958911,183.73772923069077,3,4
bike-sharing,regression,ordinary_adamw,False,adamw,0.0,0.0001,1,1,0.030000786829651783,0.00824421391196968,0.0267825908958911,173.57528481272269,3,4
bike-sharing,regression,ordinary_adamw,False,adamw,0.0,0.0001,10,10,0.07389724645196023,0.005408558735078032,0.0267825908958911,115.27077073737318,3,4
bike-sharing,regression,ordinary_adamw,False,adamw,0.0,0.0001,2,2,0.07917687476894646,0.017466020313835203,0.0267825908958911,150.53027556539462,3,4
bike-sharing,regression,ordinary_adamw,False,adamw,0.0,0.0001,20,20,0.09192554716150064,0.007528255658246067,0.0267825908958911,101.98882583828119,3,4
bike-sharing,regression,ordinary_adamw,False,adamw,0.0,0.0001,5,5,0.09318560890965899,0.012233422048011219,0.0267825908958911,130.56783637581805,3,4
bike-sharing,regression,ordinary_adamw,False,adamw,0.0,0.0001,final,100,0.12649581843110425,0.013895180610371077,0.0267825908958911,75.8949625317461,3,4
credit-g,classification,matched_adamw,True,adamw,0.0,0.0001,0,0,5.338138640866405e-09,9.501639641475258e-10,1.862645149230957e-08,0.693348746519986,3,4
credit-g,classification,matched_adamw,True,adamw,0.0,0.0001,1,1,0.0004251364122862917,7.100870128562779e-05,1.862645149230957e-08,0.6383627166269311,3,4
credit-g,classification,matched_adamw,True,adamw,0.0,0.0001,10,10,0.012032717779110934,0.0023019683858140063,1.862645149230957e-08,0.4861926006033889,3,4
credit-g,classification,matched_adamw,True,adamw,0.0,0.0001,2,2,0.0018674317643896582,0.00029628719553307715,1.862645149230957e-08,0.5996882736797353,3,4
credit-g,classification,matched_adamw,True,adamw,0.0,0.0001,20,20,0.010551203865936908,0.0018979094246323982,1.862645149230957e-08,0.5581980282312135,3,4
credit-g,classification,matched_adamw,True,adamw,0.0,0.0001,5,5,0.0035114988999403666,0.0009233865294436157,1.862645149230957e-08,0.5613819066712237,3,4
credit-g,classification,matched_adamw,True,adamw,0.0,0.0001,final,100,0.10661927452811504,0.03915251643355838,1.862645149230957e-08,2.732958596055424,3,4
credit-g,classification,matched_adamw_no_weight_decay,True,adamw,0.0,0.0,0,0,5.338138640866405e-09,9.501639641475258e-10,1.862645149230957e-08,0.693348746519986,3,4
credit-g,classification,matched_adamw_no_weight_decay,True,adamw,0.0,0.0,1,1,0.00042513617837185836,7.100846128298461e-05,1.862645149230957e-08,0.6383626734856648,3,4
credit-g,classification,matched_adamw_no_weight_decay,True,adamw,0.0,0.0,10,10,0.012032718738997283,0.002301967850536987,1.862645149230957e-08,0.48619273553090087,3,4
credit-g,classification,matched_adamw_no_weight_decay,True,adamw,0.0,0.0,2,2,0.0018674325295714416,0.000296287967830129,1.862645149230957e-08,0.5996882775067878,3,4
credit-g,classification,matched_adamw_no_weight_decay,True,adamw,0.0,0.0,20,20,0.010551194937386217,0.0018979083574016085,1.862645149230957e-08,0.5581985712118719,3,4
credit-g,classification,matched_adamw_no_weight_decay,True,adamw,0.0,0.0,5,5,0.0035115013696912084,0.000923388691904897,1.862645149230957e-08,0.5613818100101856,3,4
credit-g,classification,matched_adamw_no_weight_decay,True,adamw,0.0,0.0,final,100,0.10449300272241491,0.03561228060279274,1.862645149230957e-08,2.7217793594452915,3,4
credit-g,classification,matched_sgd_momentum,True,sgd,0.9,0.0001,0,0,5.338138640866405e-09,9.501639641475258e-10,1.862645149230957e-08,0.693348746519986,3,4
credit-g,classification,matched_sgd_momentum,True,sgd,0.9,0.0001,1,1,4.3904768634304185e-09,1.1860746282022069e-09,1.862645149230957e-08,0.692770604499349,3,4
credit-g,classification,matched_sgd_momentum,True,sgd,0.9,0.0001,10,10,5.3441557359528285e-09,8.01498063745781e-10,1.862645149230957e-08,0.6736140150072121,3,4
credit-g,classification,matched_sgd_momentum,True,sgd,0.9,0.0001,2,2,5.1923346997684625e-09,1.3241435544466538e-09,1.862645149230957e-08,0.6915356184532162,3,4
credit-g,classification,matched_sgd_momentum,True,sgd,0.9,0.0001,20,20,7.269057586701976e-09,1.0915863601345931e-09,1.862645149230957e-08,0.6535136518928722,3,4
credit-g,classification,matched_sgd_momentum,True,sgd,0.9,0.0001,5,5,5.746399363258993e-09,1.853737501262826e-09,1.862645149230957e-08,0.6855670602096468,3,4
credit-g,classification,matched_sgd_momentum,True,sgd,0.9,0.0001,final,100,1.0064141105453946e-08,1.7042788070234171e-09,1.862645149230957e-08,0.6115723720290287,3,4
credit-g,classification,matched_sgd_plain,True,sgd,0.0,0.0,0,0,5.338138640866405e-09,9.501639641475258e-10,1.862645149230957e-08,0.693348746519986,3,4
credit-g,classification,matched_sgd_plain,True,sgd,0.0,0.0,1,1,4.324413042107531e-09,7.800977187654368e-10,1.862645149230957e-08,0.6930432650482596,3,4
credit-g,classification,matched_sgd_plain,True,sgd,0.0,0.0,10,10,5.813493502363944e-09,8.660082199103969e-10,1.862645149230957e-08,0.6903180822471117,3,4
credit-g,classification,matched_sgd_plain,True,sgd,0.0,0.0,2,2,5.564975594903273e-09,5.908134179377589e-10,1.862645149230957e-08,0.6927346756428578,3,4
credit-g,classification,matched_sgd_plain,True,sgd,0.0,0.0,20,20,4.377374128194361e-09,1.451296155917034e-09,1.862645149230957e-08,0.6874346969341419,3,4
credit-g,classification,matched_sgd_plain,True,sgd,0.0,0.0,5,5,6.61996951814255e-09,6.475855699238874e-10,1.862645149230957e-08,0.691821450981862,3,4
credit-g,classification,matched_sgd_plain,True,sgd,0.0,0.0,final,100,6.427771432936081e-09,7.730284747352818e-10,1.862645149230957e-08,0.6678529002177406,3,4
credit-g,classification,ordinary_adamw,False,adamw,0.0,0.0001,0,0,0.001919602505117592,0.0008619105644195706,0.0204806998372077,0.693348746519986,3,4
credit-g,classification,ordinary_adamw,False,adamw,0.0,0.0001,1,1,0.005484885408283158,0.0020336787289120415,0.0204806998372077,0.6383627166269311,3,4
credit-g,classification,ordinary_adamw,False,adamw,0.0,0.0001,10,10,0.036963654866398174,0.005459941579262614,0.0204806998372077,0.4861926006033889,3,4
credit-g,classification,ordinary_adamw,False,adamw,0.0,0.0001,2,2,0.011783411419418527,0.0047373478373401515,0.0204806998372077,0.5996882736797353,3,4
credit-g,classification,ordinary_adamw,False,adamw,0.0,0.0001,20,20,0.023210171003910113,0.003345465901688871,0.0204806998372077,0.5581980282312135,3,4
credit-g,classification,ordinary_adamw,False,adamw,0.0,0.0001,5,5,0.01431533191959535,0.0026461502386711084,0.0204806998372077,0.5613819066712237,3,4
credit-g,classification,ordinary_adamw,False,adamw,0.0,0.0001,final,100,0.18455336539457437,0.033132530424822816,0.0204806998372077,2.732958596055424,3,4
house_16H,regression,matched_adamw,True,adamw,0.0,0.0001,0,0,1.6979918711083452e-08,1.3435375330948016e-09,1.862645149230957e-08,50371.62625397482,3,4
house_16H,regression,matched_adamw,True,adamw,0.0,0.0001,1,1,0.004057561682683475,0.0015960666380067368,1.862645149230957e-08,47837.69026769078,3,4
house_16H,regression,matched_adamw,True,adamw,0.0,0.0001,10,10,0.05260834854530728,0.006924724235962824,1.862645149230957e-08,36042.4781815463,3,4
house_16H,regression,matched_adamw,True,adamw,0.0,0.0001,2,2,0.02276780595511736,0.006105266311462099,1.862645149230957e-08,42460.769347599846,3,4
house_16H,regression,matched_adamw,True,adamw,0.0,0.0001,20,20,0.12188800856128779,0.03160713129076758,1.862645149230957e-08,36351.26863467343,3,4
house_16H,regression,matched_adamw,True,adamw,0.0,0.0001,5,5,0.03470514109751092,0.0029546435484558457,1.862645149230957e-08,39287.63866813889,3,4
house_16H,regression,matched_adamw,True,adamw,0.0,0.0001,final,100,0.15340139367656466,0.024714491486058063,1.862645149230957e-08,34870.01605704727,3,4
house_16H,regression,matched_adamw_no_weight_decay,True,adamw,0.0,0.0,0,0,1.6979918711083452e-08,1.3435375330948016e-09,1.862645149230957e-08,50371.62625397482,3,4
house_16H,regression,matched_adamw_no_weight_decay,True,adamw,0.0,0.0,1,1,0.004057567133173,0.001596068082610523,1.862645149230957e-08,47837.68688331269,3,4
house_16H,regression,matched_adamw_no_weight_decay,True,adamw,0.0,0.0,10,10,0.05260830960114158,0.006924672372115717,1.862645149230957e-08,36042.47115342608,3,4
house_16H,regression,matched_adamw_no_weight_decay,True,adamw,0.0,0.0,2,2,0.022767851248088142,0.006105279066635195,1.862645149230957e-08,42460.76094250692,3,4
house_16H,regression,matched_adamw_no_weight_decay,True,adamw,0.0,0.0,20,20,0.12188600687349282,0.031605421862431295,1.862645149230957e-08,36351.26853924171,3,4
house_16H,regression,matched_adamw_no_weight_decay,True,adamw,0.0,0.0,5,5,0.03470513635700489,0.0029546475843597376,1.862645149230957e-08,39287.63565889037,3,4
house_16H,regression,matched_adamw_no_weight_decay,True,adamw,0.0,0.0,final,100,0.1534011489534169,0.024714445295860143,1.862645149230957e-08,34869.950587509,3,4
house_16H,regression,matched_sgd_momentum,True,sgd,0.9,0.0001,0,0,1.6979918711083452e-08,1.3435375330948016e-09,1.862645149230957e-08,50371.62625397482,3,4
house_16H,regression,matched_sgd_momentum,True,sgd,0.9,0.0001,1,1,1.8033418543549328e-08,1.8011919120279843e-09,1.862645149230957e-08,50369.93919570093,3,4
house_16H,regression,matched_sgd_momentum,True,sgd,0.9,0.0001,10,10,1.8718637356951483e-08,1.8862011042456554e-09,1.862645149230957e-08,50308.9446239289,3,4
house_16H,regression,matched_sgd_momentum,True,sgd,0.9,0.0001,2,2,1.765693784665514e-08,8.963477660621497e-10,1.862645149230957e-08,50365.948811691786,3,4
house_16H,regression,matched_sgd_momentum,True,sgd,0.9,0.0001,20,20,1.8864565724498995e-08,1.7082688087121015e-09,1.862645149230957e-08,50235.99755433362,3,4
house_16H,regression,matched_sgd_momentum,True,sgd,0.9,0.0001,5,5,1.7404866016617777e-08,9.09257551853507e-10,1.862645149230957e-08,50346.97563598297,3,4
house_16H,regression,matched_sgd_momentum,True,sgd,0.9,0.0001,final,100,3.245703983663782e-08,3.2100664502475635e-09,1.862645149230957e-08,49188.27540811524,3,4
house_16H,regression,matched_sgd_plain,True,sgd,0.0,0.0,0,0,1.6979918711083452e-08,1.3435375330948016e-09,1.862645149230957e-08,50371.62625397482,3,4
house_16H,regression,matched_sgd_plain,True,sgd,0.0,0.0,1,1,1.748724644504649e-08,1.741976065342742e-09,1.862645149230957e-08,50370.761671554144,3,4
house_16H,regression,matched_sgd_plain,True,sgd,0.0,0.0,10,10,1.9052480192303688e-08,1.247975530677131e-09,1.862645149230957e-08,50363.12709577035,3,4
house_16H,regression,matched_sgd_plain,True,sgd,0.0,0.0,2,2,1.8701337697079933e-08,1.4582762715843358e-09,1.862645149230957e-08,50369.90031615836,3,4
house_16H,regression,matched_sgd_plain,True,sgd,0.0,0.0,20,20,1.940400685665289e-08,1.685354467384369e-09,1.862645149230957e-08,50354.88742483942,3,4
house_16H,regression,matched_sgd_plain,True,sgd,0.0,0.0,5,5,1.6810388621268184e-08,1.646471146838394e-09,1.862645149230957e-08,50367.33549963945,3,4
house_16H,regression,matched_sgd_plain,True,sgd,0.0,0.0,final,100,2.0726016328267015e-08,1.2672796742709308e-09,1.862645149230957e-08,50293.192131502,3,4
house_16H,regression,ordinary_adamw,False,adamw,0.0,0.0001,0,0,0.010365802696759243,0.0033597470958215124,0.0435647964477539,50371.62625397482,3,4
house_16H,regression,ordinary_adamw,False,adamw,0.0,0.0001,1,1,0.02842878270238955,0.005905413621110234,0.0435647964477539,47837.69026769078,3,4
house_16H,regression,ordinary_adamw,False,adamw,0.0,0.0001,10,10,0.09072126677053403,0.018978338151052904,0.0435647964477539,36042.4781815463,3,4
house_16H,regression,ordinary_adamw,False,adamw,0.0,0.0001,2,2,0.08008141412632949,0.01882252014902108,0.0435647964477539,42460.769347599846,3,4
house_16H,regression,ordinary_adamw,False,adamw,0.0,0.0001,20,20,0.17929786541561202,0.07251912375875805,0.0435647964477539,36351.26863467343,3,4
house_16H,regression,ordinary_adamw,False,adamw,0.0,0.0001,5,5,0.0719986375813333,0.005330964345300195,0.0435647964477539,39287.63866813889,3,4
house_16H,regression,ordinary_adamw,False,adamw,0.0,0.0001,final,100,0.22830007371857222,0.04405894249422782,0.0435647964477539,34870.01605704727,3,4
phoneme,classification,matched_adamw,True,adamw,0.0,0.0001,0,0,5.493256777115238e-09,6.212826070340609e-10,1.862645149230957e-08,0.7077920742912228,3,4
phoneme,classification,matched_adamw,True,adamw,0.0,0.0001,1,1,0.0014814023246817831,0.0003852743910212138,1.862645149230957e-08,0.6119558843461809,3,4
phoneme,classification,matched_adamw,True,adamw,0.0,0.0001,10,10,0.011168895661398918,0.0010348851392419016,1.862645149230957e-08,0.3816153682782155,3,4
phoneme,classification,matched_adamw,True,adamw,0.0,0.0001,2,2,0.004909484990544108,0.0010903730517832094,1.862645149230957e-08,0.5456553749487143,3,4
phoneme,classification,matched_adamw,True,adamw,0.0,0.0001,20,20,0.022235617364474106,0.002129937039786345,1.862645149230957e-08,0.3606214745175529,3,4
phoneme,classification,matched_adamw,True,adamw,0.0,0.0001,5,5,0.011670949814591167,0.0017582964920931454,1.862645149230957e-08,0.4040901385954218,3,4
phoneme,classification,matched_adamw,True,adamw,0.0,0.0001,final,100,0.03660676475908572,0.004245904020251682,1.862645149230957e-08,0.3777461159202184,3,4
phoneme,classification,matched_adamw_no_weight_decay,True,adamw,0.0,0.0,0,0,5.493256777115238e-09,6.212826070340609e-10,1.862645149230957e-08,0.7077920742912228,3,4
phoneme,classification,matched_adamw_no_weight_decay,True,adamw,0.0,0.0,1,1,0.0014814043093122917,0.0003852749406300922,1.862645149230957e-08,0.611955797677045,3,4
phoneme,classification,matched_adamw_no_weight_decay,True,adamw,0.0,0.0,10,10,0.011168885984715759,0.0010348872122308286,1.862645149230957e-08,0.38161529291398305,3,4
phoneme,classification,matched_adamw_no_weight_decay,True,adamw,0.0,0.0,2,2,0.0049094874603295416,0.0010903733052870343,1.862645149230957e-08,0.5456553294552114,3,4
phoneme,classification,matched_adamw_no_weight_decay,True,adamw,0.0,0.0,20,20,0.0222355761152583,0.002129937008346272,1.862645149230957e-08,0.3606214614284897,3,4
phoneme,classification,matched_adamw_no_weight_decay,True,adamw,0.0,0.0,5,5,0.01167093719880919,0.0017582932244515736,1.862645149230957e-08,0.404090148572481,3,4
phoneme,classification,matched_adamw_no_weight_decay,True,adamw,0.0,0.0,final,100,0.03660843371297499,0.004246930524116466,1.862645149230957e-08,0.3777516473045887,3,4
phoneme,classification,matched_sgd_momentum,True,sgd,0.9,0.0001,0,0,5.493256777115238e-09,6.212826070340609e-10,1.862645149230957e-08,0.7077920742912228,3,4
phoneme,classification,matched_sgd_momentum,True,sgd,0.9,0.0001,1,1,5.753670557992798e-09,5.181758939613857e-10,1.862645149230957e-08,0.7066479314134092,3,4
phoneme,classification,matched_sgd_momentum,True,sgd,0.9,0.0001,10,10,7.027934193590928e-09,7.037299260292594e-10,1.862645149230957e-08,0.6735908117873373,3,4
phoneme,classification,matched_sgd_momentum,True,sgd,0.9,0.0001,2,2,6.059846579624521e-09,3.840831508648915e-10,1.862645149230957e-08,0.7041508646558291,3,4
phoneme,classification,matched_sgd_momentum,True,sgd,0.9,0.0001,20,20,7.049945033462654e-09,1.0835964397408784e-09,1.862645149230957e-08,0.645114512061509,3,4
phoneme,classification,matched_sgd_momentum,True,sgd,0.9,0.0001,5,5,5.456937174695731e-09,7.069968591246505e-10,1.862645149230957e-08,0.693086574953107,3,4
phoneme,classification,matched_sgd_momentum,True,sgd,0.9,0.0001,final,100,1.0851560360620195e-08,1.5826457593491375e-09,1.862645149230957e-08,0.5975442065592492,3,4
phoneme,classification,matched_sgd_plain,True,sgd,0.0,0.0,0,0,5.493256777115238e-09,6.212826070340609e-10,1.862645149230957e-08,0.7077920742912228,3,4
phoneme,classification,matched_sgd_plain,True,sgd,0.0,0.0,1,1,6.2120818926391084e-09,8.935621398061096e-10,1.862645149230957e-08,0.7072787384419884,3,4
phoneme,classification,matched_sgd_plain,True,sgd,0.0,0.0,10,10,7.073410309165868e-09,8.750933145164474e-10,1.862645149230957e-08,0.7027725309353098,3,4
phoneme,classification,matched_sgd_plain,True,sgd,0.0,0.0,2,2,6.065993532317469e-09,6.976546065952572e-10,1.862645149230957e-08,0.7067679766968347,3,4
phoneme,classification,matched_sgd_plain,True,sgd,0.0,0.0,20,20,7.011213964067748e-09,1.0818015021415108e-09,1.862645149230957e-08,0.697997482588581,3,4
phoneme,classification,matched_sgd_plain,True,sgd,0.0,0.0,5,5,5.826321334776582e-09,6.55827779102251e-10,1.862645149230957e-08,0.7052509289257299,3,4
phoneme,classification,matched_sgd_plain,True,sgd,0.0,0.0,final,100,8.033052997707959e-09,1.051501903497544e-09,1.862645149230957e-08,0.6672452484971081,3,4
phoneme,classification,ordinary_adamw,False,adamw,0.0,0.0001,0,0,0.004115852380499983,0.0013332326516175006,0.0341127514839172,0.7077920742912228,3,4
phoneme,classification,ordinary_adamw,False,adamw,0.0,0.0001,1,1,0.012106467020492099,0.004274506771744753,0.0341127514839172,0.6119558843461809,3,4
phoneme,classification,ordinary_adamw,False,adamw,0.0,0.0001,10,10,0.02551106371616765,0.004610962775213675,0.0341127514839172,0.3816153682782155,3,4
phoneme,classification,ordinary_adamw,False,adamw,0.0,0.0001,2,2,0.020259490079205942,0.005928234573223391,0.0341127514839172,0.5456553749487143,3,4
phoneme,classification,ordinary_adamw,False,adamw,0.0,0.0001,20,20,0.032390153456136134,0.004140938477326083,0.0341127514839172,0.3606214745175529,3,4
phoneme,classification,ordinary_adamw,False,adamw,0.0,0.0001,5,5,0.033204321324332396,0.00573124335404197,0.0341127514839172,0.4040901385954218,3,4
phoneme,classification,ordinary_adamw,False,adamw,0.0,0.0001,final,100,0.05273461794108583,0.006299078111290411,0.0341127514839172,0.3777461159202184,3,4
