dataset,seed,truth_expression,compiled_expression,feature_precision,feature_recall,feature_f1,operator_accuracy,exact_program,depth_error,coefficient_error
program-202608500,0,"safe_divide(safe_divide(x0, x1), x2)","(1 * safe_divide(safe_divide(x0, x1), x2) + -2.0123684e-17)",1.0,1.0,1.0,1.0,True,0.0,2.01236838074041e-17
program-202608500,1,"safe_divide(safe_divide(x0, x1), x2)","(1 * safe_divide(safe_divide(x0, x1), x2) + -2.0123684e-17)",1.0,1.0,1.0,1.0,True,0.0,2.01236838074041e-17
program-202608500,2,"safe_divide(safe_divide(x0, x1), x2)","(1 * safe_divide(safe_divide(x0, x1), x2) + -2.0123684e-17)",1.0,1.0,1.0,1.0,True,0.0,2.01236838074041e-17
program-202608500,3,"safe_divide(safe_divide(x0, x1), x2)","(1 * safe_divide(safe_divide(x0, x1), x2) + -2.0123684e-17)",1.0,1.0,1.0,1.0,True,0.0,2.01236838074041e-17
program-202608500,4,"safe_divide(safe_divide(x0, x1), x2)","(1 * safe_divide(safe_divide(x0, x1), x2) + -2.0123684e-17)",1.0,1.0,1.0,1.0,True,0.0,2.01236838074041e-17
program-202608501,0,"safe_divide(add(x2, x3), x1)","(1 * safe_divide(add(x2, x3), x1) + -1.4549458e-17)",1.0,1.0,1.0,1.0,True,0.0,2.3659406339786395e-16
program-202608501,1,"safe_divide(add(x2, x3), x1)","(1 * safe_divide(add(x2, x3), x1) + -1.4549458e-17)",1.0,1.0,1.0,1.0,True,0.0,2.3659406339786395e-16
program-202608501,2,"safe_divide(add(x2, x3), x1)","(1 * safe_divide(add(x2, x3), x1) + -1.4549458e-17)",1.0,1.0,1.0,1.0,True,0.0,2.3659406339786395e-16
program-202608501,3,"safe_divide(add(x2, x3), x1)","(1 * safe_divide(add(x2, x3), x1) + -1.4549458e-17)",1.0,1.0,1.0,1.0,True,0.0,2.3659406339786395e-16
program-202608501,4,"safe_divide(add(x2, x3), x1)","(1 * safe_divide(add(x2, x3), x1) + -1.4549458e-17)",1.0,1.0,1.0,1.0,True,0.0,2.3659406339786395e-16
program-202608502,0,"multiply(x0, multiply(x0, x3))","(1 * multiply(x0, multiply(x0, x3)) + 1.4299208e-17)",1.0,1.0,1.0,1.0,True,0.0,2.3634381285433927e-16
program-202608502,1,"multiply(x0, multiply(x0, x3))","(1 * multiply(x0, multiply(x0, x3)) + 1.4299208e-17)",1.0,1.0,1.0,1.0,True,0.0,2.3634381285433927e-16
program-202608502,2,"multiply(x0, multiply(x0, x3))","(1 * multiply(x0, multiply(x0, x3)) + 1.4299208e-17)",1.0,1.0,1.0,1.0,True,0.0,2.3634381285433927e-16
program-202608502,3,"multiply(x0, multiply(x0, x3))","(1 * multiply(x0, multiply(x0, x3)) + 1.4299208e-17)",1.0,1.0,1.0,1.0,True,0.0,2.3634381285433927e-16
program-202608502,4,"multiply(x0, multiply(x0, x3))","(1 * multiply(x0, multiply(x0, x3)) + 1.4299208e-17)",1.0,1.0,1.0,1.0,True,0.0,2.3634381285433927e-16
program-202608503,0,"add(x0, x2)","(1 * add(x0, x2) + 1.3901631e-17)",1.0,1.0,1.0,1.0,True,0.0,4.579908406690067e-16
program-202608503,1,"add(x0, x2)","(1 * add(x0, x2) + 1.3901631e-17)",1.0,1.0,1.0,1.0,True,0.0,4.579908406690067e-16
program-202608503,2,"add(x0, x2)","(1 * add(x0, x2) + 1.3901631e-17)",1.0,1.0,1.0,1.0,True,0.0,4.579908406690067e-16
program-202608503,3,"add(x0, x2)","(1 * add(x0, x2) + 1.3901631e-17)",1.0,1.0,1.0,1.0,True,0.0,4.579908406690067e-16
program-202608503,4,"add(x0, x2)","(1 * add(x0, x2) + 1.3901631e-17)",1.0,1.0,1.0,1.0,True,0.0,4.579908406690067e-16
program-202608504,0,"add(x1, x2)","(1 * add(x1, x2) + 1.0290112e-18)",1.0,1.0,1.0,1.0,True,0.0,1.120513136339352e-16
program-202608504,1,"add(x1, x2)","(1 * add(x1, x2) + 1.0290112e-18)",1.0,1.0,1.0,1.0,True,0.0,1.120513136339352e-16
program-202608504,2,"add(x1, x2)","(1 * add(x1, x2) + 1.0290112e-18)",1.0,1.0,1.0,1.0,True,0.0,1.120513136339352e-16
program-202608504,3,"add(x1, x2)","(1 * add(x1, x2) + 1.0290112e-18)",1.0,1.0,1.0,1.0,True,0.0,1.120513136339352e-16
program-202608504,4,"add(x1, x2)","(1 * add(x1, x2) + 1.0290112e-18)",1.0,1.0,1.0,1.0,True,0.0,1.120513136339352e-16
program-202608505,0,"subtract(add(x3, multiply(x1, x3)), x3)","(1 * subtract(add(x3, multiply(x1, x3)), x3) + 1.83701e-17)",1.0,1.0,1.0,1.0,True,0.0,6.845039151476283e-16
program-202608505,1,"subtract(add(x3, multiply(x1, x3)), x3)","(1 * subtract(add(x3, multiply(x1, x3)), x3) + 1.83701e-17)",1.0,1.0,1.0,1.0,True,0.0,6.845039151476283e-16
program-202608505,2,"subtract(add(x3, multiply(x1, x3)), x3)","(1 * subtract(add(x3, multiply(x1, x3)), x3) + 1.83701e-17)",1.0,1.0,1.0,1.0,True,0.0,6.845039151476283e-16
program-202608505,3,"subtract(add(x3, multiply(x1, x3)), x3)","(1 * subtract(add(x3, multiply(x1, x3)), x3) + 1.83701e-17)",1.0,1.0,1.0,1.0,True,0.0,6.845039151476283e-16
program-202608505,4,"subtract(add(x3, multiply(x1, x3)), x3)","(1 * subtract(add(x3, multiply(x1, x3)), x3) + 1.83701e-17)",1.0,1.0,1.0,1.0,True,0.0,6.845039151476283e-16
program-202608506,0,"add(x0, x2)","(1 * add(x0, x2) + -2.0652274e-17)",1.0,1.0,1.0,1.0,True,0.0,2.4269687899488387e-16
program-202608506,1,"add(x0, x2)","(1 * add(x0, x2) + -2.0652274e-17)",1.0,1.0,1.0,1.0,True,0.0,2.4269687899488387e-16
program-202608506,2,"add(x0, x2)","(1 * add(x0, x2) + -2.0652274e-17)",1.0,1.0,1.0,1.0,True,0.0,2.4269687899488387e-16
program-202608506,3,"add(x0, x2)","(1 * add(x0, x2) + -2.0652274e-17)",1.0,1.0,1.0,1.0,True,0.0,2.4269687899488387e-16
program-202608506,4,"add(x0, x2)","(1 * add(x0, x2) + -2.0652274e-17)",1.0,1.0,1.0,1.0,True,0.0,2.4269687899488387e-16
program-202608507,0,"square(add(x0, abs(x3)))","(1 * square(add(x0, abs(x3))) + -2.1288307e-17)",1.0,1.0,1.0,1.0,True,0.0,2.12883066941585e-17
program-202608507,1,"square(add(x0, abs(x3)))","(1 * square(add(x0, abs(x3))) + -2.1288307e-17)",1.0,1.0,1.0,1.0,True,0.0,2.12883066941585e-17
program-202608507,2,"square(add(x0, abs(x3)))","(1 * square(add(x0, abs(x3))) + -2.1288307e-17)",1.0,1.0,1.0,1.0,True,0.0,2.12883066941585e-17
program-202608507,3,"square(add(x0, abs(x3)))","(1 * square(add(x0, abs(x3))) + -2.1288307e-17)",1.0,1.0,1.0,1.0,True,0.0,2.12883066941585e-17
program-202608507,4,"square(add(x0, abs(x3)))","(1 * square(add(x0, abs(x3))) + -2.1288307e-17)",1.0,1.0,1.0,1.0,True,0.0,2.12883066941585e-17
program-202608508,0,"multiply(x1, add(x2, x3))","(1 * multiply(x1, add(x2, x3)) + 5.5634324e-18)",1.0,1.0,1.0,1.0,True,0.0,2.2760803731400684e-16
program-202608508,1,"multiply(x1, add(x2, x3))","(1 * multiply(x1, add(x2, x3)) + 5.5634324e-18)",1.0,1.0,1.0,1.0,True,0.0,2.2760803731400684e-16
program-202608508,2,"multiply(x1, add(x2, x3))","(1 * multiply(x1, add(x2, x3)) + 5.5634324e-18)",1.0,1.0,1.0,1.0,True,0.0,2.2760803731400684e-16
program-202608508,3,"multiply(x1, add(x2, x3))","(1 * multiply(x1, add(x2, x3)) + 5.5634324e-18)",1.0,1.0,1.0,1.0,True,0.0,2.2760803731400684e-16
program-202608508,4,"multiply(x1, add(x2, x3))","(1 * multiply(x1, add(x2, x3)) + 5.5634324e-18)",1.0,1.0,1.0,1.0,True,0.0,2.2760803731400684e-16
program-202608509,0,"square(safe_divide(square(x1), x1))","(1 * square(safe_divide(square(x1), x1)) + -2.6548242e-17)",1.0,1.0,1.0,1.0,True,0.0,2.4859284647125285e-16
program-202608509,1,"square(safe_divide(square(x1), x1))","(1 * square(safe_divide(square(x1), x1)) + -2.6548242e-17)",1.0,1.0,1.0,1.0,True,0.0,2.4859284647125285e-16
program-202608509,2,"square(safe_divide(square(x1), x1))","(1 * square(safe_divide(square(x1), x1)) + -2.6548242e-17)",1.0,1.0,1.0,1.0,True,0.0,2.4859284647125285e-16
program-202608509,3,"square(safe_divide(square(x1), x1))","(1 * square(safe_divide(square(x1), x1)) + -2.6548242e-17)",1.0,1.0,1.0,1.0,True,0.0,2.4859284647125285e-16
program-202608509,4,"square(safe_divide(square(x1), x1))","(1 * square(safe_divide(square(x1), x1)) + -2.6548242e-17)",1.0,1.0,1.0,1.0,True,0.0,2.4859284647125285e-16
program-202608510,0,square(x3),(1 * square(x3) + -6.5012158e-18),1.0,1.0,1.0,1.0,True,0.0,6.501215796617218e-18
program-202608510,1,square(x3),(1 * square(x3) + -6.5012158e-18),1.0,1.0,1.0,1.0,True,0.0,6.501215796617218e-18
program-202608510,2,square(x3),(1 * square(x3) + -6.5012158e-18),1.0,1.0,1.0,1.0,True,0.0,6.501215796617218e-18
program-202608510,3,square(x3),(1 * square(x3) + -6.5012158e-18),1.0,1.0,1.0,1.0,True,0.0,6.501215796617218e-18
program-202608510,4,square(x3),(1 * square(x3) + -6.5012158e-18),1.0,1.0,1.0,1.0,True,0.0,6.501215796617218e-18
program-202608511,0,"multiply(x1, x2)","(1 * multiply(x1, x2) + -1.0292019e-17)",1.0,1.0,1.0,1.0,True,0.0,1.2131432148985666e-16
program-202608511,1,"multiply(x1, x2)","(1 * multiply(x1, x2) + -1.0292019e-17)",1.0,1.0,1.0,1.0,True,0.0,1.2131432148985666e-16
program-202608511,2,"multiply(x1, x2)","(1 * multiply(x1, x2) + -1.0292019e-17)",1.0,1.0,1.0,1.0,True,0.0,1.2131432148985666e-16
program-202608511,3,"multiply(x1, x2)","(1 * multiply(x1, x2) + -1.0292019e-17)",1.0,1.0,1.0,1.0,True,0.0,1.2131432148985666e-16
program-202608511,4,"multiply(x1, x2)","(1 * multiply(x1, x2) + -1.0292019e-17)",1.0,1.0,1.0,1.0,True,0.0,1.2131432148985666e-16
program-202608512,0,"safe_divide(add(x2, multiply(x0, x1)), x0)","(1 * safe_divide(add(x2, multiply(x0, x1)), x0) + 2.1673111e-17)",1.0,1.0,1.0,1.0,True,0.0,6.878069261876603e-16
program-202608512,1,"safe_divide(add(x2, multiply(x0, x1)), x0)","(1 * safe_divide(add(x2, multiply(x0, x1)), x0) + 2.1673111e-17)",1.0,1.0,1.0,1.0,True,0.0,6.878069261876603e-16
program-202608512,2,"safe_divide(add(x2, multiply(x0, x1)), x0)","(1 * safe_divide(add(x2, multiply(x0, x1)), x0) + 2.1673111e-17)",1.0,1.0,1.0,1.0,True,0.0,6.878069261876603e-16
program-202608512,3,"safe_divide(add(x2, multiply(x0, x1)), x0)","(1 * safe_divide(add(x2, multiply(x0, x1)), x0) + 2.1673111e-17)",1.0,1.0,1.0,1.0,True,0.0,6.878069261876603e-16
program-202608512,4,"safe_divide(add(x2, multiply(x0, x1)), x0)","(1 * safe_divide(add(x2, multiply(x0, x1)), x0) + 2.1673111e-17)",1.0,1.0,1.0,1.0,True,0.0,6.878069261876603e-16
program-202608513,0,"safe_divide(safe_divide(x1, x3), x2)","(1 * safe_divide(safe_divide(x1, x3), x2) + -5.0099089e-17)",1.0,1.0,1.0,1.0,True,0.0,6.052106016880617e-16
program-202608513,1,"safe_divide(safe_divide(x1, x3), x2)","(1 * safe_divide(safe_divide(x1, x3), x2) + -5.0099089e-17)",1.0,1.0,1.0,1.0,True,0.0,6.052106016880617e-16
program-202608513,2,"safe_divide(safe_divide(x1, x3), x2)","(1 * safe_divide(safe_divide(x1, x3), x2) + -5.0099089e-17)",1.0,1.0,1.0,1.0,True,0.0,6.052106016880617e-16
program-202608513,3,"safe_divide(safe_divide(x1, x3), x2)","(1 * safe_divide(safe_divide(x1, x3), x2) + -5.0099089e-17)",1.0,1.0,1.0,1.0,True,0.0,6.052106016880617e-16
program-202608513,4,"safe_divide(safe_divide(x1, x3), x2)","(1 * safe_divide(safe_divide(x1, x3), x2) + -5.0099089e-17)",1.0,1.0,1.0,1.0,True,0.0,6.052106016880617e-16
program-202608514,0,"add(x1, x3)","(1 * add(x1, x3) + 3.1185868e-18)",1.0,1.0,1.0,1.0,True,0.0,1.1414088927692855e-16
program-202608514,1,"add(x1, x3)","(1 * add(x1, x3) + 3.1185868e-18)",1.0,1.0,1.0,1.0,True,0.0,1.1414088927692855e-16
program-202608514,2,"add(x1, x3)","(1 * add(x1, x3) + 3.1185868e-18)",1.0,1.0,1.0,1.0,True,0.0,1.1414088927692855e-16
program-202608514,3,"add(x1, x3)","(1 * add(x1, x3) + 3.1185868e-18)",1.0,1.0,1.0,1.0,True,0.0,1.1414088927692855e-16
program-202608514,4,"add(x1, x3)","(1 * add(x1, x3) + 3.1185868e-18)",1.0,1.0,1.0,1.0,True,0.0,1.1414088927692855e-16
program-202608515,0,"subtract(multiply(x0, x3), x0)","(1 * subtract(multiply(x0, x3), x0) + -1.7362732e-17)",1.0,1.0,1.0,1.0,True,0.0,1.2838503405959192e-16
program-202608515,1,"subtract(multiply(x0, x3), x0)","(1 * subtract(multiply(x0, x3), x0) + -1.7362732e-17)",1.0,1.0,1.0,1.0,True,0.0,1.2838503405959192e-16
program-202608515,2,"subtract(multiply(x0, x3), x0)","(1 * subtract(multiply(x0, x3), x0) + -1.7362732e-17)",1.0,1.0,1.0,1.0,True,0.0,1.2838503405959192e-16
program-202608515,3,"subtract(multiply(x0, x3), x0)","(1 * subtract(multiply(x0, x3), x0) + -1.7362732e-17)",1.0,1.0,1.0,1.0,True,0.0,1.2838503405959192e-16
program-202608515,4,"subtract(multiply(x0, x3), x0)","(1 * subtract(multiply(x0, x3), x0) + -1.7362732e-17)",1.0,1.0,1.0,1.0,True,0.0,1.2838503405959192e-16
program-202608516,0,"safe_divide(multiply(x0, x1), x0)","(1 * safe_divide(multiply(x0, x1), x0) + -3.4591497e-17)",1.0,1.0,1.0,1.0,True,0.0,1.0337922189911544e-15
program-202608516,1,"safe_divide(multiply(x0, x1), x0)","(1 * safe_divide(multiply(x0, x1), x0) + -3.4591497e-17)",1.0,1.0,1.0,1.0,True,0.0,1.0337922189911544e-15
program-202608516,2,"safe_divide(multiply(x0, x1), x0)","(1 * safe_divide(multiply(x0, x1), x0) + -3.4591497e-17)",1.0,1.0,1.0,1.0,True,0.0,1.0337922189911544e-15
program-202608516,3,"safe_divide(multiply(x0, x1), x0)","(1 * safe_divide(multiply(x0, x1), x0) + -3.4591497e-17)",1.0,1.0,1.0,1.0,True,0.0,1.0337922189911544e-15
program-202608516,4,"safe_divide(multiply(x0, x1), x0)","(1 * safe_divide(multiply(x0, x1), x0) + -3.4591497e-17)",1.0,1.0,1.0,1.0,True,0.0,1.0337922189911544e-15
program-202608517,0,"safe_divide(x3, x2)","(1 * safe_divide(x3, x2) + -4.9560306e-18)",1.0,1.0,1.0,1.0,True,0.0,4.490452404976449e-16
program-202608517,1,"safe_divide(x3, x2)","(1 * safe_divide(x3, x2) + -4.9560306e-18)",1.0,1.0,1.0,1.0,True,0.0,4.490452404976449e-16
program-202608517,2,"safe_divide(x3, x2)","(1 * safe_divide(x3, x2) + -4.9560306e-18)",1.0,1.0,1.0,1.0,True,0.0,4.490452404976449e-16
program-202608517,3,"safe_divide(x3, x2)","(1 * safe_divide(x3, x2) + -4.9560306e-18)",1.0,1.0,1.0,1.0,True,0.0,4.490452404976449e-16
program-202608517,4,"safe_divide(x3, x2)","(1 * safe_divide(x3, x2) + -4.9560306e-18)",1.0,1.0,1.0,1.0,True,0.0,4.490452404976449e-16
program-202608518,0,"subtract(subtract(subtract(x2, x3), x1), x0)","(1 * subtract(subtract(subtract(x2, x3), x1), x0) + -1.4786152e-17)",1.0,1.0,1.0,1.0,True,0.0,1.258084548554624e-16
program-202608518,1,"subtract(subtract(subtract(x2, x3), x1), x0)","(1 * subtract(subtract(subtract(x2, x3), x1), x0) + -1.4786152e-17)",1.0,1.0,1.0,1.0,True,0.0,1.258084548554624e-16
program-202608518,2,"subtract(subtract(subtract(x2, x3), x1), x0)","(1 * subtract(subtract(subtract(x2, x3), x1), x0) + -1.4786152e-17)",1.0,1.0,1.0,1.0,True,0.0,1.258084548554624e-16
program-202608518,3,"subtract(subtract(subtract(x2, x3), x1), x0)","(1 * subtract(subtract(subtract(x2, x3), x1), x0) + -1.4786152e-17)",1.0,1.0,1.0,1.0,True,0.0,1.258084548554624e-16
program-202608518,4,"subtract(subtract(subtract(x2, x3), x1), x0)","(1 * subtract(subtract(subtract(x2, x3), x1), x0) + -1.4786152e-17)",1.0,1.0,1.0,1.0,True,0.0,1.258084548554624e-16
program-202608519,0,"safe_divide(abs(multiply(x0, x2)), x1)","(1 * safe_divide(abs(multiply(x0, x2)), x1) + 7.5212837e-18)",1.0,1.0,1.0,1.0,True,0.0,7.521283738063462e-18
program-202608519,1,"safe_divide(abs(multiply(x0, x2)), x1)","(1 * safe_divide(abs(multiply(x0, x2)), x1) + 7.5212837e-18)",1.0,1.0,1.0,1.0,True,0.0,7.521283738063462e-18
program-202608519,2,"safe_divide(abs(multiply(x0, x2)), x1)","(1 * safe_divide(abs(multiply(x0, x2)), x1) + 7.5212837e-18)",1.0,1.0,1.0,1.0,True,0.0,7.521283738063462e-18
program-202608519,3,"safe_divide(abs(multiply(x0, x2)), x1)","(1 * safe_divide(abs(multiply(x0, x2)), x1) + 7.5212837e-18)",1.0,1.0,1.0,1.0,True,0.0,7.521283738063462e-18
program-202608519,4,"safe_divide(abs(multiply(x0, x2)), x1)","(1 * safe_divide(abs(multiply(x0, x2)), x1) + 7.5212837e-18)",1.0,1.0,1.0,1.0,True,0.0,7.521283738063462e-18
program-202608520,0,"safe_divide(safe_divide(x1, x2), x1)","(1 * safe_divide(safe_divide(x1, x2), x1) + 1.7931397e-17)",1.0,1.0,1.0,1.0,True,0.0,1.793139688351535e-17
program-202608520,1,"safe_divide(safe_divide(x1, x2), x1)","(1 * safe_divide(safe_divide(x1, x2), x1) + 1.7931397e-17)",1.0,1.0,1.0,1.0,True,0.0,1.793139688351535e-17
program-202608520,2,"safe_divide(safe_divide(x1, x2), x1)","(1 * safe_divide(safe_divide(x1, x2), x1) + 1.7931397e-17)",1.0,1.0,1.0,1.0,True,0.0,1.793139688351535e-17
program-202608520,3,"safe_divide(safe_divide(x1, x2), x1)","(1 * safe_divide(safe_divide(x1, x2), x1) + 1.7931397e-17)",1.0,1.0,1.0,1.0,True,0.0,1.793139688351535e-17
program-202608520,4,"safe_divide(safe_divide(x1, x2), x1)","(1 * safe_divide(safe_divide(x1, x2), x1) + 1.7931397e-17)",1.0,1.0,1.0,1.0,True,0.0,1.793139688351535e-17
program-202608521,0,"multiply(x0, x1)","(1 * multiply(x0, x1) + -1.2982338e-18)",1.0,1.0,1.0,1.0,True,0.0,6.674320485736845e-16
program-202608521,1,"multiply(x0, x1)","(1 * multiply(x0, x1) + -1.2982338e-18)",1.0,1.0,1.0,1.0,True,0.0,6.674320485736845e-16
program-202608521,2,"multiply(x0, x1)","(1 * multiply(x0, x1) + -1.2982338e-18)",1.0,1.0,1.0,1.0,True,0.0,6.674320485736845e-16
program-202608521,3,"multiply(x0, x1)","(1 * multiply(x0, x1) + -1.2982338e-18)",1.0,1.0,1.0,1.0,True,0.0,6.674320485736845e-16
program-202608521,4,"multiply(x0, x1)","(1 * multiply(x0, x1) + -1.2982338e-18)",1.0,1.0,1.0,1.0,True,0.0,6.674320485736845e-16
program-202608522,0,"subtract(safe_divide(square(x1), x3), x1)","(1 * subtract(safe_divide(multiply(x1, x1), x3), x1) + 8.3444312e-17)",1.0,1.0,1.0,0.6666666666666666,False,0.0,3.054889164821775e-16
program-202608522,1,"subtract(safe_divide(square(x1), x3), x1)","(1 * subtract(safe_divide(multiply(x1, x1), x3), x1) + 8.3444312e-17)",1.0,1.0,1.0,0.6666666666666666,False,0.0,3.054889164821775e-16
program-202608522,2,"subtract(safe_divide(square(x1), x3), x1)","(1 * subtract(safe_divide(multiply(x1, x1), x3), x1) + 8.3444312e-17)",1.0,1.0,1.0,0.6666666666666666,False,0.0,3.054889164821775e-16
program-202608522,3,"subtract(safe_divide(square(x1), x3), x1)","(1 * subtract(safe_divide(multiply(x1, x1), x3), x1) + 8.3444312e-17)",1.0,1.0,1.0,0.6666666666666666,False,0.0,3.054889164821775e-16
program-202608522,4,"subtract(safe_divide(square(x1), x3), x1)","(1 * subtract(safe_divide(multiply(x1, x1), x3), x1) + 8.3444312e-17)",1.0,1.0,1.0,0.6666666666666666,False,0.0,3.054889164821775e-16
program-202608523,0,"safe_divide(add(x3, multiply(x0, x3)), x1)","(1 * safe_divide(add(x3, multiply(x0, x3)), x1) + -1.392137e-17)",1.0,1.0,1.0,1.0,True,0.0,1.24943672611492e-16
program-202608523,1,"safe_divide(add(x3, multiply(x0, x3)), x1)","(1 * safe_divide(add(x3, multiply(x0, x3)), x1) + -1.392137e-17)",1.0,1.0,1.0,1.0,True,0.0,1.24943672611492e-16
program-202608523,2,"safe_divide(add(x3, multiply(x0, x3)), x1)","(1 * safe_divide(add(x3, multiply(x0, x3)), x1) + -1.392137e-17)",1.0,1.0,1.0,1.0,True,0.0,1.24943672611492e-16
program-202608523,3,"safe_divide(add(x3, multiply(x0, x3)), x1)","(1 * safe_divide(add(x3, multiply(x0, x3)), x1) + -1.392137e-17)",1.0,1.0,1.0,1.0,True,0.0,1.24943672611492e-16
program-202608523,4,"safe_divide(add(x3, multiply(x0, x3)), x1)","(1 * safe_divide(add(x3, multiply(x0, x3)), x1) + -1.392137e-17)",1.0,1.0,1.0,1.0,True,0.0,1.24943672611492e-16
program-202608524,0,"multiply(x1, subtract(square(x0), x2))","(1 * multiply(x1, subtract(square(x0), x2)) + -4.1251764e-17)",1.0,1.0,1.0,1.0,True,0.0,5.963632763772407e-16
program-202608524,1,"multiply(x1, subtract(square(x0), x2))","(1 * multiply(x1, subtract(square(x0), x2)) + -4.1251764e-17)",1.0,1.0,1.0,1.0,True,0.0,5.963632763772407e-16
program-202608524,2,"multiply(x1, subtract(square(x0), x2))","(1 * multiply(x1, subtract(square(x0), x2)) + -4.1251764e-17)",1.0,1.0,1.0,1.0,True,0.0,5.963632763772407e-16
program-202608524,3,"multiply(x1, subtract(square(x0), x2))","(1 * multiply(x1, subtract(square(x0), x2)) + -4.1251764e-17)",1.0,1.0,1.0,1.0,True,0.0,5.963632763772407e-16
program-202608524,4,"multiply(x1, subtract(square(x0), x2))","(1 * multiply(x1, subtract(square(x0), x2)) + -4.1251764e-17)",1.0,1.0,1.0,1.0,True,0.0,5.963632763772407e-16
program-202608525,0,"subtract(x2, x1)","(-1 * subtract(x1, x2) + -8.4422049e-18)",1.0,1.0,1.0,1.0,False,0.0,2.0
program-202608525,1,"subtract(x2, x1)","(-1 * subtract(x1, x2) + -8.4422049e-18)",1.0,1.0,1.0,1.0,False,0.0,2.0
program-202608525,2,"subtract(x2, x1)","(-1 * subtract(x1, x2) + -8.4422049e-18)",1.0,1.0,1.0,1.0,False,0.0,2.0
program-202608525,3,"subtract(x2, x1)","(-1 * subtract(x1, x2) + -8.4422049e-18)",1.0,1.0,1.0,1.0,False,0.0,2.0
program-202608525,4,"subtract(x2, x1)","(-1 * subtract(x1, x2) + -8.4422049e-18)",1.0,1.0,1.0,1.0,False,0.0,2.0
program-202608526,0,"subtract(x2, x0)","(-1 * subtract(x0, x2) + 1.7639803e-17)",1.0,1.0,1.0,1.0,False,0.0,1.9999999999999996
program-202608526,1,"subtract(x2, x0)","(-1 * subtract(x0, x2) + 1.7639803e-17)",1.0,1.0,1.0,1.0,False,0.0,1.9999999999999996
program-202608526,2,"subtract(x2, x0)","(-1 * subtract(x0, x2) + 1.7639803e-17)",1.0,1.0,1.0,1.0,False,0.0,1.9999999999999996
program-202608526,3,"subtract(x2, x0)","(-1 * subtract(x0, x2) + 1.7639803e-17)",1.0,1.0,1.0,1.0,False,0.0,1.9999999999999996
program-202608526,4,"subtract(x2, x0)","(-1 * subtract(x0, x2) + 1.7639803e-17)",1.0,1.0,1.0,1.0,False,0.0,1.9999999999999996
program-202608527,0,"safe_divide(subtract(subtract(x2, x3), x1), x2)","(1 * safe_divide(subtract(subtract(x2, x3), x1), x2) + 3.7476295e-17)",1.0,1.0,1.0,1.0,True,0.0,4.815655052927531e-16
program-202608527,1,"safe_divide(subtract(subtract(x2, x3), x1), x2)","(1 * safe_divide(subtract(subtract(x2, x3), x1), x2) + 3.7476295e-17)",1.0,1.0,1.0,1.0,True,0.0,4.815655052927531e-16
program-202608527,2,"safe_divide(subtract(subtract(x2, x3), x1), x2)","(1 * safe_divide(subtract(subtract(x2, x3), x1), x2) + 3.7476295e-17)",1.0,1.0,1.0,1.0,True,0.0,4.815655052927531e-16
program-202608527,3,"safe_divide(subtract(subtract(x2, x3), x1), x2)","(1 * safe_divide(subtract(subtract(x2, x3), x1), x2) + 3.7476295e-17)",1.0,1.0,1.0,1.0,True,0.0,4.815655052927531e-16
program-202608527,4,"safe_divide(subtract(subtract(x2, x3), x1), x2)","(1 * safe_divide(subtract(subtract(x2, x3), x1), x2) + 3.7476295e-17)",1.0,1.0,1.0,1.0,True,0.0,4.815655052927531e-16
program-202608528,0,"subtract(x0, x3)","(1 * subtract(x0, x3) + 3.2591517e-18)",1.0,1.0,1.0,1.0,True,0.0,1.1428145411313643e-16
program-202608528,1,"subtract(x0, x3)","(1 * subtract(x0, x3) + 3.2591517e-18)",1.0,1.0,1.0,1.0,True,0.0,1.1428145411313643e-16
program-202608528,2,"subtract(x0, x3)","(1 * subtract(x0, x3) + 3.2591517e-18)",1.0,1.0,1.0,1.0,True,0.0,1.1428145411313643e-16
program-202608528,3,"subtract(x0, x3)","(1 * subtract(x0, x3) + 3.2591517e-18)",1.0,1.0,1.0,1.0,True,0.0,1.1428145411313643e-16
program-202608528,4,"subtract(x0, x3)","(1 * subtract(x0, x3) + 3.2591517e-18)",1.0,1.0,1.0,1.0,True,0.0,1.1428145411313643e-16
program-202608529,0,"subtract(subtract(x2, x0), x1)","(1 * subtract(subtract(x2, x0), x1) + 1.9194961e-17)",1.0,1.0,1.0,1.0,True,0.0,4.632841707802078e-16
program-202608529,1,"subtract(subtract(x2, x0), x1)","(1 * subtract(subtract(x2, x0), x1) + 1.9194961e-17)",1.0,1.0,1.0,1.0,True,0.0,4.632841707802078e-16
program-202608529,2,"subtract(subtract(x2, x0), x1)","(1 * subtract(subtract(x2, x0), x1) + 1.9194961e-17)",1.0,1.0,1.0,1.0,True,0.0,4.632841707802078e-16
program-202608529,3,"subtract(subtract(x2, x0), x1)","(1 * subtract(subtract(x2, x0), x1) + 1.9194961e-17)",1.0,1.0,1.0,1.0,True,0.0,4.632841707802078e-16
program-202608529,4,"subtract(subtract(x2, x0), x1)","(1 * subtract(subtract(x2, x0), x1) + 1.9194961e-17)",1.0,1.0,1.0,1.0,True,0.0,4.632841707802078e-16
program-202608530,0,abs(x1),(1 * abs(x1) + 9.5890407e-17),1.0,1.0,1.0,1.0,True,0.0,7.620242213515504e-16
program-202608530,1,abs(x1),(1 * abs(x1) + 9.5890407e-17),1.0,1.0,1.0,1.0,True,0.0,7.620242213515504e-16
program-202608530,2,abs(x1),(1 * abs(x1) + 9.5890407e-17),1.0,1.0,1.0,1.0,True,0.0,7.620242213515504e-16
program-202608530,3,abs(x1),(1 * abs(x1) + 9.5890407e-17),1.0,1.0,1.0,1.0,True,0.0,7.620242213515504e-16
program-202608530,4,abs(x1),(1 * abs(x1) + 9.5890407e-17),1.0,1.0,1.0,1.0,True,0.0,7.620242213515504e-16
program-202608531,0,"square(subtract(x3, x2))","(1 * square(subtract(x2, x3)) + -6.4831551e-17)",1.0,1.0,1.0,1.0,False,0.0,5.089207608071655e-16
program-202608531,1,"square(subtract(x3, x2))","(1 * square(subtract(x2, x3)) + -6.4831551e-17)",1.0,1.0,1.0,1.0,False,0.0,5.089207608071655e-16
program-202608531,2,"square(subtract(x3, x2))","(1 * square(subtract(x2, x3)) + -6.4831551e-17)",1.0,1.0,1.0,1.0,False,0.0,5.089207608071655e-16
program-202608531,3,"square(subtract(x3, x2))","(1 * square(subtract(x2, x3)) + -6.4831551e-17)",1.0,1.0,1.0,1.0,False,0.0,5.089207608071655e-16
program-202608531,4,"square(subtract(x3, x2))","(1 * square(subtract(x2, x3)) + -6.4831551e-17)",1.0,1.0,1.0,1.0,False,0.0,5.089207608071655e-16
program-202608532,0,abs(x2),(1 * abs(x2) + 9.4271615e-17),1.0,1.0,1.0,1.0,True,0.0,9.427161460274616e-17
program-202608532,1,abs(x2),(1 * abs(x2) + 9.4271615e-17),1.0,1.0,1.0,1.0,True,0.0,9.427161460274616e-17
program-202608532,2,abs(x2),(1 * abs(x2) + 9.4271615e-17),1.0,1.0,1.0,1.0,True,0.0,9.427161460274616e-17
program-202608532,3,abs(x2),(1 * abs(x2) + 9.4271615e-17),1.0,1.0,1.0,1.0,True,0.0,9.427161460274616e-17
program-202608532,4,abs(x2),(1 * abs(x2) + 9.4271615e-17),1.0,1.0,1.0,1.0,True,0.0,9.427161460274616e-17
program-202608533,0,"subtract(x0, x3)","(1 * subtract(x0, x3) + 5.439025e-18)",1.0,1.0,1.0,1.0,True,0.0,5.439025028526809e-18
program-202608533,1,"subtract(x0, x3)","(1 * subtract(x0, x3) + 5.439025e-18)",1.0,1.0,1.0,1.0,True,0.0,5.439025028526809e-18
program-202608533,2,"subtract(x0, x3)","(1 * subtract(x0, x3) + 5.439025e-18)",1.0,1.0,1.0,1.0,True,0.0,5.439025028526809e-18
program-202608533,3,"subtract(x0, x3)","(1 * subtract(x0, x3) + 5.439025e-18)",1.0,1.0,1.0,1.0,True,0.0,5.439025028526809e-18
program-202608533,4,"subtract(x0, x3)","(1 * subtract(x0, x3) + 5.439025e-18)",1.0,1.0,1.0,1.0,True,0.0,5.439025028526809e-18
program-202608534,0,"add(x0, x2)","(1 * add(x0, x2) + -1.6721095e-17)",1.0,1.0,1.0,1.0,True,0.0,4.608103044408778e-16
program-202608534,1,"add(x0, x2)","(1 * add(x0, x2) + -1.6721095e-17)",1.0,1.0,1.0,1.0,True,0.0,4.608103044408778e-16
program-202608534,2,"add(x0, x2)","(1 * add(x0, x2) + -1.6721095e-17)",1.0,1.0,1.0,1.0,True,0.0,4.608103044408778e-16
program-202608534,3,"add(x0, x2)","(1 * add(x0, x2) + -1.6721095e-17)",1.0,1.0,1.0,1.0,True,0.0,4.608103044408778e-16
program-202608534,4,"add(x0, x2)","(1 * add(x0, x2) + -1.6721095e-17)",1.0,1.0,1.0,1.0,True,0.0,4.608103044408778e-16
program-202608535,0,"add(x2, square(x2))","(1 * add(x2, multiply(x2, x2)) + 7.3589282e-17)",1.0,1.0,1.0,0.5,False,0.0,5.176784919663275e-16
program-202608535,1,"add(x2, square(x2))","(1 * add(x2, multiply(x2, x2)) + 7.3589282e-17)",1.0,1.0,1.0,0.5,False,0.0,5.176784919663275e-16
program-202608535,2,"add(x2, square(x2))","(1 * add(x2, multiply(x2, x2)) + 7.3589282e-17)",1.0,1.0,1.0,0.5,False,0.0,5.176784919663275e-16
program-202608535,3,"add(x2, square(x2))","(1 * add(x2, multiply(x2, x2)) + 7.3589282e-17)",1.0,1.0,1.0,0.5,False,0.0,5.176784919663275e-16
program-202608535,4,"add(x2, square(x2))","(1 * add(x2, multiply(x2, x2)) + 7.3589282e-17)",1.0,1.0,1.0,0.5,False,0.0,5.176784919663275e-16
program-202608536,0,"subtract(x2, x0)","(-1 * subtract(x0, x2) + -9.7217283e-18)",1.0,1.0,1.0,1.0,False,0.0,2.0
program-202608536,1,"subtract(x2, x0)","(-1 * subtract(x0, x2) + -9.7217283e-18)",1.0,1.0,1.0,1.0,False,0.0,2.0
program-202608536,2,"subtract(x2, x0)","(-1 * subtract(x0, x2) + -9.7217283e-18)",1.0,1.0,1.0,1.0,False,0.0,2.0
program-202608536,3,"subtract(x2, x0)","(-1 * subtract(x0, x2) + -9.7217283e-18)",1.0,1.0,1.0,1.0,False,0.0,2.0
program-202608536,4,"subtract(x2, x0)","(-1 * subtract(x0, x2) + -9.7217283e-18)",1.0,1.0,1.0,1.0,False,0.0,2.0
program-202608537,0,"add(x1, add(x2, safe_divide(x1, x0)))","(1 * add(x1, add(x2, safe_divide(x1, x0))) + 5.0322949e-17)",1.0,1.0,1.0,1.0,True,0.0,7.164567641977774e-16
program-202608537,1,"add(x1, add(x2, safe_divide(x1, x0)))","(1 * add(x1, add(x2, safe_divide(x1, x0))) + 5.0322949e-17)",1.0,1.0,1.0,1.0,True,0.0,7.164567641977774e-16
program-202608537,2,"add(x1, add(x2, safe_divide(x1, x0)))","(1 * add(x1, add(x2, safe_divide(x1, x0))) + 5.0322949e-17)",1.0,1.0,1.0,1.0,True,0.0,7.164567641977774e-16
program-202608537,3,"add(x1, add(x2, safe_divide(x1, x0)))","(1 * add(x1, add(x2, safe_divide(x1, x0))) + 5.0322949e-17)",1.0,1.0,1.0,1.0,True,0.0,7.164567641977774e-16
program-202608537,4,"add(x1, add(x2, safe_divide(x1, x0)))","(1 * add(x1, add(x2, safe_divide(x1, x0))) + 5.0322949e-17)",1.0,1.0,1.0,1.0,True,0.0,7.164567641977774e-16
program-202608538,0,"abs(add(x1, safe_divide(x2, x3)))","(1 * abs(add(x1, safe_divide(x2, x3))) + -1.2475909e-17)",1.0,1.0,1.0,1.0,True,0.0,1.2475908839601775e-17
program-202608538,1,"abs(add(x1, safe_divide(x2, x3)))","(1 * abs(add(x1, safe_divide(x2, x3))) + -1.2475909e-17)",1.0,1.0,1.0,1.0,True,0.0,1.2475908839601775e-17
program-202608538,2,"abs(add(x1, safe_divide(x2, x3)))","(1 * abs(add(x1, safe_divide(x2, x3))) + -1.2475909e-17)",1.0,1.0,1.0,1.0,True,0.0,1.2475908839601775e-17
program-202608538,3,"abs(add(x1, safe_divide(x2, x3)))","(1 * abs(add(x1, safe_divide(x2, x3))) + -1.2475909e-17)",1.0,1.0,1.0,1.0,True,0.0,1.2475908839601775e-17
program-202608538,4,"abs(add(x1, safe_divide(x2, x3)))","(1 * abs(add(x1, safe_divide(x2, x3))) + -1.2475909e-17)",1.0,1.0,1.0,1.0,True,0.0,1.2475908839601775e-17
program-202608539,0,abs(x2),(1 * abs(x2) + 7.2816636e-18),1.0,1.0,1.0,1.0,True,0.0,2.2932626848597447e-16
program-202608539,1,abs(x2),(1 * abs(x2) + 7.2816636e-18),1.0,1.0,1.0,1.0,True,0.0,2.2932626848597447e-16
program-202608539,2,abs(x2),(1 * abs(x2) + 7.2816636e-18),1.0,1.0,1.0,1.0,True,0.0,2.2932626848597447e-16
program-202608539,3,abs(x2),(1 * abs(x2) + 7.2816636e-18),1.0,1.0,1.0,1.0,True,0.0,2.2932626848597447e-16
program-202608539,4,abs(x2),(1 * abs(x2) + 7.2816636e-18),1.0,1.0,1.0,1.0,True,0.0,2.2932626848597447e-16
program-202608540,0,"subtract(square(safe_divide(x2, x3)), x2)","(1 * subtract(square(safe_divide(x2, x3)), x2) + -3.3088345e-17)",1.0,1.0,1.0,1.0,True,0.0,2.551329495431038e-16
program-202608540,1,"subtract(square(safe_divide(x2, x3)), x2)","(1 * subtract(square(safe_divide(x2, x3)), x2) + -3.3088345e-17)",1.0,1.0,1.0,1.0,True,0.0,2.551329495431038e-16
program-202608540,2,"subtract(square(safe_divide(x2, x3)), x2)","(1 * subtract(square(safe_divide(x2, x3)), x2) + -3.3088345e-17)",1.0,1.0,1.0,1.0,True,0.0,2.551329495431038e-16
program-202608540,3,"subtract(square(safe_divide(x2, x3)), x2)","(1 * subtract(square(safe_divide(x2, x3)), x2) + -3.3088345e-17)",1.0,1.0,1.0,1.0,True,0.0,2.551329495431038e-16
program-202608540,4,"subtract(square(safe_divide(x2, x3)), x2)","(1 * subtract(square(safe_divide(x2, x3)), x2) + -3.3088345e-17)",1.0,1.0,1.0,1.0,True,0.0,2.551329495431038e-16
program-202608541,0,"add(x2, add(x1, x2))","(1 * add(x2, add(x1, x2)) + -4.2186411e-17)",1.0,1.0,1.0,1.0,True,0.0,4.862756210157253e-16
program-202608541,1,"add(x2, add(x1, x2))","(1 * add(x2, add(x1, x2)) + -4.2186411e-17)",1.0,1.0,1.0,1.0,True,0.0,4.862756210157253e-16
program-202608541,2,"add(x2, add(x1, x2))","(1 * add(x2, add(x1, x2)) + -4.2186411e-17)",1.0,1.0,1.0,1.0,True,0.0,4.862756210157253e-16
program-202608541,3,"add(x2, add(x1, x2))","(1 * add(x2, add(x1, x2)) + -4.2186411e-17)",1.0,1.0,1.0,1.0,True,0.0,4.862756210157253e-16
program-202608541,4,"add(x2, add(x1, x2))","(1 * add(x2, add(x1, x2)) + -4.2186411e-17)",1.0,1.0,1.0,1.0,True,0.0,4.862756210157253e-16
program-202608542,0,"subtract(abs(x1), x0)","(1 * subtract(abs(x1), x0) + -1.9675037e-16)",1.0,1.0,1.0,1.0,True,0.0,6.408395826811769e-16
program-202608542,1,"subtract(abs(x1), x0)","(1 * subtract(abs(x1), x0) + -1.9675037e-16)",1.0,1.0,1.0,1.0,True,0.0,6.408395826811769e-16
program-202608542,2,"subtract(abs(x1), x0)","(1 * subtract(abs(x1), x0) + -1.9675037e-16)",1.0,1.0,1.0,1.0,True,0.0,6.408395826811769e-16
program-202608542,3,"subtract(abs(x1), x0)","(1 * subtract(abs(x1), x0) + -1.9675037e-16)",1.0,1.0,1.0,1.0,True,0.0,6.408395826811769e-16
program-202608542,4,"subtract(abs(x1), x0)","(1 * subtract(abs(x1), x0) + -1.9675037e-16)",1.0,1.0,1.0,1.0,True,0.0,6.408395826811769e-16
program-202608543,0,abs(x2),(1 * abs(x2) + -1.4422793e-17),1.0,1.0,1.0,1.0,True,0.0,5.695343053741272e-16
program-202608543,1,abs(x2),(1 * abs(x2) + -1.4422793e-17),1.0,1.0,1.0,1.0,True,0.0,5.695343053741272e-16
program-202608543,2,abs(x2),(1 * abs(x2) + -1.4422793e-17),1.0,1.0,1.0,1.0,True,0.0,5.695343053741272e-16
program-202608543,3,abs(x2),(1 * abs(x2) + -1.4422793e-17),1.0,1.0,1.0,1.0,True,0.0,5.695343053741272e-16
program-202608543,4,abs(x2),(1 * abs(x2) + -1.4422793e-17),1.0,1.0,1.0,1.0,True,0.0,5.695343053741272e-16
program-202608544,0,"multiply(x3, square(abs(x1)))","(1 * multiply(x3, square(x1)) + -1.1703233e-17)",1.0,1.0,1.0,0.6666666666666666,False,1.0,1.2272553517888973e-16
program-202608544,1,"multiply(x3, square(abs(x1)))","(1 * multiply(x3, square(x1)) + -1.1703233e-17)",1.0,1.0,1.0,0.6666666666666666,False,1.0,1.2272553517888973e-16
program-202608544,2,"multiply(x3, square(abs(x1)))","(1 * multiply(x3, square(x1)) + -1.1703233e-17)",1.0,1.0,1.0,0.6666666666666666,False,1.0,1.2272553517888973e-16
program-202608544,3,"multiply(x3, square(abs(x1)))","(1 * multiply(x3, square(x1)) + -1.1703233e-17)",1.0,1.0,1.0,0.6666666666666666,False,1.0,1.2272553517888973e-16
program-202608544,4,"multiply(x3, square(abs(x1)))","(1 * multiply(x3, square(x1)) + -1.1703233e-17)",1.0,1.0,1.0,0.6666666666666666,False,1.0,1.2272553517888973e-16
program-202608545,0,"safe_divide(safe_divide(square(x2), x0), x3)","(1 * safe_divide(safe_divide(multiply(x2, x2), x0), x3) + 5.703843e-17)",1.0,1.0,1.0,0.6666666666666666,False,0.0,9.452168501951912e-16
program-202608545,1,"safe_divide(safe_divide(square(x2), x0), x3)","(1 * safe_divide(safe_divide(multiply(x2, x2), x0), x3) + 5.703843e-17)",1.0,1.0,1.0,0.6666666666666666,False,0.0,9.452168501951912e-16
program-202608545,2,"safe_divide(safe_divide(square(x2), x0), x3)","(1 * safe_divide(safe_divide(multiply(x2, x2), x0), x3) + 5.703843e-17)",1.0,1.0,1.0,0.6666666666666666,False,0.0,9.452168501951912e-16
program-202608545,3,"safe_divide(safe_divide(square(x2), x0), x3)","(1 * safe_divide(safe_divide(multiply(x2, x2), x0), x3) + 5.703843e-17)",1.0,1.0,1.0,0.6666666666666666,False,0.0,9.452168501951912e-16
program-202608545,4,"safe_divide(safe_divide(square(x2), x0), x3)","(1 * safe_divide(safe_divide(multiply(x2, x2), x0), x3) + 5.703843e-17)",1.0,1.0,1.0,0.6666666666666666,False,0.0,9.452168501951912e-16
program-202608546,0,"safe_divide(add(x1, safe_divide(x2, x0)), x2)","(1 * safe_divide(add(x1, safe_divide(x2, x0)), x2) + -3.8524726e-18)",1.0,1.0,1.0,1.0,True,0.0,2.2589707755821736e-16
program-202608546,1,"safe_divide(add(x1, safe_divide(x2, x0)), x2)","(1 * safe_divide(add(x1, safe_divide(x2, x0)), x2) + -3.8524726e-18)",1.0,1.0,1.0,1.0,True,0.0,2.2589707755821736e-16
program-202608546,2,"safe_divide(add(x1, safe_divide(x2, x0)), x2)","(1 * safe_divide(add(x1, safe_divide(x2, x0)), x2) + -3.8524726e-18)",1.0,1.0,1.0,1.0,True,0.0,2.2589707755821736e-16
program-202608546,3,"safe_divide(add(x1, safe_divide(x2, x0)), x2)","(1 * safe_divide(add(x1, safe_divide(x2, x0)), x2) + -3.8524726e-18)",1.0,1.0,1.0,1.0,True,0.0,2.2589707755821736e-16
program-202608546,4,"safe_divide(add(x1, safe_divide(x2, x0)), x2)","(1 * safe_divide(add(x1, safe_divide(x2, x0)), x2) + -3.8524726e-18)",1.0,1.0,1.0,1.0,True,0.0,2.2589707755821736e-16
program-202608547,0,"multiply(x1, add(x1, subtract(x3, x1)))","(-1 * multiply(x1, subtract(subtract(x1, x3), x1)) + 1.6577338e-17)",1.0,1.0,1.0,0.6666666666666666,False,0.0,2.0
program-202608547,1,"multiply(x1, add(x1, subtract(x3, x1)))","(-1 * multiply(x1, subtract(subtract(x1, x3), x1)) + 1.6577338e-17)",1.0,1.0,1.0,0.6666666666666666,False,0.0,2.0
program-202608547,2,"multiply(x1, add(x1, subtract(x3, x1)))","(-1 * multiply(x1, subtract(subtract(x1, x3), x1)) + 1.6577338e-17)",1.0,1.0,1.0,0.6666666666666666,False,0.0,2.0
program-202608547,3,"multiply(x1, add(x1, subtract(x3, x1)))","(-1 * multiply(x1, subtract(subtract(x1, x3), x1)) + 1.6577338e-17)",1.0,1.0,1.0,0.6666666666666666,False,0.0,2.0
program-202608547,4,"multiply(x1, add(x1, subtract(x3, x1)))","(-1 * multiply(x1, subtract(subtract(x1, x3), x1)) + 1.6577338e-17)",1.0,1.0,1.0,0.6666666666666666,False,0.0,2.0
program-202608548,0,"add(x0, subtract(x3, x1))","(1 * add(x0, subtract(x3, x1)) + 2.3378713e-17)",1.0,1.0,1.0,1.0,True,0.0,4.674679231237899e-16
program-202608548,1,"add(x0, subtract(x3, x1))","(1 * add(x0, subtract(x3, x1)) + 2.3378713e-17)",1.0,1.0,1.0,1.0,True,0.0,4.674679231237899e-16
program-202608548,2,"add(x0, subtract(x3, x1))","(1 * add(x0, subtract(x3, x1)) + 2.3378713e-17)",1.0,1.0,1.0,1.0,True,0.0,4.674679231237899e-16
program-202608548,3,"add(x0, subtract(x3, x1))","(1 * add(x0, subtract(x3, x1)) + 2.3378713e-17)",1.0,1.0,1.0,1.0,True,0.0,4.674679231237899e-16
program-202608548,4,"add(x0, subtract(x3, x1))","(1 * add(x0, subtract(x3, x1)) + 2.3378713e-17)",1.0,1.0,1.0,1.0,True,0.0,4.674679231237899e-16
program-202608549,0,"multiply(x0, subtract(x0, x3))","(-1 * multiply(x0, subtract(x3, x0)) + -7.5114147e-17)",1.0,1.0,1.0,1.0,False,0.0,2.0
program-202608549,1,"multiply(x0, subtract(x0, x3))","(-1 * multiply(x0, subtract(x3, x0)) + -7.5114147e-17)",1.0,1.0,1.0,1.0,False,0.0,2.0
program-202608549,2,"multiply(x0, subtract(x0, x3))","(-1 * multiply(x0, subtract(x3, x0)) + -7.5114147e-17)",1.0,1.0,1.0,1.0,False,0.0,2.0
program-202608549,3,"multiply(x0, subtract(x0, x3))","(-1 * multiply(x0, subtract(x3, x0)) + -7.5114147e-17)",1.0,1.0,1.0,1.0,False,0.0,2.0
program-202608549,4,"multiply(x0, subtract(x0, x3))","(-1 * multiply(x0, subtract(x3, x0)) + -7.5114147e-17)",1.0,1.0,1.0,1.0,False,0.0,2.0
program-202608550,0,abs(abs(x3)),(1 * abs(x3) + 8.5008871e-17),1.0,1.0,1.0,0.5,False,1.0,3.070534754645987e-16
program-202608550,1,abs(abs(x3)),(1 * abs(x3) + 8.5008871e-17),1.0,1.0,1.0,0.5,False,1.0,3.070534754645987e-16
program-202608550,2,abs(abs(x3)),(1 * abs(x3) + 8.5008871e-17),1.0,1.0,1.0,0.5,False,1.0,3.070534754645987e-16
program-202608550,3,abs(abs(x3)),(1 * abs(x3) + 8.5008871e-17),1.0,1.0,1.0,0.5,False,1.0,3.070534754645987e-16
program-202608550,4,abs(abs(x3)),(1 * abs(x3) + 8.5008871e-17),1.0,1.0,1.0,0.5,False,1.0,3.070534754645987e-16
program-202608551,0,"safe_divide(multiply(x2, subtract(x2, x3)), x0)","(1 * safe_divide(multiply(x2, subtract(x2, x3)), x0) + -1.809203e-17)",1.0,1.0,1.0,1.0,True,0.0,2.401366353654785e-16
program-202608551,1,"safe_divide(multiply(x2, subtract(x2, x3)), x0)","(1 * safe_divide(multiply(x2, subtract(x2, x3)), x0) + -1.809203e-17)",1.0,1.0,1.0,1.0,True,0.0,2.401366353654785e-16
program-202608551,2,"safe_divide(multiply(x2, subtract(x2, x3)), x0)","(1 * safe_divide(multiply(x2, subtract(x2, x3)), x0) + -1.809203e-17)",1.0,1.0,1.0,1.0,True,0.0,2.401366353654785e-16
program-202608551,3,"safe_divide(multiply(x2, subtract(x2, x3)), x0)","(1 * safe_divide(multiply(x2, subtract(x2, x3)), x0) + -1.809203e-17)",1.0,1.0,1.0,1.0,True,0.0,2.401366353654785e-16
program-202608551,4,"safe_divide(multiply(x2, subtract(x2, x3)), x0)","(1 * safe_divide(multiply(x2, subtract(x2, x3)), x0) + -1.809203e-17)",1.0,1.0,1.0,1.0,True,0.0,2.401366353654785e-16
program-202608552,0,square(x2),(1 * square(x2) + 4.796059e-17),1.0,1.0,1.0,1.0,True,0.0,2.700051947017285e-16
program-202608552,1,square(x2),(1 * square(x2) + 4.796059e-17),1.0,1.0,1.0,1.0,True,0.0,2.700051947017285e-16
program-202608552,2,square(x2),(1 * square(x2) + 4.796059e-17),1.0,1.0,1.0,1.0,True,0.0,2.700051947017285e-16
program-202608552,3,square(x2),(1 * square(x2) + 4.796059e-17),1.0,1.0,1.0,1.0,True,0.0,2.700051947017285e-16
program-202608552,4,square(x2),(1 * square(x2) + 4.796059e-17),1.0,1.0,1.0,1.0,True,0.0,2.700051947017285e-16
program-202608553,0,"add(x1, abs(x3))","(1 * add(x1, abs(x3)) + -6.9438311e-17)",1.0,1.0,1.0,1.0,True,0.0,6.943831096727296e-17
program-202608553,1,"add(x1, abs(x3))","(1 * add(x1, abs(x3)) + -6.9438311e-17)",1.0,1.0,1.0,1.0,True,0.0,6.943831096727296e-17
program-202608553,2,"add(x1, abs(x3))","(1 * add(x1, abs(x3)) + -6.9438311e-17)",1.0,1.0,1.0,1.0,True,0.0,6.943831096727296e-17
program-202608553,3,"add(x1, abs(x3))","(1 * add(x1, abs(x3)) + -6.9438311e-17)",1.0,1.0,1.0,1.0,True,0.0,6.943831096727296e-17
program-202608553,4,"add(x1, abs(x3))","(1 * add(x1, abs(x3)) + -6.9438311e-17)",1.0,1.0,1.0,1.0,True,0.0,6.943831096727296e-17
program-202608554,0,"multiply(x3, multiply(x0, add(x0, x2)))","(1 * multiply(x3, multiply(x0, add(x0, x2))) + 1.1478346e-17)",1.0,1.0,1.0,1.0,True,0.0,2.3352295114339053e-16
program-202608554,1,"multiply(x3, multiply(x0, add(x0, x2)))","(1 * multiply(x3, multiply(x0, add(x0, x2))) + 1.1478346e-17)",1.0,1.0,1.0,1.0,True,0.0,2.3352295114339053e-16
program-202608554,2,"multiply(x3, multiply(x0, add(x0, x2)))","(1 * multiply(x3, multiply(x0, add(x0, x2))) + 1.1478346e-17)",1.0,1.0,1.0,1.0,True,0.0,2.3352295114339053e-16
program-202608554,3,"multiply(x3, multiply(x0, add(x0, x2)))","(1 * multiply(x3, multiply(x0, add(x0, x2))) + 1.1478346e-17)",1.0,1.0,1.0,1.0,True,0.0,2.3352295114339053e-16
program-202608554,4,"multiply(x3, multiply(x0, add(x0, x2)))","(1 * multiply(x3, multiply(x0, add(x0, x2))) + 1.1478346e-17)",1.0,1.0,1.0,1.0,True,0.0,2.3352295114339053e-16
program-202608555,0,"safe_divide(x0, x1)","(1 * safe_divide(x0, x1) + 1.8460706e-17)",1.0,1.0,1.0,1.0,True,0.0,1.846070550099276e-17
program-202608555,1,"safe_divide(x0, x1)","(1 * safe_divide(x0, x1) + 1.8460706e-17)",1.0,1.0,1.0,1.0,True,0.0,1.846070550099276e-17
program-202608555,2,"safe_divide(x0, x1)","(1 * safe_divide(x0, x1) + 1.8460706e-17)",1.0,1.0,1.0,1.0,True,0.0,1.846070550099276e-17
program-202608555,3,"safe_divide(x0, x1)","(1 * safe_divide(x0, x1) + 1.8460706e-17)",1.0,1.0,1.0,1.0,True,0.0,1.846070550099276e-17
program-202608555,4,"safe_divide(x0, x1)","(1 * safe_divide(x0, x1) + 1.8460706e-17)",1.0,1.0,1.0,1.0,True,0.0,1.846070550099276e-17
program-202608556,0,"subtract(abs(x0), x0)","(1 * subtract(abs(x0), x0) + -3.0067132e-17)",1.0,1.0,1.0,1.0,True,0.0,8.072232495775136e-16
program-202608556,1,"subtract(abs(x0), x0)","(1 * subtract(abs(x0), x0) + -3.0067132e-17)",1.0,1.0,1.0,1.0,True,0.0,8.072232495775136e-16
program-202608556,2,"subtract(abs(x0), x0)","(1 * subtract(abs(x0), x0) + -3.0067132e-17)",1.0,1.0,1.0,1.0,True,0.0,8.072232495775136e-16
program-202608556,3,"subtract(abs(x0), x0)","(1 * subtract(abs(x0), x0) + -3.0067132e-17)",1.0,1.0,1.0,1.0,True,0.0,8.072232495775136e-16
program-202608556,4,"subtract(abs(x0), x0)","(1 * subtract(abs(x0), x0) + -3.0067132e-17)",1.0,1.0,1.0,1.0,True,0.0,8.072232495775136e-16
program-202608557,0,"subtract(multiply(x0, x1), x1)","(1 * subtract(multiply(x0, x1), x1) + -2.6216162e-17)",1.0,1.0,1.0,1.0,True,0.0,2.482607665000031e-16
program-202608557,1,"subtract(multiply(x0, x1), x1)","(1 * subtract(multiply(x0, x1), x1) + -2.6216162e-17)",1.0,1.0,1.0,1.0,True,0.0,2.482607665000031e-16
program-202608557,2,"subtract(multiply(x0, x1), x1)","(1 * subtract(multiply(x0, x1), x1) + -2.6216162e-17)",1.0,1.0,1.0,1.0,True,0.0,2.482607665000031e-16
program-202608557,3,"subtract(multiply(x0, x1), x1)","(1 * subtract(multiply(x0, x1), x1) + -2.6216162e-17)",1.0,1.0,1.0,1.0,True,0.0,2.482607665000031e-16
program-202608557,4,"subtract(multiply(x0, x1), x1)","(1 * subtract(multiply(x0, x1), x1) + -2.6216162e-17)",1.0,1.0,1.0,1.0,True,0.0,2.482607665000031e-16
program-202608558,0,"abs(square(add(x0, x2)))","(1 * square(add(x0, x2)) + -4.3683852e-17)",1.0,1.0,1.0,0.6666666666666666,False,1.0,4.368385181704499e-17
program-202608558,1,"abs(square(add(x0, x2)))","(1 * square(add(x0, x2)) + -4.3683852e-17)",1.0,1.0,1.0,0.6666666666666666,False,1.0,4.368385181704499e-17
program-202608558,2,"abs(square(add(x0, x2)))","(1 * square(add(x0, x2)) + -4.3683852e-17)",1.0,1.0,1.0,0.6666666666666666,False,1.0,4.368385181704499e-17
program-202608558,3,"abs(square(add(x0, x2)))","(1 * square(add(x0, x2)) + -4.3683852e-17)",1.0,1.0,1.0,0.6666666666666666,False,1.0,4.368385181704499e-17
program-202608558,4,"abs(square(add(x0, x2)))","(1 * square(add(x0, x2)) + -4.3683852e-17)",1.0,1.0,1.0,0.6666666666666666,False,1.0,4.368385181704499e-17
program-202608559,0,"subtract(safe_divide(abs(x1), x1), x2)","(1 * subtract(safe_divide(abs(x1), x1), x2) + -1.5599525e-17)",1.0,1.0,1.0,1.0,True,0.0,1.5599524753269062e-17
program-202608559,1,"subtract(safe_divide(abs(x1), x1), x2)","(1 * subtract(safe_divide(abs(x1), x1), x2) + -1.5599525e-17)",1.0,1.0,1.0,1.0,True,0.0,1.5599524753269062e-17
program-202608559,2,"subtract(safe_divide(abs(x1), x1), x2)","(1 * subtract(safe_divide(abs(x1), x1), x2) + -1.5599525e-17)",1.0,1.0,1.0,1.0,True,0.0,1.5599524753269062e-17
program-202608559,3,"subtract(safe_divide(abs(x1), x1), x2)","(1 * subtract(safe_divide(abs(x1), x1), x2) + -1.5599525e-17)",1.0,1.0,1.0,1.0,True,0.0,1.5599524753269062e-17
program-202608559,4,"subtract(safe_divide(abs(x1), x1), x2)","(1 * subtract(safe_divide(abs(x1), x1), x2) + -1.5599525e-17)",1.0,1.0,1.0,1.0,True,0.0,1.5599524753269062e-17
program-202608560,0,"abs(add(x1, subtract(x2, x0)))","(1 * abs(subtract(subtract(x0, x2), x1)) + 3.6145539e-17)",1.0,1.0,1.0,0.6666666666666666,False,0.0,3.614553944205154e-17
program-202608560,1,"abs(add(x1, subtract(x2, x0)))","(1 * abs(subtract(subtract(x0, x2), x1)) + 3.6145539e-17)",1.0,1.0,1.0,0.6666666666666666,False,0.0,3.614553944205154e-17
program-202608560,2,"abs(add(x1, subtract(x2, x0)))","(1 * abs(subtract(subtract(x0, x2), x1)) + 3.6145539e-17)",1.0,1.0,1.0,0.6666666666666666,False,0.0,3.614553944205154e-17
program-202608560,3,"abs(add(x1, subtract(x2, x0)))","(1 * abs(subtract(subtract(x0, x2), x1)) + 3.6145539e-17)",1.0,1.0,1.0,0.6666666666666666,False,0.0,3.614553944205154e-17
program-202608560,4,"abs(add(x1, subtract(x2, x0)))","(1 * abs(subtract(subtract(x0, x2), x1)) + 3.6145539e-17)",1.0,1.0,1.0,0.6666666666666666,False,0.0,3.614553944205154e-17
program-202608561,0,"subtract(abs(add(x0, x2)), x1)","(1 * subtract(abs(add(x0, x2)), x1) + -3.4921935e-17)",1.0,1.0,1.0,1.0,True,0.0,4.79011144535136e-16
program-202608561,1,"subtract(abs(add(x0, x2)), x1)","(1 * subtract(abs(add(x0, x2)), x1) + -3.4921935e-17)",1.0,1.0,1.0,1.0,True,0.0,4.79011144535136e-16
program-202608561,2,"subtract(abs(add(x0, x2)), x1)","(1 * subtract(abs(add(x0, x2)), x1) + -3.4921935e-17)",1.0,1.0,1.0,1.0,True,0.0,4.79011144535136e-16
program-202608561,3,"subtract(abs(add(x0, x2)), x1)","(1 * subtract(abs(add(x0, x2)), x1) + -3.4921935e-17)",1.0,1.0,1.0,1.0,True,0.0,4.79011144535136e-16
program-202608561,4,"subtract(abs(add(x0, x2)), x1)","(1 * subtract(abs(add(x0, x2)), x1) + -3.4921935e-17)",1.0,1.0,1.0,1.0,True,0.0,4.79011144535136e-16
program-202608562,0,"add(x3, safe_divide(safe_divide(x2, x3), x3))","(1 * add(x3, safe_divide(safe_divide(x2, x3), x3)) + -1.1004706e-16)",1.0,1.0,1.0,1.0,True,0.0,7.76180875945012e-16
program-202608562,1,"add(x3, safe_divide(safe_divide(x2, x3), x3))","(1 * add(x3, safe_divide(safe_divide(x2, x3), x3)) + -1.1004706e-16)",1.0,1.0,1.0,1.0,True,0.0,7.76180875945012e-16
program-202608562,2,"add(x3, safe_divide(safe_divide(x2, x3), x3))","(1 * add(x3, safe_divide(safe_divide(x2, x3), x3)) + -1.1004706e-16)",1.0,1.0,1.0,1.0,True,0.0,7.76180875945012e-16
program-202608562,3,"add(x3, safe_divide(safe_divide(x2, x3), x3))","(1 * add(x3, safe_divide(safe_divide(x2, x3), x3)) + -1.1004706e-16)",1.0,1.0,1.0,1.0,True,0.0,7.76180875945012e-16
program-202608562,4,"add(x3, safe_divide(safe_divide(x2, x3), x3))","(1 * add(x3, safe_divide(safe_divide(x2, x3), x3)) + -1.1004706e-16)",1.0,1.0,1.0,1.0,True,0.0,7.76180875945012e-16
program-202608563,0,"square(subtract(subtract(x2, x0), x0))","(1 * square(add(x0, subtract(x0, x2))) + 5.782666e-17)",1.0,1.0,1.0,0.6666666666666666,False,0.0,5.782665963364261e-17
program-202608563,1,"square(subtract(subtract(x2, x0), x0))","(1 * square(add(x0, subtract(x0, x2))) + 5.782666e-17)",1.0,1.0,1.0,0.6666666666666666,False,0.0,5.782665963364261e-17
program-202608563,2,"square(subtract(subtract(x2, x0), x0))","(1 * square(add(x0, subtract(x0, x2))) + 5.782666e-17)",1.0,1.0,1.0,0.6666666666666666,False,0.0,5.782665963364261e-17
program-202608563,3,"square(subtract(subtract(x2, x0), x0))","(1 * square(add(x0, subtract(x0, x2))) + 5.782666e-17)",1.0,1.0,1.0,0.6666666666666666,False,0.0,5.782665963364261e-17
program-202608563,4,"square(subtract(subtract(x2, x0), x0))","(1 * square(add(x0, subtract(x0, x2))) + 5.782666e-17)",1.0,1.0,1.0,0.6666666666666666,False,0.0,5.782665963364261e-17
program-202608564,0,"multiply(x2, x3)","(1 * multiply(x2, x3) + 2.4934549e-18)",1.0,1.0,1.0,1.0,True,0.0,4.465826647361266e-16
program-202608564,1,"multiply(x2, x3)","(1 * multiply(x2, x3) + 2.4934549e-18)",1.0,1.0,1.0,1.0,True,0.0,4.465826647361266e-16
program-202608564,2,"multiply(x2, x3)","(1 * multiply(x2, x3) + 2.4934549e-18)",1.0,1.0,1.0,1.0,True,0.0,4.465826647361266e-16
program-202608564,3,"multiply(x2, x3)","(1 * multiply(x2, x3) + 2.4934549e-18)",1.0,1.0,1.0,1.0,True,0.0,4.465826647361266e-16
program-202608564,4,"multiply(x2, x3)","(1 * multiply(x2, x3) + 2.4934549e-18)",1.0,1.0,1.0,1.0,True,0.0,4.465826647361266e-16
program-202608565,0,"add(x0, square(safe_divide(x2, x1)))","(1 * add(x0, square(safe_divide(x2, x1))) + -6.0416933e-20)",1.0,1.0,1.0,1.0,True,0.0,6.661942317079145e-16
program-202608565,1,"add(x0, square(safe_divide(x2, x1)))","(1 * add(x0, square(safe_divide(x2, x1))) + -6.0416933e-20)",1.0,1.0,1.0,1.0,True,0.0,6.661942317079145e-16
program-202608565,2,"add(x0, square(safe_divide(x2, x1)))","(1 * add(x0, square(safe_divide(x2, x1))) + -6.0416933e-20)",1.0,1.0,1.0,1.0,True,0.0,6.661942317079145e-16
program-202608565,3,"add(x0, square(safe_divide(x2, x1)))","(1 * add(x0, square(safe_divide(x2, x1))) + -6.0416933e-20)",1.0,1.0,1.0,1.0,True,0.0,6.661942317079145e-16
program-202608565,4,"add(x0, square(safe_divide(x2, x1)))","(1 * add(x0, square(safe_divide(x2, x1))) + -6.0416933e-20)",1.0,1.0,1.0,1.0,True,0.0,6.661942317079145e-16
program-202608566,0,"abs(multiply(x1, safe_divide(x1, x3)))","(1 * abs(multiply(x1, safe_divide(x1, x3))) + -4.649056e-17)",1.0,1.0,1.0,1.0,True,0.0,1.5751286288916046e-16
program-202608566,1,"abs(multiply(x1, safe_divide(x1, x3)))","(1 * abs(multiply(x1, safe_divide(x1, x3))) + -4.649056e-17)",1.0,1.0,1.0,1.0,True,0.0,1.5751286288916046e-16
program-202608566,2,"abs(multiply(x1, safe_divide(x1, x3)))","(1 * abs(multiply(x1, safe_divide(x1, x3))) + -4.649056e-17)",1.0,1.0,1.0,1.0,True,0.0,1.5751286288916046e-16
program-202608566,3,"abs(multiply(x1, safe_divide(x1, x3)))","(1 * abs(multiply(x1, safe_divide(x1, x3))) + -4.649056e-17)",1.0,1.0,1.0,1.0,True,0.0,1.5751286288916046e-16
program-202608566,4,"abs(multiply(x1, safe_divide(x1, x3)))","(1 * abs(multiply(x1, safe_divide(x1, x3))) + -4.649056e-17)",1.0,1.0,1.0,1.0,True,0.0,1.5751286288916046e-16
program-202608567,0,square(x1),(1 * square(x1) + -1.2308781e-16),1.0,1.0,1.0,1.0,True,0.0,1.2308780897527444e-16
program-202608567,1,square(x1),(1 * square(x1) + -1.2308781e-16),1.0,1.0,1.0,1.0,True,0.0,1.2308780897527444e-16
program-202608567,2,square(x1),(1 * square(x1) + -1.2308781e-16),1.0,1.0,1.0,1.0,True,0.0,1.2308780897527444e-16
program-202608567,3,square(x1),(1 * square(x1) + -1.2308781e-16),1.0,1.0,1.0,1.0,True,0.0,1.2308780897527444e-16
program-202608567,4,square(x1),(1 * square(x1) + -1.2308781e-16),1.0,1.0,1.0,1.0,True,0.0,1.2308780897527444e-16
program-202608568,0,"multiply(x0, multiply(x0, x2))","(1 * multiply(x0, multiply(x0, x2)) + -2.4596324e-17)",1.0,1.0,1.0,1.0,True,0.0,2.4596324282667345e-17
program-202608568,1,"multiply(x0, multiply(x0, x2))","(1 * multiply(x0, multiply(x0, x2)) + -2.4596324e-17)",1.0,1.0,1.0,1.0,True,0.0,2.4596324282667345e-17
program-202608568,2,"multiply(x0, multiply(x0, x2))","(1 * multiply(x0, multiply(x0, x2)) + -2.4596324e-17)",1.0,1.0,1.0,1.0,True,0.0,2.4596324282667345e-17
program-202608568,3,"multiply(x0, multiply(x0, x2))","(1 * multiply(x0, multiply(x0, x2)) + -2.4596324e-17)",1.0,1.0,1.0,1.0,True,0.0,2.4596324282667345e-17
program-202608568,4,"multiply(x0, multiply(x0, x2))","(1 * multiply(x0, multiply(x0, x2)) + -2.4596324e-17)",1.0,1.0,1.0,1.0,True,0.0,2.4596324282667345e-17
program-202608569,0,"safe_divide(add(x0, safe_divide(x1, x0)), x1)","(1 * safe_divide(add(x0, safe_divide(x1, x0)), x1) + -7.0923565e-17)",1.0,1.0,1.0,1.0,True,0.0,6.260350770905857e-16
program-202608569,1,"safe_divide(add(x0, safe_divide(x1, x0)), x1)","(1 * safe_divide(add(x0, safe_divide(x1, x0)), x1) + -7.0923565e-17)",1.0,1.0,1.0,1.0,True,0.0,6.260350770905857e-16
program-202608569,2,"safe_divide(add(x0, safe_divide(x1, x0)), x1)","(1 * safe_divide(add(x0, safe_divide(x1, x0)), x1) + -7.0923565e-17)",1.0,1.0,1.0,1.0,True,0.0,6.260350770905857e-16
program-202608569,3,"safe_divide(add(x0, safe_divide(x1, x0)), x1)","(1 * safe_divide(add(x0, safe_divide(x1, x0)), x1) + -7.0923565e-17)",1.0,1.0,1.0,1.0,True,0.0,6.260350770905857e-16
program-202608569,4,"safe_divide(add(x0, safe_divide(x1, x0)), x1)","(1 * safe_divide(add(x0, safe_divide(x1, x0)), x1) + -7.0923565e-17)",1.0,1.0,1.0,1.0,True,0.0,6.260350770905857e-16
program-202608570,0,"subtract(subtract(x2, x1), x1)","(1 * subtract(subtract(x2, x1), x1) + -1.0723081e-17)",1.0,1.0,1.0,1.0,True,0.0,2.327676860094871e-16
program-202608570,1,"subtract(subtract(x2, x1), x1)","(1 * subtract(subtract(x2, x1), x1) + -1.0723081e-17)",1.0,1.0,1.0,1.0,True,0.0,2.327676860094871e-16
program-202608570,2,"subtract(subtract(x2, x1), x1)","(1 * subtract(subtract(x2, x1), x1) + -1.0723081e-17)",1.0,1.0,1.0,1.0,True,0.0,2.327676860094871e-16
program-202608570,3,"subtract(subtract(x2, x1), x1)","(1 * subtract(subtract(x2, x1), x1) + -1.0723081e-17)",1.0,1.0,1.0,1.0,True,0.0,2.327676860094871e-16
program-202608570,4,"subtract(subtract(x2, x1), x1)","(1 * subtract(subtract(x2, x1), x1) + -1.0723081e-17)",1.0,1.0,1.0,1.0,True,0.0,2.327676860094871e-16
program-202608571,0,abs(x3),(1 * abs(x3) + -9.986153e-17),1.0,1.0,1.0,1.0,True,0.0,9.986153032230948e-17
program-202608571,1,abs(x3),(1 * abs(x3) + -9.986153e-17),1.0,1.0,1.0,1.0,True,0.0,9.986153032230948e-17
program-202608571,2,abs(x3),(1 * abs(x3) + -9.986153e-17),1.0,1.0,1.0,1.0,True,0.0,9.986153032230948e-17
program-202608571,3,abs(x3),(1 * abs(x3) + -9.986153e-17),1.0,1.0,1.0,1.0,True,0.0,9.986153032230948e-17
program-202608571,4,abs(x3),(1 * abs(x3) + -9.986153e-17),1.0,1.0,1.0,1.0,True,0.0,9.986153032230948e-17
program-202608572,0,"safe_divide(subtract(safe_divide(x2, x0), x1), x1)","(1 * safe_divide(subtract(safe_divide(x2, x0), x1), x1) + 1.2879144e-16)",1.0,1.0,1.0,1.0,True,0.0,1.3500367714349214e-15
program-202608572,1,"safe_divide(subtract(safe_divide(x2, x0), x1), x1)","(1 * safe_divide(subtract(safe_divide(x2, x0), x1), x1) + 1.2879144e-16)",1.0,1.0,1.0,1.0,True,0.0,1.3500367714349214e-15
program-202608572,2,"safe_divide(subtract(safe_divide(x2, x0), x1), x1)","(1 * safe_divide(subtract(safe_divide(x2, x0), x1), x1) + 1.2879144e-16)",1.0,1.0,1.0,1.0,True,0.0,1.3500367714349214e-15
program-202608572,3,"safe_divide(subtract(safe_divide(x2, x0), x1), x1)","(1 * safe_divide(subtract(safe_divide(x2, x0), x1), x1) + 1.2879144e-16)",1.0,1.0,1.0,1.0,True,0.0,1.3500367714349214e-15
program-202608572,4,"safe_divide(subtract(safe_divide(x2, x0), x1), x1)","(1 * safe_divide(subtract(safe_divide(x2, x0), x1), x1) + 1.2879144e-16)",1.0,1.0,1.0,1.0,True,0.0,1.3500367714349214e-15
program-202608573,0,abs(x0),(1 * abs(x0) + 1.1896184e-17),1.0,1.0,1.0,1.0,True,0.0,1.1896183808466124e-17
program-202608573,1,abs(x0),(1 * abs(x0) + 1.1896184e-17),1.0,1.0,1.0,1.0,True,0.0,1.1896183808466124e-17
program-202608573,2,abs(x0),(1 * abs(x0) + 1.1896184e-17),1.0,1.0,1.0,1.0,True,0.0,1.1896183808466124e-17
program-202608573,3,abs(x0),(1 * abs(x0) + 1.1896184e-17),1.0,1.0,1.0,1.0,True,0.0,1.1896183808466124e-17
program-202608573,4,abs(x0),(1 * abs(x0) + 1.1896184e-17),1.0,1.0,1.0,1.0,True,0.0,1.1896183808466124e-17
program-202608574,0,"subtract(safe_divide(x2, x0), x1)","(1 * subtract(safe_divide(x2, x0), x1) + -1.7977654e-17)",1.0,1.0,1.0,1.0,True,0.0,3.5104456115309095e-16
program-202608574,1,"subtract(safe_divide(x2, x0), x1)","(1 * subtract(safe_divide(x2, x0), x1) + -1.7977654e-17)",1.0,1.0,1.0,1.0,True,0.0,3.5104456115309095e-16
program-202608574,2,"subtract(safe_divide(x2, x0), x1)","(1 * subtract(safe_divide(x2, x0), x1) + -1.7977654e-17)",1.0,1.0,1.0,1.0,True,0.0,3.5104456115309095e-16
program-202608574,3,"subtract(safe_divide(x2, x0), x1)","(1 * subtract(safe_divide(x2, x0), x1) + -1.7977654e-17)",1.0,1.0,1.0,1.0,True,0.0,3.5104456115309095e-16
program-202608574,4,"subtract(safe_divide(x2, x0), x1)","(1 * subtract(safe_divide(x2, x0), x1) + -1.7977654e-17)",1.0,1.0,1.0,1.0,True,0.0,3.5104456115309095e-16
program-202608575,0,"safe_divide(add(x0, add(x2, x3)), x2)","(1 * safe_divide(add(x0, add(x2, x3)), x2) + 9.7446396e-17)",1.0,1.0,1.0,1.0,True,0.0,9.856248156990532e-16
program-202608575,1,"safe_divide(add(x0, add(x2, x3)), x2)","(1 * safe_divide(add(x0, add(x2, x3)), x2) + 9.7446396e-17)",1.0,1.0,1.0,1.0,True,0.0,9.856248156990532e-16
program-202608575,2,"safe_divide(add(x0, add(x2, x3)), x2)","(1 * safe_divide(add(x0, add(x2, x3)), x2) + 9.7446396e-17)",1.0,1.0,1.0,1.0,True,0.0,9.856248156990532e-16
program-202608575,3,"safe_divide(add(x0, add(x2, x3)), x2)","(1 * safe_divide(add(x0, add(x2, x3)), x2) + 9.7446396e-17)",1.0,1.0,1.0,1.0,True,0.0,9.856248156990532e-16
program-202608575,4,"safe_divide(add(x0, add(x2, x3)), x2)","(1 * safe_divide(add(x0, add(x2, x3)), x2) + 9.7446396e-17)",1.0,1.0,1.0,1.0,True,0.0,9.856248156990532e-16
program-202608576,0,"subtract(x3, x2)","(1 * subtract(x3, x2) + 3.1869841e-17)",1.0,1.0,1.0,1.0,True,0.0,6.980036557661256e-16
program-202608576,1,"subtract(x3, x2)","(1 * subtract(x3, x2) + 3.1869841e-17)",1.0,1.0,1.0,1.0,True,0.0,6.980036557661256e-16
program-202608576,2,"subtract(x3, x2)","(1 * subtract(x3, x2) + 3.1869841e-17)",1.0,1.0,1.0,1.0,True,0.0,6.980036557661256e-16
program-202608576,3,"subtract(x3, x2)","(1 * subtract(x3, x2) + 3.1869841e-17)",1.0,1.0,1.0,1.0,True,0.0,6.980036557661256e-16
program-202608576,4,"subtract(x3, x2)","(1 * subtract(x3, x2) + 3.1869841e-17)",1.0,1.0,1.0,1.0,True,0.0,6.980036557661256e-16
program-202608577,0,"square(safe_divide(abs(x1), x2))","(1 * square(safe_divide(x1, x2)) + 2.2239489e-16)",1.0,1.0,1.0,0.6666666666666666,False,1.0,8.885287006469759e-16
program-202608577,1,"square(safe_divide(abs(x1), x2))","(1 * square(safe_divide(x1, x2)) + 2.2239489e-16)",1.0,1.0,1.0,0.6666666666666666,False,1.0,8.885287006469759e-16
program-202608577,2,"square(safe_divide(abs(x1), x2))","(1 * square(safe_divide(x1, x2)) + 2.2239489e-16)",1.0,1.0,1.0,0.6666666666666666,False,1.0,8.885287006469759e-16
program-202608577,3,"square(safe_divide(abs(x1), x2))","(1 * square(safe_divide(x1, x2)) + 2.2239489e-16)",1.0,1.0,1.0,0.6666666666666666,False,1.0,8.885287006469759e-16
program-202608577,4,"square(safe_divide(abs(x1), x2))","(1 * square(safe_divide(x1, x2)) + 2.2239489e-16)",1.0,1.0,1.0,0.6666666666666666,False,1.0,8.885287006469759e-16
program-202608578,0,"multiply(x1, square(abs(x0)))","(1 * multiply(x1, square(x0)) + 9.0953333e-19)",1.0,1.0,1.0,0.6666666666666666,False,1.0,9.09533325996925e-19
program-202608578,1,"multiply(x1, square(abs(x0)))","(1 * multiply(x1, square(x0)) + 9.0953333e-19)",1.0,1.0,1.0,0.6666666666666666,False,1.0,9.09533325996925e-19
program-202608578,2,"multiply(x1, square(abs(x0)))","(1 * multiply(x1, square(x0)) + 9.0953333e-19)",1.0,1.0,1.0,0.6666666666666666,False,1.0,9.09533325996925e-19
program-202608578,3,"multiply(x1, square(abs(x0)))","(1 * multiply(x1, square(x0)) + 9.0953333e-19)",1.0,1.0,1.0,0.6666666666666666,False,1.0,9.09533325996925e-19
program-202608578,4,"multiply(x1, square(abs(x0)))","(1 * multiply(x1, square(x0)) + 9.0953333e-19)",1.0,1.0,1.0,0.6666666666666666,False,1.0,9.09533325996925e-19
program-202608579,0,square(x2),(1 * square(x2) + 1.0803213e-16),1.0,1.0,1.0,1.0,True,0.0,1.0803213304954724e-16
program-202608579,1,square(x2),(1 * square(x2) + 1.0803213e-16),1.0,1.0,1.0,1.0,True,0.0,1.0803213304954724e-16
program-202608579,2,square(x2),(1 * square(x2) + 1.0803213e-16),1.0,1.0,1.0,1.0,True,0.0,1.0803213304954724e-16
program-202608579,3,square(x2),(1 * square(x2) + 1.0803213e-16),1.0,1.0,1.0,1.0,True,0.0,1.0803213304954724e-16
program-202608579,4,square(x2),(1 * square(x2) + 1.0803213e-16),1.0,1.0,1.0,1.0,True,0.0,1.0803213304954724e-16
program-202608580,0,"square(abs(subtract(x2, x1)))","(1 * square(subtract(x1, x2)) + -5.4606862e-17)",1.0,1.0,1.0,0.6666666666666666,False,1.0,3.876737698596143e-16
program-202608580,1,"square(abs(subtract(x2, x1)))","(1 * square(subtract(x1, x2)) + -5.4606862e-17)",1.0,1.0,1.0,0.6666666666666666,False,1.0,3.876737698596143e-16
program-202608580,2,"square(abs(subtract(x2, x1)))","(1 * square(subtract(x1, x2)) + -5.4606862e-17)",1.0,1.0,1.0,0.6666666666666666,False,1.0,3.876737698596143e-16
program-202608580,3,"square(abs(subtract(x2, x1)))","(1 * square(subtract(x1, x2)) + -5.4606862e-17)",1.0,1.0,1.0,0.6666666666666666,False,1.0,3.876737698596143e-16
program-202608580,4,"square(abs(subtract(x2, x1)))","(1 * square(subtract(x1, x2)) + -5.4606862e-17)",1.0,1.0,1.0,0.6666666666666666,False,1.0,3.876737698596143e-16
program-202608581,0,abs(x1),(1 * abs(x1) + -1.291278e-17),1.0,1.0,1.0,1.0,True,0.0,4.570019900795016e-16
program-202608581,1,abs(x1),(1 * abs(x1) + -1.291278e-17),1.0,1.0,1.0,1.0,True,0.0,4.570019900795016e-16
program-202608581,2,abs(x1),(1 * abs(x1) + -1.291278e-17),1.0,1.0,1.0,1.0,True,0.0,4.570019900795016e-16
program-202608581,3,abs(x1),(1 * abs(x1) + -1.291278e-17),1.0,1.0,1.0,1.0,True,0.0,4.570019900795016e-16
program-202608581,4,abs(x1),(1 * abs(x1) + -1.291278e-17),1.0,1.0,1.0,1.0,True,0.0,4.570019900795016e-16
program-202608582,0,"safe_divide(subtract(add(x0, x3), x3), x2)","(1 * safe_divide(subtract(add(x0, x3), x3), x2) + -7.2743362e-17)",1.0,1.0,1.0,1.0,True,0.0,1.293988688666002e-15
program-202608582,1,"safe_divide(subtract(add(x0, x3), x3), x2)","(1 * safe_divide(subtract(add(x0, x3), x3), x2) + -7.2743362e-17)",1.0,1.0,1.0,1.0,True,0.0,1.293988688666002e-15
program-202608582,2,"safe_divide(subtract(add(x0, x3), x3), x2)","(1 * safe_divide(subtract(add(x0, x3), x3), x2) + -7.2743362e-17)",1.0,1.0,1.0,1.0,True,0.0,1.293988688666002e-15
program-202608582,3,"safe_divide(subtract(add(x0, x3), x3), x2)","(1 * safe_divide(subtract(add(x0, x3), x3), x2) + -7.2743362e-17)",1.0,1.0,1.0,1.0,True,0.0,1.293988688666002e-15
program-202608582,4,"safe_divide(subtract(add(x0, x3), x3), x2)","(1 * safe_divide(subtract(add(x0, x3), x3), x2) + -7.2743362e-17)",1.0,1.0,1.0,1.0,True,0.0,1.293988688666002e-15
program-202608583,0,square(x3),(1 * square(x3) + 1.7042298e-16),1.0,1.0,1.0,1.0,True,0.0,3.9246758156496888e-16
program-202608583,1,square(x3),(1 * square(x3) + 1.7042298e-16),1.0,1.0,1.0,1.0,True,0.0,3.9246758156496888e-16
program-202608583,2,square(x3),(1 * square(x3) + 1.7042298e-16),1.0,1.0,1.0,1.0,True,0.0,3.9246758156496888e-16
program-202608583,3,square(x3),(1 * square(x3) + 1.7042298e-16),1.0,1.0,1.0,1.0,True,0.0,3.9246758156496888e-16
program-202608583,4,square(x3),(1 * square(x3) + 1.7042298e-16),1.0,1.0,1.0,1.0,True,0.0,3.9246758156496888e-16
program-202608584,0,abs(x1),(1 * abs(x1) + -6.6816735e-17),1.0,1.0,1.0,1.0,True,0.0,3.99883642279756e-16
program-202608584,1,abs(x1),(1 * abs(x1) + -6.6816735e-17),1.0,1.0,1.0,1.0,True,0.0,3.99883642279756e-16
program-202608584,2,abs(x1),(1 * abs(x1) + -6.6816735e-17),1.0,1.0,1.0,1.0,True,0.0,3.99883642279756e-16
program-202608584,3,abs(x1),(1 * abs(x1) + -6.6816735e-17),1.0,1.0,1.0,1.0,True,0.0,3.99883642279756e-16
program-202608584,4,abs(x1),(1 * abs(x1) + -6.6816735e-17),1.0,1.0,1.0,1.0,True,0.0,3.99883642279756e-16
program-202608585,0,"safe_divide(x2, x1)","(1 * safe_divide(x2, x1) + 1.0861978e-20)",1.0,1.0,1.0,1.0,True,0.0,1.0861977509309022e-20
program-202608585,1,"safe_divide(x2, x1)","(1 * safe_divide(x2, x1) + 1.0861978e-20)",1.0,1.0,1.0,1.0,True,0.0,1.0861977509309022e-20
program-202608585,2,"safe_divide(x2, x1)","(1 * safe_divide(x2, x1) + 1.0861978e-20)",1.0,1.0,1.0,1.0,True,0.0,1.0861977509309022e-20
program-202608585,3,"safe_divide(x2, x1)","(1 * safe_divide(x2, x1) + 1.0861978e-20)",1.0,1.0,1.0,1.0,True,0.0,1.0861977509309022e-20
program-202608585,4,"safe_divide(x2, x1)","(1 * safe_divide(x2, x1) + 1.0861978e-20)",1.0,1.0,1.0,1.0,True,0.0,1.0861977509309022e-20
program-202608586,0,"multiply(x1, x2)","(1 * multiply(x1, x2) + -1.2413038e-17)",1.0,1.0,1.0,1.0,True,0.0,4.565022483292926e-16
program-202608586,1,"multiply(x1, x2)","(1 * multiply(x1, x2) + -1.2413038e-17)",1.0,1.0,1.0,1.0,True,0.0,4.565022483292926e-16
program-202608586,2,"multiply(x1, x2)","(1 * multiply(x1, x2) + -1.2413038e-17)",1.0,1.0,1.0,1.0,True,0.0,4.565022483292926e-16
program-202608586,3,"multiply(x1, x2)","(1 * multiply(x1, x2) + -1.2413038e-17)",1.0,1.0,1.0,1.0,True,0.0,4.565022483292926e-16
program-202608586,4,"multiply(x1, x2)","(1 * multiply(x1, x2) + -1.2413038e-17)",1.0,1.0,1.0,1.0,True,0.0,4.565022483292926e-16
program-202608587,0,"square(add(x0, x3))","(1 * square(add(x0, x3)) + -6.3639261e-17)",1.0,1.0,1.0,1.0,True,0.0,1.7466156365621075e-16
program-202608587,1,"square(add(x0, x3))","(1 * square(add(x0, x3)) + -6.3639261e-17)",1.0,1.0,1.0,1.0,True,0.0,1.7466156365621075e-16
program-202608587,2,"square(add(x0, x3))","(1 * square(add(x0, x3)) + -6.3639261e-17)",1.0,1.0,1.0,1.0,True,0.0,1.7466156365621075e-16
program-202608587,3,"square(add(x0, x3))","(1 * square(add(x0, x3)) + -6.3639261e-17)",1.0,1.0,1.0,1.0,True,0.0,1.7466156365621075e-16
program-202608587,4,"square(add(x0, x3))","(1 * square(add(x0, x3)) + -6.3639261e-17)",1.0,1.0,1.0,1.0,True,0.0,1.7466156365621075e-16
program-202608588,0,"abs(abs(safe_divide(x1, x0)))","(1 * abs(safe_divide(x1, x0)) + 1.5854389e-17)",1.0,1.0,1.0,0.6666666666666666,False,1.0,2.378989942420452e-16
program-202608588,1,"abs(abs(safe_divide(x1, x0)))","(1 * abs(safe_divide(x1, x0)) + 1.5854389e-17)",1.0,1.0,1.0,0.6666666666666666,False,1.0,2.378989942420452e-16
program-202608588,2,"abs(abs(safe_divide(x1, x0)))","(1 * abs(safe_divide(x1, x0)) + 1.5854389e-17)",1.0,1.0,1.0,0.6666666666666666,False,1.0,2.378989942420452e-16
program-202608588,3,"abs(abs(safe_divide(x1, x0)))","(1 * abs(safe_divide(x1, x0)) + 1.5854389e-17)",1.0,1.0,1.0,0.6666666666666666,False,1.0,2.378989942420452e-16
program-202608588,4,"abs(abs(safe_divide(x1, x0)))","(1 * abs(safe_divide(x1, x0)) + 1.5854389e-17)",1.0,1.0,1.0,0.6666666666666666,False,1.0,2.378989942420452e-16
program-202608589,0,"safe_divide(abs(subtract(x0, x1)), x2)","(1 * safe_divide(abs(subtract(x0, x1)), x2) + -9.203177e-17)",1.0,1.0,1.0,1.0,True,0.0,6.47143282287106e-16
program-202608589,1,"safe_divide(abs(subtract(x0, x1)), x2)","(1 * safe_divide(abs(subtract(x0, x1)), x2) + -9.203177e-17)",1.0,1.0,1.0,1.0,True,0.0,6.47143282287106e-16
program-202608589,2,"safe_divide(abs(subtract(x0, x1)), x2)","(1 * safe_divide(abs(subtract(x0, x1)), x2) + -9.203177e-17)",1.0,1.0,1.0,1.0,True,0.0,6.47143282287106e-16
program-202608589,3,"safe_divide(abs(subtract(x0, x1)), x2)","(1 * safe_divide(abs(subtract(x0, x1)), x2) + -9.203177e-17)",1.0,1.0,1.0,1.0,True,0.0,6.47143282287106e-16
program-202608589,4,"safe_divide(abs(subtract(x0, x1)), x2)","(1 * safe_divide(abs(subtract(x0, x1)), x2) + -9.203177e-17)",1.0,1.0,1.0,1.0,True,0.0,6.47143282287106e-16
program-202608590,0,"add(x0, x3)","(1 * add(x0, x3) + -1.0956482e-17)",1.0,1.0,1.0,1.0,True,0.0,1.2197878476435774e-16
program-202608590,1,"add(x0, x3)","(1 * add(x0, x3) + -1.0956482e-17)",1.0,1.0,1.0,1.0,True,0.0,1.2197878476435774e-16
program-202608590,2,"add(x0, x3)","(1 * add(x0, x3) + -1.0956482e-17)",1.0,1.0,1.0,1.0,True,0.0,1.2197878476435774e-16
program-202608590,3,"add(x0, x3)","(1 * add(x0, x3) + -1.0956482e-17)",1.0,1.0,1.0,1.0,True,0.0,1.2197878476435774e-16
program-202608590,4,"add(x0, x3)","(1 * add(x0, x3) + -1.0956482e-17)",1.0,1.0,1.0,1.0,True,0.0,1.2197878476435774e-16
program-202608591,0,"safe_divide(x1, x3)","(1 * safe_divide(x1, x3) + 3.1344419e-17)",1.0,1.0,1.0,1.0,True,0.0,1.1415674435563228e-15
program-202608591,1,"safe_divide(x1, x3)","(1 * safe_divide(x1, x3) + 3.1344419e-17)",1.0,1.0,1.0,1.0,True,0.0,1.1415674435563228e-15
program-202608591,2,"safe_divide(x1, x3)","(1 * safe_divide(x1, x3) + 3.1344419e-17)",1.0,1.0,1.0,1.0,True,0.0,1.1415674435563228e-15
program-202608591,3,"safe_divide(x1, x3)","(1 * safe_divide(x1, x3) + 3.1344419e-17)",1.0,1.0,1.0,1.0,True,0.0,1.1415674435563228e-15
program-202608591,4,"safe_divide(x1, x3)","(1 * safe_divide(x1, x3) + 3.1344419e-17)",1.0,1.0,1.0,1.0,True,0.0,1.1415674435563228e-15
program-202608592,0,"multiply(x2, multiply(x2, x3))","(1 * multiply(x2, multiply(x2, x3)) + -3.4575264e-17)",1.0,1.0,1.0,1.0,True,0.0,7.007090787456938e-16
program-202608592,1,"multiply(x2, multiply(x2, x3))","(1 * multiply(x2, multiply(x2, x3)) + -3.4575264e-17)",1.0,1.0,1.0,1.0,True,0.0,7.007090787456938e-16
program-202608592,2,"multiply(x2, multiply(x2, x3))","(1 * multiply(x2, multiply(x2, x3)) + -3.4575264e-17)",1.0,1.0,1.0,1.0,True,0.0,7.007090787456938e-16
program-202608592,3,"multiply(x2, multiply(x2, x3))","(1 * multiply(x2, multiply(x2, x3)) + -3.4575264e-17)",1.0,1.0,1.0,1.0,True,0.0,7.007090787456938e-16
program-202608592,4,"multiply(x2, multiply(x2, x3))","(1 * multiply(x2, multiply(x2, x3)) + -3.4575264e-17)",1.0,1.0,1.0,1.0,True,0.0,7.007090787456938e-16
program-202608593,0,"subtract(add(x2, safe_divide(x0, x2)), x1)","(1 * subtract(add(x2, safe_divide(x0, x2)), x1) + 4.3722308e-17)",1.0,1.0,1.0,1.0,True,0.0,2.657669131959998e-16
program-202608593,1,"subtract(add(x2, safe_divide(x0, x2)), x1)","(1 * subtract(add(x2, safe_divide(x0, x2)), x1) + 4.3722308e-17)",1.0,1.0,1.0,1.0,True,0.0,2.657669131959998e-16
program-202608593,2,"subtract(add(x2, safe_divide(x0, x2)), x1)","(1 * subtract(add(x2, safe_divide(x0, x2)), x1) + 4.3722308e-17)",1.0,1.0,1.0,1.0,True,0.0,2.657669131959998e-16
program-202608593,3,"subtract(add(x2, safe_divide(x0, x2)), x1)","(1 * subtract(add(x2, safe_divide(x0, x2)), x1) + 4.3722308e-17)",1.0,1.0,1.0,1.0,True,0.0,2.657669131959998e-16
program-202608593,4,"subtract(add(x2, safe_divide(x0, x2)), x1)","(1 * subtract(add(x2, safe_divide(x0, x2)), x1) + 4.3722308e-17)",1.0,1.0,1.0,1.0,True,0.0,2.657669131959998e-16
program-202608594,0,"subtract(square(x2), x0)","(1 * subtract(multiply(x2, x2), x0) + -3.3367369e-17)",1.0,1.0,1.0,0.5,False,0.0,3.336736930140811e-17
program-202608594,1,"subtract(square(x2), x0)","(1 * subtract(multiply(x2, x2), x0) + -3.3367369e-17)",1.0,1.0,1.0,0.5,False,0.0,3.336736930140811e-17
program-202608594,2,"subtract(square(x2), x0)","(1 * subtract(multiply(x2, x2), x0) + -3.3367369e-17)",1.0,1.0,1.0,0.5,False,0.0,3.336736930140811e-17
program-202608594,3,"subtract(square(x2), x0)","(1 * subtract(multiply(x2, x2), x0) + -3.3367369e-17)",1.0,1.0,1.0,0.5,False,0.0,3.336736930140811e-17
program-202608594,4,"subtract(square(x2), x0)","(1 * subtract(multiply(x2, x2), x0) + -3.3367369e-17)",1.0,1.0,1.0,0.5,False,0.0,3.336736930140811e-17
program-202608595,0,"subtract(add(x1, square(x0)), x3)","(1 * subtract(add(x1, square(x0)), x3) + 2.9539968e-17)",1.0,1.0,1.0,1.0,True,0.0,2.5158457254411163e-16
program-202608595,1,"subtract(add(x1, square(x0)), x3)","(1 * subtract(add(x1, square(x0)), x3) + 2.9539968e-17)",1.0,1.0,1.0,1.0,True,0.0,2.5158457254411163e-16
program-202608595,2,"subtract(add(x1, square(x0)), x3)","(1 * subtract(add(x1, square(x0)), x3) + 2.9539968e-17)",1.0,1.0,1.0,1.0,True,0.0,2.5158457254411163e-16
program-202608595,3,"subtract(add(x1, square(x0)), x3)","(1 * subtract(add(x1, square(x0)), x3) + 2.9539968e-17)",1.0,1.0,1.0,1.0,True,0.0,2.5158457254411163e-16
program-202608595,4,"subtract(add(x1, square(x0)), x3)","(1 * subtract(add(x1, square(x0)), x3) + 2.9539968e-17)",1.0,1.0,1.0,1.0,True,0.0,2.5158457254411163e-16
program-202608596,0,"safe_divide(x1, x2)","(1 * safe_divide(x1, x2) + 2.1177733e-18)",1.0,1.0,1.0,1.0,True,0.0,2.241623781961986e-16
program-202608596,1,"safe_divide(x1, x2)","(1 * safe_divide(x1, x2) + 2.1177733e-18)",1.0,1.0,1.0,1.0,True,0.0,2.241623781961986e-16
program-202608596,2,"safe_divide(x1, x2)","(1 * safe_divide(x1, x2) + 2.1177733e-18)",1.0,1.0,1.0,1.0,True,0.0,2.241623781961986e-16
program-202608596,3,"safe_divide(x1, x2)","(1 * safe_divide(x1, x2) + 2.1177733e-18)",1.0,1.0,1.0,1.0,True,0.0,2.241623781961986e-16
program-202608596,4,"safe_divide(x1, x2)","(1 * safe_divide(x1, x2) + 2.1177733e-18)",1.0,1.0,1.0,1.0,True,0.0,2.241623781961986e-16
program-202608597,0,"subtract(x1, x0)","(-1 * subtract(x0, x1) + 8.9275056e-18)",1.0,1.0,1.0,1.0,False,0.0,2.000000000000001
program-202608597,1,"subtract(x1, x0)","(-1 * subtract(x0, x1) + 8.9275056e-18)",1.0,1.0,1.0,1.0,False,0.0,2.000000000000001
program-202608597,2,"subtract(x1, x0)","(-1 * subtract(x0, x1) + 8.9275056e-18)",1.0,1.0,1.0,1.0,False,0.0,2.000000000000001
program-202608597,3,"subtract(x1, x0)","(-1 * subtract(x0, x1) + 8.9275056e-18)",1.0,1.0,1.0,1.0,False,0.0,2.000000000000001
program-202608597,4,"subtract(x1, x0)","(-1 * subtract(x0, x1) + 8.9275056e-18)",1.0,1.0,1.0,1.0,False,0.0,2.000000000000001
program-202608598,0,"subtract(x2, x1)","(-1 * subtract(x1, x2) + 8.4917047e-18)",1.0,1.0,1.0,1.0,False,0.0,2.0
program-202608598,1,"subtract(x2, x1)","(-1 * subtract(x1, x2) + 8.4917047e-18)",1.0,1.0,1.0,1.0,False,0.0,2.0
program-202608598,2,"subtract(x2, x1)","(-1 * subtract(x1, x2) + 8.4917047e-18)",1.0,1.0,1.0,1.0,False,0.0,2.0
program-202608598,3,"subtract(x2, x1)","(-1 * subtract(x1, x2) + 8.4917047e-18)",1.0,1.0,1.0,1.0,False,0.0,2.0
program-202608598,4,"subtract(x2, x1)","(-1 * subtract(x1, x2) + 8.4917047e-18)",1.0,1.0,1.0,1.0,False,0.0,2.0
program-202608599,0,"multiply(x0, x3)","(1 * multiply(x0, x3) + 1.6023354e-17)",1.0,1.0,1.0,1.0,True,0.0,4.601125637800168e-16
program-202608599,1,"multiply(x0, x3)","(1 * multiply(x0, x3) + 1.6023354e-17)",1.0,1.0,1.0,1.0,True,0.0,4.601125637800168e-16
program-202608599,2,"multiply(x0, x3)","(1 * multiply(x0, x3) + 1.6023354e-17)",1.0,1.0,1.0,1.0,True,0.0,4.601125637800168e-16
program-202608599,3,"multiply(x0, x3)","(1 * multiply(x0, x3) + 1.6023354e-17)",1.0,1.0,1.0,1.0,True,0.0,4.601125637800168e-16
program-202608599,4,"multiply(x0, x3)","(1 * multiply(x0, x3) + 1.6023354e-17)",1.0,1.0,1.0,1.0,True,0.0,4.601125637800168e-16
