dataset,problem_type,model,seed,embedding,k,method,split,alpha,raw_fallback,raw_disagreement,method_disagreement,disagreement_reduction,fixed_coordinate_error,rank_coordinate_error,fit_seconds,raw_loss,method_loss,trivial_loss,absolute_task_difference,relative_task_difference,safety_denominator,normalized_excess_risk,denominator_sensitive
steel-plates-fault,classification,controlled_mlp,0,PLE,4,Raw embedding,validation,0.0,True,0.0069977526789125,0.0069977526789125,0.0,2.601085671887508e-15,1.8020707298246224e-15,0.0,0.0011524178067749804,0.0011524178067749804,0.6459857848778665,0.0,0.0,0.6448333670710915,0.0,False
steel-plates-fault,classification,controlled_mlp,0,PLE,4,Raw embedding,test,0.0,True,0.012489085212020625,0.012489085212020625,0.0,2.601085671887508e-15,1.8020707298246224e-15,0.0,0.0012835989837981544,0.0012835989837981544,0.6455976337440515,0.0,0.0,0.6443140347602534,0.0,False
steel-plates-fault,classification,controlled_mlp,0,PLE,4,Gram-after-embedding,validation,1.0,False,0.0069977526789125,0.0,1.0,2.601085671887508e-15,1.8020707298246224e-15,0.4100867318920791,0.0011524178067749804,0.00031435707897980845,0.6459857848778665,-0.0008380607277951718,-0.7272195230482156,0.6448333670710915,-0.0012996547179339394,False
steel-plates-fault,classification,controlled_mlp,0,PLE,4,Gram-after-embedding,test,1.0,False,0.012489085212020625,0.0,1.0,2.601085671887508e-15,1.8020707298246224e-15,0.4100867318920791,0.0012835989837981544,0.011327160407428455,0.6455976337440515,0.0100435614236303,7.824532077698846,0.6443140347602534,0.015587991075450449,False
steel-plates-fault,classification,controlled_mlp,0,PLE,4,RankAdaptiveGram-after-embedding,validation,1.0,False,0.0069977526789125,0.0,1.0,2.601085671887508e-15,1.8020707298246224e-15,0.0824089350644499,0.0011524178067749804,0.024750310823335113,0.6459857848778665,0.023597893016560133,20.47685559684156,0.6448333670710915,0.0365953348905385,False
steel-plates-fault,classification,controlled_mlp,0,PLE,4,RankAdaptiveGram-after-embedding,test,1.0,False,0.012489085212020625,0.0,1.0,2.601085671887508e-15,1.8020707298246224e-15,0.0824089350644499,0.0012835989837981544,0.014263058129243665,0.6455976337440515,0.01297945914544551,10.111771128892173,0.6443140347602534,0.020144616514950066,False
steel-plates-fault,classification,controlled_mlp,0,PLE,4,SafeGram-after-embedding,validation,1.0,False,0.0069977526789125,0.0,1.0,2.601085671887508e-15,1.8020707298246224e-15,0.4100867318920791,0.0011524178067749804,0.00031435707897980845,0.6459857848778665,-0.0008380607277951718,-0.7272195230482156,0.6448333670710915,-0.0012996547179339394,False
steel-plates-fault,classification,controlled_mlp,0,PLE,4,SafeGram-after-embedding,test,1.0,False,0.012489085212020625,0.0,1.0,2.601085671887508e-15,1.8020707298246224e-15,0.4100867318920791,0.0012835989837981544,0.011327160407428455,0.6455976337440515,0.0100435614236303,7.824532077698846,0.6443140347602534,0.015587991075450449,False
steel-plates-fault,classification,controlled_mlp,0,PLE,4,SafeRankGram prediction hybrid,validation,0.25,False,0.0069977526789125,0.005248314496146381,0.25000000186316873,2.601085671887508e-15,1.8020707298246224e-15,0.0824089350644499,0.0011524178067749804,0.0029812231674413085,0.6459857848778665,0.0018288053606663282,1.5869291067136542,0.6448333670710915,0.002836089839725534,False
steel-plates-fault,classification,controlled_mlp,0,PLE,4,SafeRankGram prediction hybrid,test,0.25,False,0.012489085212020625,0.009366813920767601,0.24999999905900783,2.601085671887508e-15,1.8020707298246224e-15,0.0824089350644499,0.0012835989837981544,0.00321799788110143,0.6455976337440515,0.0019343988973032755,1.507011864078773,0.6443140347602534,0.003002260998432321,False
steel-plates-fault,classification,controlled_mlp,0,PLE,8,Raw embedding,validation,0.0,True,0.02957577085532742,0.02957577085532742,0.0,2.1564628234719632e-15,1.4128351646985961e-15,0.0,0.004558137890676894,0.004558137890676894,0.6459857848778665,0.0,0.0,0.6414276469871896,0.0,False
steel-plates-fault,classification,controlled_mlp,0,PLE,8,Raw embedding,test,0.0,True,0.03934244198531908,0.03934244198531908,0.0,2.1564628234719632e-15,1.4128351646985961e-15,0.0,0.005849078136784801,0.005849078136784801,0.6455976337440515,0.0,0.0,0.6397485556072667,0.0,False
steel-plates-fault,classification,controlled_mlp,0,PLE,8,Gram-after-embedding,validation,1.0,False,0.02957577085532742,0.0,1.0,2.1564628234719632e-15,1.4128351646985961e-15,0.23803546209819615,0.004558137890676894,0.0014554836216669627,0.6459857848778665,-0.003102654269009931,-0.6806846004716149,0.6414276469871896,-0.004837107168023109,False
steel-plates-fault,classification,controlled_mlp,0,PLE,8,Gram-after-embedding,test,1.0,False,0.03934244198531908,0.0,1.0,2.1564628234719632e-15,1.4128351646985961e-15,0.23803546209819615,0.005849078136784801,0.0004714425601345538,0.6455976337440515,-0.005377635576650247,-0.9193988267707255,0.6397485556072667,-0.008405858097710982,False
steel-plates-fault,classification,controlled_mlp,0,PLE,8,RankAdaptiveGram-after-embedding,validation,1.0,False,0.02957577085532742,0.0,1.0,2.1564628234719632e-15,1.4128351646985961e-15,0.0820406039711088,0.004558137890676894,0.09348670329978084,0.6459857848778665,0.08892856540910395,19.509845367117197,0.6414276469871896,0.13864161581872073,False
steel-plates-fault,classification,controlled_mlp,0,PLE,8,RankAdaptiveGram-after-embedding,test,1.0,False,0.03934244198531908,0.0,1.0,2.1564628234719632e-15,1.4128351646985961e-15,0.0820406039711088,0.005849078136784801,0.04933895087552977,0.6455976337440515,0.043489872738744974,7.435337966377564,0.6397485556072667,0.0679796341196319,False
steel-plates-fault,classification,controlled_mlp,0,PLE,8,SafeGram-after-embedding,validation,1.0,False,0.02957577085532742,0.0,1.0,2.1564628234719632e-15,1.4128351646985961e-15,0.23803546209819615,0.004558137890676894,0.0014554836216669627,0.6459857848778665,-0.003102654269009931,-0.6806846004716149,0.6414276469871896,-0.004837107168023109,False
steel-plates-fault,classification,controlled_mlp,0,PLE,8,SafeGram-after-embedding,test,1.0,False,0.03934244198531908,0.0,1.0,2.1564628234719632e-15,1.4128351646985961e-15,0.23803546209819615,0.005849078136784801,0.0004714425601345538,0.6455976337440515,-0.005377635576650247,-0.9193988267707255,0.6397485556072667,-0.008405858097710982,False
steel-plates-fault,classification,controlled_mlp,0,PLE,8,SafeRankGram prediction hybrid,validation,0.0,True,0.02957577085532742,0.02957577085532742,0.0,2.1564628234719632e-15,1.4128351646985961e-15,0.0820406039711088,0.004558137890676894,0.004558137890676894,0.6459857848778665,0.0,0.0,0.6414276469871896,0.0,False
steel-plates-fault,classification,controlled_mlp,0,PLE,8,SafeRankGram prediction hybrid,test,0.0,True,0.03934244198531908,0.03934244198531908,0.0,2.1564628234719632e-15,1.4128351646985961e-15,0.0820406039711088,0.005849078136784801,0.005849078136784801,0.6455976337440515,0.0,0.0,0.6397485556072667,0.0,False
steel-plates-fault,classification,controlled_mlp,0,PLE,16,Raw embedding,validation,0.0,True,0.05854382928359765,0.05854382928359765,0.0,3.723022678026724e-15,4.358916939029888e-15,0.0,0.0708222088916694,0.0708222088916694,0.6459857848778665,0.0,0.0,0.575163575986197,0.0,False
steel-plates-fault,classification,controlled_mlp,0,PLE,16,Raw embedding,test,0.0,True,0.06107002729085466,0.06107002729085466,0.0,3.723022678026724e-15,4.358916939029888e-15,0.0,0.03394742035718244,0.03394742035718244,0.6455976337440515,0.0,0.0,0.6116502133868691,0.0,False
steel-plates-fault,classification,controlled_mlp,0,PLE,16,Gram-after-embedding,validation,1.0,False,0.05854382928359765,0.0,1.0,3.723022678026724e-15,4.358916939029888e-15,0.1665039611980319,0.0708222088916694,0.0037509078207847517,0.6459857848778665,-0.06707130107088465,-0.947037689455264,0.575163575986197,-0.11661256705256705,False
steel-plates-fault,classification,controlled_mlp,0,PLE,16,Gram-after-embedding,test,1.0,False,0.06107002729085466,0.0,1.0,3.723022678026724e-15,4.358916939029888e-15,0.1665039611980319,0.03394742035718244,0.006901589063027638,0.6455976337440515,-0.027045831294154804,-0.7966976874704581,0.6116502133868691,-0.04421780733860106,False
steel-plates-fault,classification,controlled_mlp,0,PLE,16,RankAdaptiveGram-after-embedding,validation,1.0,False,0.05854382928359765,0.0,1.0,3.723022678026724e-15,4.358916939029888e-15,0.20496100978925824,0.0708222088916694,0.10338225844660603,0.6459857848778665,0.03256004955493663,0.4597434909823403,0.575163575986197,0.0566100687080331,False
steel-plates-fault,classification,controlled_mlp,0,PLE,16,RankAdaptiveGram-after-embedding,test,1.0,False,0.06107002729085466,0.0,1.0,3.723022678026724e-15,4.358916939029888e-15,0.20496100978925824,0.03394742035718244,0.06761628706759941,0.6455976337440515,0.03366886671041697,0.991794556292212,0.6116502133868691,0.05504594942260143,False
steel-plates-fault,classification,controlled_mlp,0,PLE,16,SafeGram-after-embedding,validation,1.0,False,0.05854382928359765,0.0,1.0,3.723022678026724e-15,4.358916939029888e-15,0.1665039611980319,0.0708222088916694,0.0037509078207847517,0.6459857848778665,-0.06707130107088465,-0.947037689455264,0.575163575986197,-0.11661256705256705,False
steel-plates-fault,classification,controlled_mlp,0,PLE,16,SafeGram-after-embedding,test,1.0,False,0.06107002729085466,0.0,1.0,3.723022678026724e-15,4.358916939029888e-15,0.1665039611980319,0.03394742035718244,0.006901589063027638,0.6455976337440515,-0.027045831294154804,-0.7966976874704581,0.6116502133868691,-0.04421780733860106,False
steel-plates-fault,classification,controlled_mlp,0,PLE,16,SafeRankGram prediction hybrid,validation,0.5,False,0.05854382928359765,0.02927191478113697,0.4999999976199345,3.723022678026724e-15,4.358916939029888e-15,0.20496100978925824,0.0708222088916694,0.06633985996470049,0.6459857848778665,-0.004482348926968915,-0.06329015992462445,0.575163575986197,-0.007793172436699094,False
steel-plates-fault,classification,controlled_mlp,0,PLE,16,SafeRankGram prediction hybrid,test,0.5,False,0.06107002729085466,0.030535013655493184,0.4999999998351752,3.723022678026724e-15,4.358916939029888e-15,0.20496100978925824,0.03394742035718244,0.030996387010310655,0.6455976337440515,-0.002951033346871787,-0.08692953148787402,0.6116502133868691,-0.004824707459073928,False
steel-plates-fault,classification,controlled_mlp,0,PLE,32,Raw embedding,validation,0.0,True,0.13182778106738174,0.13182778106738174,0.0,7.569323390542564e-15,6.600362454590365e-15,0.0,0.26395913951306876,0.26395913951306876,0.6459857848778665,0.0,0.0,0.38202664536479775,0.0,False
steel-plates-fault,classification,controlled_mlp,0,PLE,32,Raw embedding,test,0.0,True,0.12307469790217522,0.12307469790217522,0.0,7.569323390542564e-15,6.600362454590365e-15,0.0,0.2480600572872164,0.2480600572872164,0.6455976337440515,0.0,0.0,0.3975375764568352,0.0,False
steel-plates-fault,classification,controlled_mlp,0,PLE,32,Gram-after-embedding,validation,1.0,False,0.13182778106738174,0.0,1.0,7.569323390542564e-15,6.600362454590365e-15,0.1425238831434399,0.26395913951306876,0.0034859903376049262,0.6459857848778665,-0.2604731491754638,-0.986793447106868,0.38202664536479775,-0.6818193242168689,False
steel-plates-fault,classification,controlled_mlp,0,PLE,32,Gram-after-embedding,test,1.0,False,0.12307469790217522,0.0,1.0,7.569323390542564e-15,6.600362454590365e-15,0.1425238831434399,0.2480600572872164,0.008220406845093972,0.6455976337440515,-0.2398396504421224,-0.9668612233061932,0.3975375764568352,-0.6033131574120876,False
steel-plates-fault,classification,controlled_mlp,0,PLE,32,RankAdaptiveGram-after-embedding,validation,1.0,False,0.13182778106738174,0.0,1.0,7.569323390542564e-15,6.600362454590365e-15,0.1825354069005698,0.26395913951306876,0.19698483369477224,0.6459857848778665,-0.06697430581829653,-0.25372982326675825,0.38202664536479775,-0.17531317941014998,False
steel-plates-fault,classification,controlled_mlp,0,PLE,32,RankAdaptiveGram-after-embedding,test,1.0,False,0.12307469790217522,0.0,1.0,7.569323390542564e-15,6.600362454590365e-15,0.1825354069005698,0.2480600572872164,0.2334382989106037,0.6455976337440515,-0.014621758376612698,-0.05894442876663086,0.3975375764568352,-0.03678082083946179,False
steel-plates-fault,classification,controlled_mlp,0,PLE,32,SafeGram-after-embedding,validation,1.0,False,0.13182778106738174,0.0,1.0,7.569323390542564e-15,6.600362454590365e-15,0.1425238831434399,0.26395913951306876,0.0034859903376049262,0.6459857848778665,-0.2604731491754638,-0.986793447106868,0.38202664536479775,-0.6818193242168689,False
steel-plates-fault,classification,controlled_mlp,0,PLE,32,SafeGram-after-embedding,test,1.0,False,0.12307469790217522,0.0,1.0,7.569323390542564e-15,6.600362454590365e-15,0.1425238831434399,0.2480600572872164,0.008220406845093972,0.6455976337440515,-0.2398396504421224,-0.9668612233061932,0.3975375764568352,-0.6033131574120876,False
steel-plates-fault,classification,controlled_mlp,0,PLE,32,SafeRankGram prediction hybrid,validation,1.0,False,0.13182778106738174,0.0,1.0,7.569323390542564e-15,6.600362454590365e-15,0.1825354069005698,0.26395913951306876,0.19698483369477224,0.6459857848778665,-0.06697430581829653,-0.25372982326675825,0.38202664536479775,-0.17531317941014998,False
steel-plates-fault,classification,controlled_mlp,0,PLE,32,SafeRankGram prediction hybrid,test,1.0,False,0.12307469790217522,0.0,1.0,7.569323390542564e-15,6.600362454590365e-15,0.1825354069005698,0.2480600572872164,0.2334382989106037,0.6455976337440515,-0.014621758376612698,-0.05894442876663086,0.3975375764568352,-0.03678082083946179,False
steel-plates-fault,classification,controlled_mlp,0,RBF,4,Raw embedding,validation,0.0,True,0.0002429080507884158,0.0002429080507884158,0.0,2.542389328820958e-15,1.7499812638968092e-15,0.0,1.73281867569632e-05,1.73281867569632e-05,0.6459857848778665,0.0,0.0,0.6459684566911096,0.0,False
steel-plates-fault,classification,controlled_mlp,0,RBF,4,Raw embedding,test,0.0,True,0.0003002557231578337,0.0003002557231578337,0.0,2.542389328820958e-15,1.7499812638968092e-15,0.0,1.6149702914033488e-05,1.6149702914033488e-05,0.6455976337440515,0.0,0.0,0.6455814840411375,0.0,False
steel-plates-fault,classification,controlled_mlp,0,RBF,4,Gram-after-embedding,validation,1.0,False,0.0002429080507884158,0.0,1.0,2.542389328820958e-15,1.7499812638968092e-15,0.511504827067256,1.73281867569632e-05,0.0062618519727518866,0.6459857848778665,0.006244523785994924,360.36798734787465,0.6459684566911096,0.009666917511702807,False
steel-plates-fault,classification,controlled_mlp,0,RBF,4,Gram-after-embedding,test,1.0,False,0.0003002557231578337,0.0,1.0,2.542389328820958e-15,1.7499812638968092e-15,0.511504827067256,1.6149702914033488e-05,0.00014960905956925652,0.6455976337440515,0.00013345935665522304,8.263889271873344,0.6455814840411375,0.0002067273612306991,False
steel-plates-fault,classification,controlled_mlp,0,RBF,4,RankAdaptiveGram-after-embedding,validation,1.0,False,0.0002429080507884158,0.0,1.0,2.542389328820958e-15,1.7499812638968092e-15,0.09497260395437479,1.73281867569632e-05,0.013805193372514865,0.6459857848778665,0.013787865185757902,795.6900152993419,0.6459684566911096,0.02134448678250401,False
steel-plates-fault,classification,controlled_mlp,0,RBF,4,RankAdaptiveGram-after-embedding,test,1.0,False,0.0003002557231578337,0.0,1.0,2.542389328820958e-15,1.7499812638968092e-15,0.09497260395437479,1.6149702914033488e-05,0.0216951430753019,0.6455976337440515,0.021678993372387868,1342.377224385325,0.6455814840411375,0.03358056869395351,False
steel-plates-fault,classification,controlled_mlp,0,RBF,4,SafeGram-after-embedding,validation,0.5,False,0.0002429080507884158,0.00012145400436632378,0.5000000865672589,2.542389328820958e-15,1.7499812638968092e-15,0.511504827067256,1.73281867569632e-05,0.002330440377022166,0.6459857848778665,0.002313112190265203,133.48841530321667,0.6459684566911096,0.003580843872956,False
steel-plates-fault,classification,controlled_mlp,0,RBF,4,SafeGram-after-embedding,test,0.5,False,0.0003002557231578337,0.0001501278622267438,0.4999999978424161,2.542389328820958e-15,1.7499812638968092e-15,0.511504827067256,1.6149702914033488e-05,8.232858006908668e-05,0.6455976337440515,6.61788771550532e-05,4.097838672781171,0.6455814840411375,0.0001025104944782403,False
steel-plates-fault,classification,controlled_mlp,0,RBF,4,SafeRankGram prediction hybrid,validation,0.25,False,0.0002429080507884158,0.00018218102475950817,0.25000005488415733,2.542389328820958e-15,1.7499812638968092e-15,0.09497260395437479,1.73281867569632e-05,0.0015417291953211693,0.6459857848778665,0.001524401008564206,87.97233258994264,0.6459684566911096,0.002359869112452881,False
steel-plates-fault,classification,controlled_mlp,0,RBF,4,SafeRankGram prediction hybrid,test,0.25,False,0.0003002557231578337,0.0002251917964674512,0.24999998634805065,2.542389328820958e-15,1.7499812638968092e-15,0.09497260395437479,1.6149702914033488e-05,0.002867999413064981,0.6455976337440515,0.0028518497101509476,176.58836978807807,0.6455814840411375,0.004417489938371937,False
steel-plates-fault,classification,controlled_mlp,0,RBF,8,Raw embedding,validation,0.0,True,0.013754002028745941,0.013754002028745941,0.0,9.3338706002943e-16,1.3844609692438327e-15,0.0,0.0009342786878791279,0.0009342786878791279,0.6459857848778665,0.0,0.0,0.6450515061899874,0.0,False
steel-plates-fault,classification,controlled_mlp,0,RBF,8,Raw embedding,test,0.0,True,0.01312923658077259,0.01312923658077259,0.0,9.3338706002943e-16,1.3844609692438327e-15,0.0,0.0002623554773872489,0.0002623554773872489,0.6455976337440515,0.0,0.0,0.6453352782666643,0.0,False
steel-plates-fault,classification,controlled_mlp,0,RBF,8,Gram-after-embedding,validation,1.0,False,0.013754002028745941,0.0,1.0,9.3338706002943e-16,1.3844609692438327e-15,0.4721417420078069,0.0009342786878791279,2.3692223349889306e-05,0.6459857848778665,-0.0009105864645292385,-0.9746411604403905,0.6450515061899874,-0.001411649233884655,False
steel-plates-fault,classification,controlled_mlp,0,RBF,8,Gram-after-embedding,test,1.0,False,0.01312923658077259,0.0,1.0,9.3338706002943e-16,1.3844609692438327e-15,0.4721417420078069,0.0002623554773872489,0.00015360811575387338,0.6455976337440515,-0.00010874736163337553,-0.41450387358545354,0.6453352782666643,-0.0001685129657338199,False
steel-plates-fault,classification,controlled_mlp,0,RBF,8,RankAdaptiveGram-after-embedding,validation,1.0,False,0.013754002028745941,0.0,1.0,9.3338706002943e-16,1.3844609692438327e-15,0.09160392684862018,0.0009342786878791279,0.09183985656662269,0.6459857848778665,0.09090557787874357,97.30027994655964,0.6450515061899874,0.14092762671880205,False
steel-plates-fault,classification,controlled_mlp,0,RBF,8,RankAdaptiveGram-after-embedding,test,1.0,False,0.01312923658077259,0.0,1.0,9.3338706002943e-16,1.3844609692438327e-15,0.09160392684862018,0.0002623554773872489,0.10052498890961901,0.6455976337440515,0.10026263343223177,382.16329398085884,0.6453352782666643,0.155365182733434,False
steel-plates-fault,classification,controlled_mlp,0,RBF,8,SafeGram-after-embedding,validation,1.0,False,0.013754002028745941,0.0,1.0,9.3338706002943e-16,1.3844609692438327e-15,0.4721417420078069,0.0009342786878791279,2.3692223349889306e-05,0.6459857848778665,-0.0009105864645292385,-0.9746411604403905,0.6450515061899874,-0.001411649233884655,False
steel-plates-fault,classification,controlled_mlp,0,RBF,8,SafeGram-after-embedding,test,1.0,False,0.01312923658077259,0.0,1.0,9.3338706002943e-16,1.3844609692438327e-15,0.4721417420078069,0.0002623554773872489,0.00015360811575387338,0.6455976337440515,-0.00010874736163337553,-0.41450387358545354,0.6453352782666643,-0.0001685129657338199,False
steel-plates-fault,classification,controlled_mlp,0,RBF,8,SafeRankGram prediction hybrid,validation,0.0,True,0.013754002028745941,0.013754002028745941,0.0,9.3338706002943e-16,1.3844609692438327e-15,0.09160392684862018,0.0009342786878791279,0.0009342786878791279,0.6459857848778665,0.0,0.0,0.6450515061899874,0.0,False
steel-plates-fault,classification,controlled_mlp,0,RBF,8,SafeRankGram prediction hybrid,test,0.0,True,0.01312923658077259,0.01312923658077259,0.0,9.3338706002943e-16,1.3844609692438327e-15,0.09160392684862018,0.0002623554773872489,0.0002623554773872489,0.6455976337440515,0.0,0.0,0.6453352782666643,0.0,False
steel-plates-fault,classification,controlled_mlp,0,RBF,16,Raw embedding,validation,0.0,True,0.0904443567901693,0.0904443567901693,0.0,1.5550870031189595e-15,1.8627689425024177e-15,0.0,0.14986593983548407,0.14986593983548407,0.6459857848778665,0.0,0.0,0.49611984504238243,0.0,False
steel-plates-fault,classification,controlled_mlp,0,RBF,16,Raw embedding,test,0.0,True,0.11088807474325144,0.11088807474325144,0.0,1.5550870031189595e-15,1.8627689425024177e-15,0.0,0.09380930501391026,0.09380930501391026,0.6455976337440515,0.0,0.0,0.5517883287301413,0.0,False
steel-plates-fault,classification,controlled_mlp,0,RBF,16,Gram-after-embedding,validation,1.0,False,0.0904443567901693,0.0,1.0,1.5550870031189595e-15,1.8627689425024177e-15,0.5113879879936576,0.14986593983548407,0.05533678343497734,0.6459857848778665,-0.09452915640050674,-0.6307581062399935,0.49611984504238243,-0.19053693849402722,False
steel-plates-fault,classification,controlled_mlp,0,RBF,16,Gram-after-embedding,test,1.0,False,0.11088807474325144,0.0,1.0,1.5550870031189595e-15,1.8627689425024177e-15,0.5113879879936576,0.09380930501391026,0.04270793483134972,0.6455976337440515,-0.051101370182560536,-0.5447366887003705,0.5517883287301413,-0.09261045861582962,False
steel-plates-fault,classification,controlled_mlp,0,RBF,16,RankAdaptiveGram-after-embedding,validation,1.0,False,0.0904443567901693,0.0,1.0,1.5550870031189595e-15,1.8627689425024177e-15,0.07691281707957387,0.14986593983548407,0.2254553567199824,0.6459857848778665,0.07558941688449833,0.5043802278721696,0.49611984504238243,0.1523612039305561,False
steel-plates-fault,classification,controlled_mlp,0,RBF,16,RankAdaptiveGram-after-embedding,test,1.0,False,0.11088807474325144,0.0,1.0,1.5550870031189595e-15,1.8627689425024177e-15,0.07691281707957387,0.09380930501391026,0.28186615741120036,0.6455976337440515,0.1880568523972901,2.00467163006276,0.5517883287301413,0.3408133927552889,False
steel-plates-fault,classification,controlled_mlp,0,RBF,16,SafeGram-after-embedding,validation,1.0,False,0.0904443567901693,0.0,1.0,1.5550870031189595e-15,1.8627689425024177e-15,0.5113879879936576,0.14986593983548407,0.05533678343497734,0.6459857848778665,-0.09452915640050674,-0.6307581062399935,0.49611984504238243,-0.19053693849402722,False
steel-plates-fault,classification,controlled_mlp,0,RBF,16,SafeGram-after-embedding,test,1.0,False,0.11088807474325144,0.0,1.0,1.5550870031189595e-15,1.8627689425024177e-15,0.5113879879936576,0.09380930501391026,0.04270793483134972,0.6455976337440515,-0.051101370182560536,-0.5447366887003705,0.5517883287301413,-0.09261045861582962,False
steel-plates-fault,classification,controlled_mlp,0,RBF,16,SafeRankGram prediction hybrid,validation,0.0,True,0.0904443567901693,0.0904443567901693,0.0,1.5550870031189595e-15,1.8627689425024177e-15,0.07691281707957387,0.14986593983548407,0.14986593983548407,0.6459857848778665,0.0,0.0,0.49611984504238243,0.0,False
steel-plates-fault,classification,controlled_mlp,0,RBF,16,SafeRankGram prediction hybrid,test,0.0,True,0.11088807474325144,0.11088807474325144,0.0,1.5550870031189595e-15,1.8627689425024177e-15,0.07691281707957387,0.09380930501391026,0.09380930501391026,0.6455976337440515,0.0,0.0,0.5517883287301413,0.0,False
steel-plates-fault,classification,controlled_mlp,0,RBF,32,Raw embedding,validation,0.0,True,0.17523470021114967,0.17523470021114967,0.0,1.8048254832882856e-15,1.6530939354172683e-15,0.0,0.28152518415891836,0.28152518415891836,0.6459857848778665,0.0,0.0,0.36446060071894815,0.0,False
steel-plates-fault,classification,controlled_mlp,0,RBF,32,Raw embedding,test,0.0,True,0.1695979377212844,0.1695979377212844,0.0,1.8048254832882856e-15,1.6530939354172683e-15,0.0,0.38536587847170123,0.38536587847170123,0.6455976337440515,0.0,0.0,0.2602317552723503,0.0,False
steel-plates-fault,classification,controlled_mlp,0,RBF,32,Gram-after-embedding,validation,1.0,False,0.17523470021114967,0.0,1.0,1.8048254832882856e-15,1.6530939354172683e-15,0.15515820891596377,0.28152518415891836,0.1432236476850921,0.6459857848778665,-0.13830153647382626,-0.4912581333958255,0.36446060071894815,-0.37946910091518166,False
steel-plates-fault,classification,controlled_mlp,0,RBF,32,Gram-after-embedding,test,1.0,False,0.1695979377212844,0.0,1.0,1.8048254832882856e-15,1.6530939354172683e-15,0.15515820891596377,0.38536587847170123,0.10729512024304333,0.6455976337440515,-0.2780707582286579,-0.7215759717270288,0.2602317552723503,-1.0685504462652449,False
steel-plates-fault,classification,controlled_mlp,0,RBF,32,RankAdaptiveGram-after-embedding,validation,1.0,False,0.17523470021114967,0.0,1.0,1.8048254832882856e-15,1.6530939354172683e-15,0.07045693299733102,0.28152518415891836,0.5625037308638587,0.6459857848778665,0.2809785467049404,0.9980582999861589,0.36446060071894815,0.7709435427332116,False
steel-plates-fault,classification,controlled_mlp,0,RBF,32,RankAdaptiveGram-after-embedding,test,1.0,False,0.1695979377212844,0.0,1.0,1.8048254832882856e-15,1.6530939354172683e-15,0.07045693299733102,0.38536587847170123,0.529017840952351,0.6455976337440515,0.14365196248064982,0.37276772673893777,0.2602317552723503,0.5520154999158662,False
steel-plates-fault,classification,controlled_mlp,0,RBF,32,SafeGram-after-embedding,validation,1.0,False,0.17523470021114967,0.0,1.0,1.8048254832882856e-15,1.6530939354172683e-15,0.15515820891596377,0.28152518415891836,0.1432236476850921,0.6459857848778665,-0.13830153647382626,-0.4912581333958255,0.36446060071894815,-0.37946910091518166,False
steel-plates-fault,classification,controlled_mlp,0,RBF,32,SafeGram-after-embedding,test,1.0,False,0.1695979377212844,0.0,1.0,1.8048254832882856e-15,1.6530939354172683e-15,0.15515820891596377,0.38536587847170123,0.10729512024304333,0.6455976337440515,-0.2780707582286579,-0.7215759717270288,0.2602317552723503,-1.0685504462652449,False
steel-plates-fault,classification,controlled_mlp,0,RBF,32,SafeRankGram prediction hybrid,validation,0.0,True,0.17523470021114967,0.17523470021114967,0.0,1.8048254832882856e-15,1.6530939354172683e-15,0.07045693299733102,0.28152518415891836,0.28152518415891836,0.6459857848778665,0.0,0.0,0.36446060071894815,0.0,False
steel-plates-fault,classification,controlled_mlp,0,RBF,32,SafeRankGram prediction hybrid,test,0.0,True,0.1695979377212844,0.1695979377212844,0.0,1.8048254832882856e-15,1.6530939354172683e-15,0.07045693299733102,0.38536587847170123,0.38536587847170123,0.6455976337440515,0.0,0.0,0.2602317552723503,0.0,False
california_housing,regression,controlled_mlp,0,PLE,4,Raw embedding,validation,0.0,True,0.11051612469700153,0.11051612469700153,0.0,1.806572406209866e-15,2.218579720618108e-15,0.0,59960.82521336807,59960.82521336807,109670.020675679,0.0,0.0,49709.19546231093,0.0,False
california_housing,regression,controlled_mlp,0,PLE,4,Raw embedding,test,0.0,True,0.11939647257183614,0.11939647257183614,0.0,1.806572406209866e-15,2.218579720618108e-15,0.0,61571.83915083235,61571.83915083235,113685.69177493482,0.0,0.0,52113.852624102474,0.0,False
california_housing,regression,controlled_mlp,0,PLE,4,Gram-after-embedding,validation,1.0,False,0.11051612469700153,0.0,1.0,1.806572406209866e-15,2.218579720618108e-15,0.2551845679990947,59960.82521336807,65000.51590443061,109670.020675679,5039.69069106254,0.08404972201648347,49709.19546231093,0.10138346927951367,False
california_housing,regression,controlled_mlp,0,PLE,4,Gram-after-embedding,test,1.0,False,0.11939647257183614,0.0,1.0,1.806572406209866e-15,2.218579720618108e-15,0.2551845679990947,61571.83915083235,71296.95794537957,113685.69177493482,9725.118794547227,0.15794751186047298,52113.852624102474,0.18661293120457945,False
california_housing,regression,controlled_mlp,0,PLE,4,RankAdaptiveGram-after-embedding,validation,1.0,False,0.11051612469700153,0.0,1.0,1.806572406209866e-15,2.218579720618108e-15,0.22391239507123828,59960.82521336807,62975.315455227574,109670.020675679,3014.490241859501,0.05027432879938801,49709.19546231093,0.060642507162383286,False
california_housing,regression,controlled_mlp,0,PLE,4,RankAdaptiveGram-after-embedding,test,1.0,False,0.11939647257183614,0.0,1.0,1.806572406209866e-15,2.218579720618108e-15,0.22391239507123828,61571.83915083235,68177.36094595771,113685.69177493482,6605.521795125365,0.10728154114324633,52113.852624102474,0.12675174569746422,False
california_housing,regression,controlled_mlp,0,PLE,4,SafeGram-after-embedding,validation,0.25,False,0.11051612469700153,0.08288709352275114,0.2500000000000001,1.806572406209866e-15,2.218579720618108e-15,0.2551845679990947,59960.82521336807,59142.533021623254,109670.020675679,-818.2921917448184,-0.01364711357512109,49709.19546231093,-0.016461585912514724,False
california_housing,regression,controlled_mlp,0,PLE,4,SafeGram-after-embedding,test,0.25,False,0.11939647257183614,0.0895473544288771,0.2500000000000001,1.806572406209866e-15,2.218579720618108e-15,0.2551845679990947,61571.83915083235,61606.097117464604,113685.69177493482,34.257966632256284,0.0005563901794184619,52113.852624102474,0.0006573677613006124,False
california_housing,regression,controlled_mlp,0,PLE,4,SafeRankGram prediction hybrid,validation,0.0,True,0.11051612469700153,0.11051612469700153,0.0,1.806572406209866e-15,2.218579720618108e-15,0.22391239507123828,59960.82521336807,59960.82521336807,109670.020675679,0.0,0.0,49709.19546231093,0.0,False
california_housing,regression,controlled_mlp,0,PLE,4,SafeRankGram prediction hybrid,test,0.0,True,0.11939647257183614,0.11939647257183614,0.0,1.806572406209866e-15,2.218579720618108e-15,0.22391239507123828,61571.83915083235,61571.83915083235,113685.69177493482,0.0,0.0,52113.852624102474,0.0,False
california_housing,regression,controlled_mlp,0,PLE,8,Raw embedding,validation,0.0,True,0.11418106111705727,0.11418106111705727,0.0,7.546119829130262e-15,1.0592053414180684e-14,0.0,55785.08697938087,55785.08697938087,109670.020675679,0.0,0.0,53884.93369629813,0.0,False
california_housing,regression,controlled_mlp,0,PLE,8,Raw embedding,test,0.0,True,0.11854954786854172,0.11854954786854172,0.0,7.546119829130262e-15,1.0592053414180684e-14,0.0,61054.230927608005,61054.230927608005,113685.69177493482,0.0,0.0,52631.460847326816,0.0,False
california_housing,regression,controlled_mlp,0,PLE,8,Gram-after-embedding,validation,1.0,False,0.11418106111705727,0.0,1.0,7.546119829130262e-15,1.0592053414180684e-14,0.2533236399758607,55785.08697938087,60331.89341080579,109670.020675679,4546.80643142492,0.08150576933052912,53884.93369629813,0.08437992068527467,False
california_housing,regression,controlled_mlp,0,PLE,8,Gram-after-embedding,test,1.0,False,0.11854954786854172,0.0,1.0,7.546119829130262e-15,1.0592053414180684e-14,0.2533236399758607,61054.230927608005,67924.59099242851,113685.69177493482,6870.360064820503,0.11252881185198595,52631.460847326816,0.13053713414396806,False
california_housing,regression,controlled_mlp,0,PLE,8,RankAdaptiveGram-after-embedding,validation,1.0,False,0.11418106111705727,0.0,1.0,7.546119829130262e-15,1.0592053414180684e-14,0.19762507500126958,55785.08697938087,60557.286787511475,109670.020675679,4772.199808130608,0.08554615698447321,53884.93369629813,0.0885627851938594,False
california_housing,regression,controlled_mlp,0,PLE,8,RankAdaptiveGram-after-embedding,test,1.0,False,0.11854954786854172,0.0,1.0,7.546119829130262e-15,1.0592053414180684e-14,0.19762507500126958,61054.230927608005,65034.74585990833,113685.69177493482,3980.514932300328,0.0651963815090886,52631.460847326816,0.0756299534198185,False
california_housing,regression,controlled_mlp,0,PLE,8,SafeGram-after-embedding,validation,0.0,True,0.11418106111705727,0.11418106111705727,0.0,7.546119829130262e-15,1.0592053414180684e-14,0.2533236399758607,55785.08697938087,55785.08697938087,109670.020675679,0.0,0.0,53884.93369629813,0.0,False
california_housing,regression,controlled_mlp,0,PLE,8,SafeGram-after-embedding,test,0.0,True,0.11854954786854172,0.11854954786854172,0.0,7.546119829130262e-15,1.0592053414180684e-14,0.2533236399758607,61054.230927608005,61054.230927608005,113685.69177493482,0.0,0.0,52631.460847326816,0.0,False
california_housing,regression,controlled_mlp,0,PLE,8,SafeRankGram prediction hybrid,validation,0.0,True,0.11418106111705727,0.11418106111705727,0.0,7.546119829130262e-15,1.0592053414180684e-14,0.19762507500126958,55785.08697938087,55785.08697938087,109670.020675679,0.0,0.0,53884.93369629813,0.0,False
california_housing,regression,controlled_mlp,0,PLE,8,SafeRankGram prediction hybrid,test,0.0,True,0.11854954786854172,0.11854954786854172,0.0,7.546119829130262e-15,1.0592053414180684e-14,0.19762507500126958,61054.230927608005,61054.230927608005,113685.69177493482,0.0,0.0,52631.460847326816,0.0,False
california_housing,regression,controlled_mlp,0,PLE,16,Raw embedding,validation,0.0,True,0.13042142358578745,0.13042142358578745,0.0,3.616353515683813e-15,3.745047416426518e-15,0.0,53808.139717368766,53808.139717368766,109670.020675679,0.0,0.0,55861.880958310234,0.0,False
california_housing,regression,controlled_mlp,0,PLE,16,Raw embedding,test,0.0,True,0.13257122011144348,0.13257122011144348,0.0,3.616353515683813e-15,3.745047416426518e-15,0.0,63037.35356002362,63037.35356002362,113685.69177493482,0.0,0.0,50648.3382149112,0.0,False
california_housing,regression,controlled_mlp,0,PLE,16,Gram-after-embedding,validation,1.0,False,0.13042142358578745,0.0,1.0,3.616353515683813e-15,3.745047416426518e-15,0.22747954004444182,53808.139717368766,59720.47371529831,109670.020675679,5912.3339979295415,0.10987805988061496,55861.880958310234,0.10583843394643158,False
california_housing,regression,controlled_mlp,0,PLE,16,Gram-after-embedding,test,1.0,False,0.13257122011144348,0.0,1.0,3.616353515683813e-15,3.745047416426518e-15,0.22747954004444182,63037.35356002362,67003.73134947711,113685.69177493482,3966.377789453487,0.06292107084852057,50648.3382149112,0.07831210123071243,False
california_housing,regression,controlled_mlp,0,PLE,16,RankAdaptiveGram-after-embedding,validation,1.0,False,0.13042142358578745,0.0,1.0,3.616353515683813e-15,3.745047416426518e-15,0.19123508618213236,53808.139717368766,60718.43346075539,109670.020675679,6910.293743386625,0.12842469149990046,55861.880958310234,0.12370320556416248,False
california_housing,regression,controlled_mlp,0,PLE,16,RankAdaptiveGram-after-embedding,test,1.0,False,0.13257122011144348,0.0,1.0,3.616353515683813e-15,3.745047416426518e-15,0.19123508618213236,63037.35356002362,66328.03424243037,113685.69177493482,3290.680682406746,0.052202075381755815,50648.3382149112,0.06497114808473516,False
california_housing,regression,controlled_mlp,0,PLE,16,SafeGram-after-embedding,validation,0.25,False,0.13042142358578745,0.09781606768934059,0.25,3.616353515683813e-15,3.745047416426518e-15,0.22747954004444182,53808.139717368766,52722.36915811882,109670.020675679,-1085.7705592499478,-0.020178555975973858,55861.880958310234,-0.01943669888345255,False
california_housing,regression,controlled_mlp,0,PLE,16,SafeGram-after-embedding,test,0.25,False,0.13257122011144348,0.0994284150835826,0.25,3.616353515683813e-15,3.745047416426518e-15,0.22747954004444182,63037.35356002362,61630.902544310986,113685.69177493482,-1406.4510157126351,-0.02231139056898105,50648.3382149112,-0.027768946924670607,False
california_housing,regression,controlled_mlp,0,PLE,16,SafeRankGram prediction hybrid,validation,0.25,False,0.13042142358578745,0.09781606768934059,0.25,3.616353515683813e-15,3.745047416426518e-15,0.19123508618213236,53808.139717368766,53162.129062990854,109670.020675679,-646.0106543779111,-0.012005816550639549,55861.880958310234,-0.011564427178168765,False
california_housing,regression,controlled_mlp,0,PLE,16,SafeRankGram prediction hybrid,test,0.25,False,0.13257122011144348,0.0994284150835826,0.25,3.616353515683813e-15,3.745047416426518e-15,0.19123508618213236,63037.35356002362,61492.58650789644,113685.69177493482,-1544.7670521271793,-0.024505582244284185,50648.3382149112,-0.030499856590998475,False
california_housing,regression,controlled_mlp,0,PLE,32,Raw embedding,validation,0.0,True,0.14230431780397315,0.14230431780397315,0.0,2.7671621800458354e-15,3.2636937714599197e-15,0.0,55268.30471229208,55268.30471229208,109670.020675679,0.0,0.0,54401.715963386916,0.0,False
california_housing,regression,controlled_mlp,0,PLE,32,Raw embedding,test,0.0,True,0.13497347897189627,0.13497347897189627,0.0,2.7671621800458354e-15,3.2636937714599197e-15,0.0,61698.94896556439,61698.94896556439,113685.69177493482,0.0,0.0,51986.74280937043,0.0,False
california_housing,regression,controlled_mlp,0,PLE,32,Gram-after-embedding,validation,1.0,False,0.14230431780397315,0.0,1.0,2.7671621800458354e-15,3.2636937714599197e-15,0.24154093279503286,55268.30471229208,59690.40663958104,109670.020675679,4422.101927288953,0.08001153555023817,54401.715963386916,0.08128607432649895,False
california_housing,regression,controlled_mlp,0,PLE,32,Gram-after-embedding,test,1.0,False,0.13497347897189627,0.0,1.0,2.7671621800458354e-15,3.2636937714599197e-15,0.24154093279503286,61698.94896556439,66828.1906697028,113685.69177493482,5129.241704138411,0.08313337245017187,51986.74280937043,0.09866441763714195,False
california_housing,regression,controlled_mlp,0,PLE,32,RankAdaptiveGram-after-embedding,validation,1.0,False,0.14230431780397315,0.0,1.0,2.7671621800458354e-15,3.2636937714599197e-15,0.1680297611746937,55268.30471229208,59908.77552513764,109670.020675679,4640.470812845553,0.08396260455250544,54401.715963386916,0.08530008163655449,False
california_housing,regression,controlled_mlp,0,PLE,32,RankAdaptiveGram-after-embedding,test,1.0,False,0.13497347897189627,0.0,1.0,2.7671621800458354e-15,3.2636937714599197e-15,0.1680297611746937,61698.94896556439,65820.76773306668,113685.69177493482,4121.8187675022855,0.06680533196445158,51986.74280937043,0.07928595916494584,False
california_housing,regression,controlled_mlp,0,PLE,32,SafeGram-after-embedding,validation,0.25,False,0.14230431780397315,0.10672823835297987,0.25,2.7671621800458354e-15,3.2636937714599197e-15,0.24154093279503286,55268.30471229208,54104.8867604075,109670.020675679,-1163.417951884585,-0.021050364362376256,54401.715963386916,-0.021385684831478124,False
california_housing,regression,controlled_mlp,0,PLE,32,SafeGram-after-embedding,test,0.25,False,0.13497347897189627,0.1012301092289222,0.25,2.7671621800458354e-15,3.2636937714599197e-15,0.24154093279503286,61698.94896556439,60551.21515038864,113685.69177493482,-1147.7338151757504,-0.01860216153465316,51986.74280937043,-0.02207743269056809,False
california_housing,regression,controlled_mlp,0,PLE,32,SafeRankGram prediction hybrid,validation,0.25,False,0.14230431780397315,0.10672823835297987,0.25,2.7671621800458354e-15,3.2636937714599197e-15,0.1680297611746937,55268.30471229208,54110.6677656914,109670.020675679,-1157.63694660068,-0.02094576543693429,54401.715963386916,-0.021279419703962743,False
california_housing,regression,controlled_mlp,0,PLE,32,SafeRankGram prediction hybrid,test,0.25,False,0.13497347897189627,0.1012301092289222,0.25,2.7671621800458354e-15,3.2636937714599197e-15,0.1680297611746937,61698.94896556439,60445.62090325067,113685.69177493482,-1253.3280623137252,-0.020313604742493045,51986.74280937043,-0.024108609129630202,False
california_housing,regression,controlled_mlp,0,RBF,4,Raw embedding,validation,0.0,True,0.07100992313575397,0.07100992313575397,0.0,1.4354662292914243e-15,1.4531329438004408e-15,0.0,59496.31060675867,59496.31060675867,109670.020675679,0.0,0.0,50173.71006892033,0.0,False
california_housing,regression,controlled_mlp,0,RBF,4,Raw embedding,test,0.0,True,0.07654301571098254,0.07654301571098254,0.0,1.4354662292914243e-15,1.4531329438004408e-15,0.0,62611.60827401567,62611.60827401567,113685.69177493482,0.0,0.0,51074.08350091915,0.0,False
california_housing,regression,controlled_mlp,0,RBF,4,Gram-after-embedding,validation,1.0,False,0.07100992313575397,0.0,1.0,1.4354662292914243e-15,1.4531329438004408e-15,0.2630949839949608,59496.31060675867,57471.80677800127,109670.020675679,-2024.5038287573989,-0.03402738435561783,50173.71006892033,-0.040349892921541404,False
california_housing,regression,controlled_mlp,0,RBF,4,Gram-after-embedding,test,1.0,False,0.07654301571098254,0.0,1.0,1.4354662292914243e-15,1.4531329438004408e-15,0.2630949839949608,62611.60827401567,60636.930658283636,113685.69177493482,-1974.6776157320346,-0.031538522490749406,51074.08350091915,-0.0386630063698842,False
california_housing,regression,controlled_mlp,0,RBF,4,RankAdaptiveGram-after-embedding,validation,1.0,False,0.07100992313575397,0.0,1.0,1.4354662292914243e-15,1.4531329438004408e-15,0.3064375489484519,59496.31060675867,58130.694324626726,109670.020675679,-1365.616282131945,-0.0229529573885345,50173.71006892033,-0.02721776564372233,False
california_housing,regression,controlled_mlp,0,RBF,4,RankAdaptiveGram-after-embedding,test,1.0,False,0.07654301571098254,0.0,1.0,1.4354662292914243e-15,1.4531329438004408e-15,0.3064375489484519,62611.60827401567,61217.05058149336,113685.69177493482,-1394.557692522314,-0.022273149196537518,51074.08350091915,-0.02730460532879101,False
california_housing,regression,controlled_mlp,0,RBF,4,SafeGram-after-embedding,validation,0.75,False,0.07100992313575397,0.01775248078393849,0.75,1.4354662292914243e-15,1.4531329438004408e-15,0.2630949839949608,59496.31060675867,56959.37958551897,109670.020675679,-2536.931021239703,-0.04264014012578979,50173.71006892033,-0.050562954538440306,False
california_housing,regression,controlled_mlp,0,RBF,4,SafeGram-after-embedding,test,0.75,False,0.07654301571098254,0.019135753927745636,0.75,1.4354662292914243e-15,1.4531329438004408e-15,0.2630949839949608,62611.60827401567,60289.55353278189,113685.69177493482,-2322.0547412337837,-0.037086649029545136,51074.08350091915,-0.045464442669676,False
california_housing,regression,controlled_mlp,0,RBF,4,SafeRankGram prediction hybrid,validation,0.5,False,0.07100992313575397,0.03550496156787698,0.5,1.4354662292914243e-15,1.4531329438004408e-15,0.3064375489484519,59496.31060675867,57013.50693492603,109670.020675679,-2482.8036718326402,-0.041730380363292616,50173.71006892033,-0.04948415551535208,False
california_housing,regression,controlled_mlp,0,RBF,4,SafeRankGram prediction hybrid,test,0.5,False,0.07654301571098254,0.03827150785549127,0.5,1.4354662292914243e-15,1.4531329438004408e-15,0.3064375489484519,62611.60827401567,60447.56101208463,113685.69177493482,-2164.0472619310385,-0.03456303585846614,51074.08350091915,-0.042370750752523896,False
california_housing,regression,controlled_mlp,0,RBF,8,Raw embedding,validation,0.0,True,0.12153748880170145,0.12153748880170145,0.0,8.299772117821142e-16,1.1359121293483068e-15,0.0,61317.246253487836,61317.246253487836,109670.020675679,0.0,0.0,48352.77442219116,0.0,False
california_housing,regression,controlled_mlp,0,RBF,8,Raw embedding,test,0.0,True,0.1250258039185044,0.1250258039185044,0.0,8.299772117821142e-16,1.1359121293483068e-15,0.0,65288.85728446,65288.85728446,113685.69177493482,0.0,0.0,48396.83449047482,0.0,False
california_housing,regression,controlled_mlp,0,RBF,8,Gram-after-embedding,validation,1.0,False,0.12153748880170145,0.0,1.0,8.299772117821142e-16,1.1359121293483068e-15,0.23008534195832908,61317.246253487836,60010.64274014156,109670.020675679,-1306.6035133462792,-0.02130890725171725,48352.77442219116,-0.027022306971213276,False
california_housing,regression,controlled_mlp,0,RBF,8,Gram-after-embedding,test,1.0,False,0.1250258039185044,0.0,1.0,8.299772117821142e-16,1.1359121293483068e-15,0.23008534195832908,65288.85728446,64110.49459905955,113685.69177493482,-1178.362685400447,-0.018048450140065782,48396.83449047482,-0.024347928904985827,False
california_housing,regression,controlled_mlp,0,RBF,8,RankAdaptiveGram-after-embedding,validation,1.0,False,0.12153748880170145,0.0,1.0,8.299772117821142e-16,1.1359121293483068e-15,0.22511048708111048,61317.246253487836,58934.01123558403,109670.020675679,-2383.235017903804,-0.03886728715851686,48352.77442219116,-0.049288485436112535,False
california_housing,regression,controlled_mlp,0,RBF,8,RankAdaptiveGram-after-embedding,test,1.0,False,0.1250258039185044,0.0,1.0,8.299772117821142e-16,1.1359121293483068e-15,0.22511048708111048,65288.85728446,64718.943436042544,113685.69177493482,-569.9138484174546,-0.00872911354435828,48396.83449047482,-0.01177584968970691,False
california_housing,regression,controlled_mlp,0,RBF,8,SafeGram-after-embedding,validation,0.5,False,0.12153748880170145,0.06076874440085073,0.5,8.299772117821142e-16,1.1359121293483068e-15,0.23008534195832908,61317.246253487836,59739.477108407635,109670.020675679,-1577.7691450802013,-0.025731245962312844,48352.77442219116,-0.03263037465655942,False
california_housing,regression,controlled_mlp,0,RBF,8,SafeGram-after-embedding,test,0.5,False,0.1250258039185044,0.0625129019592522,0.5,8.299772117821142e-16,1.1359121293483068e-15,0.23008534195832908,65288.85728446,63835.386356501585,113685.69177493482,-1453.470927958413,-0.022262159094402885,48396.83449047482,-0.030032355282337247,False
california_housing,regression,controlled_mlp,0,RBF,8,SafeRankGram prediction hybrid,validation,0.75,False,0.12153748880170145,0.030384372200425364,0.75,8.299772117821142e-16,1.1359121293483068e-15,0.22511048708111048,61317.246253487836,58806.977820056774,109670.020675679,-2510.2684334310616,-0.04093902754623905,48352.77442219116,-0.05191570625322777,False
california_housing,regression,controlled_mlp,0,RBF,8,SafeRankGram prediction hybrid,test,0.75,False,0.1250258039185044,0.0312564509796261,0.75,8.299772117821142e-16,1.1359121293483068e-15,0.22511048708111048,65288.85728446,63952.09278250492,113685.69177493482,-1336.7645019550764,-0.020474619369287874,48396.83449047482,-0.027620907772762916,False
california_housing,regression,controlled_mlp,0,RBF,16,Raw embedding,validation,0.0,True,0.17244492286697138,0.17244492286697138,0.0,1.3868559405832186e-15,1.4427435146261123e-15,0.0,62672.95093599531,62672.95093599531,109670.020675679,0.0,0.0,46997.06973968369,0.0,False
california_housing,regression,controlled_mlp,0,RBF,16,Raw embedding,test,0.0,True,0.17318525793811312,0.17318525793811312,0.0,1.3868559405832186e-15,1.4427435146261123e-15,0.0,68804.52025444608,68804.52025444608,113685.69177493482,0.0,0.0,44881.171520488744,0.0,False
california_housing,regression,controlled_mlp,0,RBF,16,Gram-after-embedding,validation,1.0,False,0.17244492286697138,0.0,1.0,1.3868559405832186e-15,1.4427435146261123e-15,0.27228743280284107,62672.95093599531,61841.56314714245,109670.020675679,-831.3877888528586,-0.01326549614205836,46997.06973968369,-0.017690204803361306,False
california_housing,regression,controlled_mlp,0,RBF,16,Gram-after-embedding,test,1.0,False,0.17318525793811312,0.0,1.0,1.3868559405832186e-15,1.4427435146261123e-15,0.27228743280284107,68804.52025444608,68743.6160445651,113685.69177493482,-60.90420988097321,-0.0008851774513613826,44881.171520488744,-0.0013570102521314484,False
california_housing,regression,controlled_mlp,0,RBF,16,RankAdaptiveGram-after-embedding,validation,1.0,False,0.17244492286697138,0.0,1.0,1.3868559405832186e-15,1.4427435146261123e-15,0.1654470779467374,62672.95093599531,63533.682530022634,109670.020675679,860.7315940273256,0.013733701400247563,46997.06973968369,0.018314580010943438,False
california_housing,regression,controlled_mlp,0,RBF,16,RankAdaptiveGram-after-embedding,test,1.0,False,0.17318525793811312,0.0,1.0,1.3868559405832186e-15,1.4427435146261123e-15,0.1654470779467374,68804.52025444608,67818.80699777236,113685.69177493482,-985.7132566737127,-0.01432628631125463,44881.171520488744,-0.021962734556153996,False
california_housing,regression,controlled_mlp,0,RBF,16,SafeGram-after-embedding,validation,0.5,False,0.17244492286697138,0.08622246143348569,0.5,1.3868559405832186e-15,1.4427435146261123e-15,0.27228743280284107,62672.95093599531,59899.84225506318,109670.020675679,-2773.1086809321278,-0.04424729711170234,46997.06973968369,-0.05900599114566822,False
california_housing,regression,controlled_mlp,0,RBF,16,SafeGram-after-embedding,test,0.5,False,0.17318525793811312,0.08659262896905656,0.5,1.3868559405832186e-15,1.4427435146261123e-15,0.27228743280284107,68804.52025444608,66774.22862276464,113685.69177493482,-2030.2916316814371,-0.029508114062465857,44881.171520488744,-0.04523704624676713,False
california_housing,regression,controlled_mlp,0,RBF,16,SafeRankGram prediction hybrid,validation,0.5,False,0.17244492286697138,0.08622246143348569,0.5,1.3868559405832186e-15,1.4427435146261123e-15,0.1654470779467374,62672.95093599531,60995.325292294496,109670.020675679,-1677.6256437008124,-0.026767937661242185,46997.06973968369,-0.0356963881576695,False
california_housing,regression,controlled_mlp,0,RBF,16,SafeRankGram prediction hybrid,test,0.5,False,0.17318525793811312,0.08659262896905656,0.5,1.3868559405832186e-15,1.4427435146261123e-15,0.1654470779467374,68804.52025444608,66303.79328969606,113685.69177493482,-2500.7269647500216,-0.03634538770857031,44881.171520488744,-0.055718843337420734,False
california_housing,regression,controlled_mlp,0,RBF,32,Raw embedding,validation,0.0,True,0.20273085373858118,0.20273085373858118,0.0,1.192467265576901e-15,9.92361629095002e-16,0.0,63128.41230274312,63128.41230274312,109670.020675679,0.0,0.0,46541.60837293588,0.0,False
california_housing,regression,controlled_mlp,0,RBF,32,Raw embedding,test,0.0,True,0.20905840241287627,0.20905840241287627,0.0,1.192467265576901e-15,9.92361629095002e-16,0.0,72872.27804516842,72872.27804516842,113685.69177493482,0.0,0.0,40813.4137297664,0.0,False
california_housing,regression,controlled_mlp,0,RBF,32,Gram-after-embedding,validation,1.0,False,0.20273085373858118,0.0,1.0,1.192467265576901e-15,9.92361629095002e-16,0.17011519707739353,63128.41230274312,63391.65897089584,109670.020675679,263.2466681527221,0.004170018832253813,46541.60837293588,0.005656157519167323,False
california_housing,regression,controlled_mlp,0,RBF,32,Gram-after-embedding,test,1.0,False,0.20905840241287627,0.0,1.0,1.192467265576901e-15,9.92361629095002e-16,0.17011519707739353,72872.27804516842,73725.74931466486,113685.69177493482,853.4712694964401,0.011711878541349195,40813.4137297664,0.020911538425759737,False
california_housing,regression,controlled_mlp,0,RBF,32,RankAdaptiveGram-after-embedding,validation,1.0,False,0.20273085373858118,0.0,1.0,1.192467265576901e-15,9.92361629095002e-16,0.206070699961856,63128.41230274312,64371.6776476688,109670.020675679,1243.2653449256832,0.01969422799615791,46541.60837293588,0.026712986258735454,False
california_housing,regression,controlled_mlp,0,RBF,32,RankAdaptiveGram-after-embedding,test,1.0,False,0.20905840241287627,0.0,1.0,1.192467265576901e-15,9.92361629095002e-16,0.206070699961856,72872.27804516842,71821.42581599804,113685.69177493482,-1050.8522291703848,-0.014420466291983285,40813.4137297664,-0.025747717064989545,False
california_housing,regression,controlled_mlp,0,RBF,32,SafeGram-after-embedding,validation,0.5,False,0.20273085373858118,0.10136542686929059,0.5,1.192467265576901e-15,9.92361629095002e-16,0.17011519707739353,63128.41230274312,60178.087907239635,109670.020675679,-2950.324395503485,-0.04673528587024649,46541.60837293588,-0.0633911138580056,False
california_housing,regression,controlled_mlp,0,RBF,32,SafeGram-after-embedding,test,0.5,False,0.20905840241287627,0.10452920120643813,0.5,1.192467265576901e-15,9.92361629095002e-16,0.17011519707739353,72872.27804516842,70060.56867107621,113685.69177493482,-2811.7093740922137,-0.03858407407477274,40813.4137297664,-0.0688917960332623,False
california_housing,regression,controlled_mlp,0,RBF,32,SafeRankGram prediction hybrid,validation,0.25,False,0.20273085373858118,0.15204814030393587,0.2500000000000001,1.192467265576901e-15,9.92361629095002e-16,0.206070699961856,63128.41230274312,61691.09806732008,109670.020675679,-1437.3142354230367,-0.02276810366353188,46541.60837293588,-0.030882349915926848,False
california_housing,regression,controlled_mlp,0,RBF,32,SafeRankGram prediction hybrid,test,0.25,False,0.20905840241287627,0.15679380180965719,0.2500000000000001,1.192467265576901e-15,9.92361629095002e-16,0.206070699961856,72872.27804516842,70898.06043814443,113685.69177493482,-1974.2176070239948,-0.02709147648438156,40813.4137297664,-0.048371783357689116,False
phoneme,classification,controlled_mlp,0,PLE,4,Raw embedding,validation,0.0,True,0.04532102068956314,0.04532102068956314,0.0,9.645275938464143e-15,2.6897951901470537e-15,0.0,0.3278583344217329,0.3278583344217329,0.6047907936193666,0.0,0.0,0.2769324591976337,0.0,False
phoneme,classification,controlled_mlp,0,PLE,4,Raw embedding,test,0.0,True,0.04171480517139295,0.04171480517139295,0.0,9.645275938464143e-15,2.6897951901470537e-15,0.0,0.32207474144185966,0.32207474144185966,0.6047907936193667,0.0,0.0,0.28271605217750706,0.0,False
phoneme,classification,controlled_mlp,0,PLE,4,Gram-after-embedding,validation,1.0,False,0.04532102068956314,0.0,1.0,9.645275938464143e-15,2.6897951901470537e-15,0.19457202800549567,0.3278583344217329,0.305545102720082,0.6047907936193666,-0.022313231701650893,-0.06805753997685107,0.2769324591976337,-0.08057282908005733,False
phoneme,classification,controlled_mlp,0,PLE,4,Gram-after-embedding,test,1.0,False,0.04171480517139295,0.0,1.0,9.645275938464143e-15,2.6897951901470537e-15,0.19457202800549567,0.32207474144185966,0.3711402695309659,0.6047907936193667,0.04906552808910625,0.1523420553547614,0.28271605217750706,0.1735505561541295,False
phoneme,classification,controlled_mlp,0,PLE,4,RankAdaptiveGram-after-embedding,validation,1.0,False,0.04532102068956314,0.0,1.0,9.645275938464143e-15,2.6897951901470537e-15,0.21439809794537723,0.3278583344217329,0.30131731867164513,0.6047907936193666,-0.02654101575008777,-0.08095269500133358,0.2769324591976337,-0.09583930979772469,False
phoneme,classification,controlled_mlp,0,PLE,4,RankAdaptiveGram-after-embedding,test,1.0,False,0.04171480517139295,0.0,1.0,9.645275938464143e-15,2.6897951901470537e-15,0.21439809794537723,0.32207474144185966,0.3746701250491498,0.6047907936193667,0.05259538360729016,0.16330179563858963,0.28271605217750706,0.18603607118235876,False
phoneme,classification,controlled_mlp,0,PLE,4,SafeGram-after-embedding,validation,0.5,False,0.04532102068956314,0.022660510471593676,0.4999999972019141,9.645275938464143e-15,2.6897951901470537e-15,0.19457202800549567,0.3278583344217329,0.2980744947380656,0.6047907936193666,-0.029783839683667324,-0.09084362529993084,0.2769324591976337,-0.1075491106024953,False
phoneme,classification,controlled_mlp,0,PLE,4,SafeGram-after-embedding,test,0.5,False,0.04171480517139295,0.020857402645749,0.49999999856040256,9.645275938464143e-15,2.6897951901470537e-15,0.19457202800549567,0.32207474144185966,0.3181065613606146,0.6047907936193667,-0.003968180081245054,-0.012320680794403068,0.28271605217750706,-0.014035920672638634,False
phoneme,classification,controlled_mlp,0,PLE,4,SafeRankGram prediction hybrid,validation,0.75,False,0.04532102068956314,0.01133025533388644,0.749999996436628,9.645275938464143e-15,2.6897951901470537e-15,0.21439809794537723,0.3278583344217329,0.29568027632621136,0.6047907936193666,-0.032178058095521545,-0.09814622572360797,0.2769324591976337,-0.11619460639880273,False
phoneme,classification,controlled_mlp,0,PLE,4,SafeRankGram prediction hybrid,test,0.75,False,0.04171480517139295,0.010428701382886884,0.7499999978415661,9.645275938464143e-15,2.6897951901470537e-15,0.21439809794537723,0.32207474144185966,0.3245051959783404,0.6047907936193667,0.0024304545364807195,0.0075462438488659335,0.28271605217750706,0.008596804170690408,False
phoneme,classification,controlled_mlp,0,PLE,8,Raw embedding,validation,0.0,True,0.04635496507350608,0.04635496507350608,0.0,3.2760839346736568e-15,3.426411625674641e-15,0.0,0.29511571409791026,0.29511571409791026,0.6047907936193666,0.0,0.0,0.30967507952145634,0.0,False
phoneme,classification,controlled_mlp,0,PLE,8,Raw embedding,test,0.0,True,0.04893946448155143,0.04893946448155143,0.0,3.2760839346736568e-15,3.426411625674641e-15,0.0,0.33507949633612333,0.33507949633612333,0.6047907936193667,0.0,0.0,0.2697112972832434,0.0,False
phoneme,classification,controlled_mlp,0,PLE,8,Gram-after-embedding,validation,1.0,False,0.04635496507350608,0.0,1.0,3.2760839346736568e-15,3.426411625674641e-15,0.1874076488893479,0.29511571409791026,0.28274265745636157,0.6047907936193666,-0.012373056641548696,-0.04192611931685786,0.30967507952145634,-0.03995496395986688,False
phoneme,classification,controlled_mlp,0,PLE,8,Gram-after-embedding,test,1.0,False,0.04893946448155143,0.0,1.0,3.2760839346736568e-15,3.426411625674641e-15,0.1874076488893479,0.33507949633612333,0.36403514503782464,0.6047907936193667,0.02895564870170131,0.08641426592290045,0.2697112972832434,0.10735793788901947,False
phoneme,classification,controlled_mlp,0,PLE,8,RankAdaptiveGram-after-embedding,validation,1.0,False,0.04635496507350608,0.0,1.0,3.2760839346736568e-15,3.426411625674641e-15,0.16911320900544524,0.29511571409791026,0.27324055221673554,0.6047907936193666,-0.02187516188117472,-0.07412401588997466,0.30967507952145634,-0.0706390773031482,False
phoneme,classification,controlled_mlp,0,PLE,8,RankAdaptiveGram-after-embedding,test,1.0,False,0.04893946448155143,0.0,1.0,3.2760839346736568e-15,3.426411625674641e-15,0.16911320900544524,0.33507949633612333,0.3556041915552788,0.6047907936193667,0.020524695219155453,0.06125321138290962,0.2697112972832434,0.07609875976978815,False
phoneme,classification,controlled_mlp,0,PLE,8,SafeGram-after-embedding,validation,0.5,False,0.04635496507350608,0.023177482429676752,0.5000000023099206,3.2760839346736568e-15,3.426411625674641e-15,0.1874076488893479,0.29511571409791026,0.26346957347776945,0.6047907936193666,-0.03164614062014082,-0.1072329906825687,0.30967507952145634,-0.10219143454824935,False
phoneme,classification,controlled_mlp,0,PLE,8,SafeGram-after-embedding,test,0.5,False,0.04893946448155143,0.02446973230890187,0.4999999986079505,3.2760839346736568e-15,3.426411625674641e-15,0.1874076488893479,0.33507949633612333,0.3186059747215514,0.6047907936193667,-0.01647352161457194,-0.04916302487827277,0.2697112972832434,-0.061078352225164306,False
phoneme,classification,controlled_mlp,0,PLE,8,SafeRankGram prediction hybrid,validation,0.5,False,0.04635496507350608,0.02317748245598259,0.5000000017424336,3.2760839346736568e-15,3.426411625674641e-15,0.16911320900544524,0.29511571409791026,0.26402704902519314,0.6047907936193666,-0.031088665072717125,-0.10534398402927087,0.30967507952145634,-0.10039123949127168,False
phoneme,classification,controlled_mlp,0,PLE,8,SafeRankGram prediction hybrid,test,0.5,False,0.04893946448155143,0.02446973233929544,0.4999999979869064,3.2760839346736568e-15,3.426411625674641e-15,0.16911320900544524,0.33507949633612333,0.31972103375436733,0.6047907936193667,-0.015358462581755994,-0.045835280134089995,0.2697112972832434,-0.056944083308557,False
phoneme,classification,controlled_mlp,0,PLE,16,Raw embedding,validation,0.0,True,0.0652176217379774,0.0652176217379774,0.0,8.464653241923487e-15,8.51447065558213e-15,0.0,0.30685210457140855,0.30685210457140855,0.6047907936193666,0.0,0.0,0.29793868904795806,0.0,False
phoneme,classification,controlled_mlp,0,PLE,16,Raw embedding,test,0.0,True,0.06382288954345271,0.06382288954345271,0.0,8.464653241923487e-15,8.51447065558213e-15,0.0,0.3259088470419814,0.3259088470419814,0.6047907936193667,0.0,0.0,0.2788819465773853,0.0,False
phoneme,classification,controlled_mlp,0,PLE,16,Gram-after-embedding,validation,1.0,False,0.0652176217379774,0.0,1.0,8.464653241923487e-15,8.51447065558213e-15,0.16248209192417562,0.30685210457140855,0.278825257333677,0.6047907936193666,-0.028026847237731523,-0.0913366629076168,0.29793868904795806,-0.09406917687423988,False
phoneme,classification,controlled_mlp,0,PLE,16,Gram-after-embedding,test,1.0,False,0.06382288954345271,0.0,1.0,8.464653241923487e-15,8.51447065558213e-15,0.16248209192417562,0.3259088470419814,0.371706273288584,0.6047907936193667,0.0457974262466026,0.14052219404986965,0.2788819465773853,0.16421796680874265,False
phoneme,classification,controlled_mlp,0,PLE,16,RankAdaptiveGram-after-embedding,validation,1.0,False,0.0652176217379774,0.0,1.0,8.464653241923487e-15,8.51447065558213e-15,0.13732780003920197,0.30685210457140855,0.2775632695164474,0.6047907936193666,-0.02928883505496116,-0.09544935367437006,0.29793868904795806,-0.09830490678653234,False
phoneme,classification,controlled_mlp,0,PLE,16,RankAdaptiveGram-after-embedding,test,1.0,False,0.06382288954345271,0.0,1.0,8.464653241923487e-15,8.51447065558213e-15,0.13732780003920197,0.3259088470419814,0.35744447638352883,0.6047907936193667,0.03153562934154741,0.0967621150139726,0.2788819465773853,0.11307877662420424,False
phoneme,classification,controlled_mlp,0,PLE,16,SafeGram-after-embedding,validation,0.75,False,0.0652176217379774,0.016304405519568743,0.7499999986955306,8.464653241923487e-15,8.51447065558213e-15,0.16248209192417562,0.30685210457140855,0.27068300261734535,0.6047907936193666,-0.0361691019540632,-0.11787144821633827,0.29793868904795806,-0.12139780190897327,False
phoneme,classification,controlled_mlp,0,PLE,16,SafeGram-after-embedding,test,0.75,False,0.06382288954345271,0.01595572239024507,0.7499999999313429,8.464653241923487e-15,8.51447065558213e-15,0.16248209192417562,0.3259088470419814,0.33457147804913145,0.6047907936193667,0.008662631007150035,0.026579919771353037,0.2788819465773853,0.031061999937476385,False
phoneme,classification,controlled_mlp,0,PLE,16,SafeRankGram prediction hybrid,validation,0.75,False,0.0652176217379774,0.016304405498000052,0.7499999990262494,8.464653241923487e-15,8.51447065558213e-15,0.13732780003920197,0.30685210457140855,0.2707508772110804,0.6047907936193666,-0.03610122736032817,-0.11765025177439165,0.29793868904795806,-0.1211699879451275,False
phoneme,classification,controlled_mlp,0,PLE,16,SafeRankGram prediction hybrid,test,0.75,False,0.06382288954345271,0.01595572233485713,0.750000000799181,8.464653241923487e-15,8.51447065558213e-15,0.13732780003920197,0.3259088470419814,0.32843463417780194,0.6047907936193667,0.002525787135820523,0.007749980274377663,0.2788819465773853,0.009056832709390377,False
phoneme,classification,controlled_mlp,0,PLE,32,Raw embedding,validation,0.0,True,0.06111393474935721,0.06111393474935721,0.0,1.6155744903233471e-15,2.195399916099317e-15,0.0,0.29571199458699476,0.29571199458699476,0.6047907936193666,0.0,0.0,0.30907879903237184,0.0,False
phoneme,classification,controlled_mlp,0,PLE,32,Raw embedding,test,0.0,True,0.06634981264083084,0.06634981264083084,0.0,1.6155744903233471e-15,2.195399916099317e-15,0.0,0.3353896861155122,0.3353896861155122,0.6047907936193667,0.0,0.0,0.26940110750385454,0.0,False
phoneme,classification,controlled_mlp,0,PLE,32,Gram-after-embedding,validation,1.0,False,0.06111393474935721,0.0,1.0,1.6155744903233471e-15,2.195399916099317e-15,0.1479833850171417,0.29571199458699476,0.27709337948387536,0.6047907936193666,-0.018618615103119407,-0.06296198816393307,0.30907879903237184,-0.06023905606404714,False
phoneme,classification,controlled_mlp,0,PLE,32,Gram-after-embedding,test,1.0,False,0.06634981264083084,0.0,1.0,1.6155744903233471e-15,2.195399916099317e-15,0.1479833850171417,0.3353896861155122,0.3718176655643983,0.6047907936193667,0.03642797944888615,0.10861389290408865,0.26940110750385454,0.13521837302901565,False
phoneme,classification,controlled_mlp,0,PLE,32,RankAdaptiveGram-after-embedding,validation,1.0,False,0.06111393474935721,0.0,1.0,1.6155744903233471e-15,2.195399916099317e-15,0.10102437995374203,0.29571199458699476,0.2886720646439136,0.6047907936193666,-0.007039929943081169,-0.023806710826571188,0.30907879903237184,-0.022777136332614748,False
phoneme,classification,controlled_mlp,0,PLE,32,RankAdaptiveGram-after-embedding,test,1.0,False,0.06634981264083084,0.0,1.0,1.6155744903233471e-15,2.195399916099317e-15,0.10102437995374203,0.3353896861155122,0.35143585413753314,0.6047907936193667,0.016046168022020968,0.04784335561378735,0.26940110750385454,0.059562368435294506,False
phoneme,classification,controlled_mlp,0,PLE,32,SafeGram-after-embedding,validation,0.5,False,0.06111393474935721,0.030556967350776634,0.5000000003911051,1.6155744903233471e-15,2.195399916099317e-15,0.1479833850171417,0.29571199458699476,0.2622973538040687,0.6047907936193666,-0.03341464078292605,-0.11299724527439108,0.30907879903237184,-0.10811042649168026,False
phoneme,classification,controlled_mlp,0,PLE,32,SafeGram-after-embedding,test,0.5,False,0.06634981264083084,0.0331749061633468,0.5000000023672806,1.6155744903233471e-15,2.195399916099317e-15,0.1479833850171417,0.3353896861155122,0.3283610636882964,0.6047907936193667,-0.007028622427215803,-0.020956584886736983,0.26940110750385454,-0.026089805243711697,False
phoneme,classification,controlled_mlp,0,PLE,32,SafeRankGram prediction hybrid,validation,0.25,False,0.06111393474935721,0.04583545112933468,0.24999999889850366,1.6155744903233471e-15,2.195399916099317e-15,0.10102437995374203,0.29571199458699476,0.2711283520643972,0.6047907936193666,-0.024583642522597537,-0.0831337347574697,0.30907879903237184,-0.07953843032767424,False
phoneme,classification,controlled_mlp,0,PLE,32,SafeRankGram prediction hybrid,test,0.25,False,0.06634981264083084,0.049762359486392266,0.24999999991304966,1.6155744903233471e-15,2.195399916099317e-15,0.10102437995374203,0.3353896861155122,0.3193118216027728,0.6047907936193667,-0.016077864512739348,-0.04793786207009938,0.26940110750385454,-0.05968002381916455,False
phoneme,classification,controlled_mlp,0,RBF,4,Raw embedding,validation,0.0,True,0.04314049994745077,0.04314049994745077,0.0,1.7415928067017511e-15,1.814567647538651e-15,0.0,0.3564661235490397,0.3564661235490397,0.6047907936193666,0.0,0.0,0.24832467007032688,0.0,False
phoneme,classification,controlled_mlp,0,RBF,4,Raw embedding,test,0.0,True,0.04059761778783327,0.04059761778783327,0.0,1.7415928067017511e-15,1.814567647538651e-15,0.0,0.31509469118580563,0.31509469118580563,0.6047907936193667,0.0,0.0,0.2896961024335611,0.0,False
phoneme,classification,controlled_mlp,0,RBF,4,Gram-after-embedding,validation,1.0,False,0.04314049994745077,0.0,1.0,1.7415928067017511e-15,1.814567647538651e-15,0.19722630502656102,0.3564661235490397,0.3313041755672124,0.6047907936193666,-0.025161947981827304,-0.07058720680470419,0.24832467007032688,-0.10132681531279718,False
phoneme,classification,controlled_mlp,0,RBF,4,Gram-after-embedding,test,1.0,False,0.04059761778783327,0.0,1.0,1.7415928067017511e-15,1.814567647538651e-15,0.19722630502656102,0.31509469118580563,0.3623974666714429,0.6047907936193667,0.04730277548563727,0.15012241338507248,0.2896961024335611,0.16328412805100023,False
phoneme,classification,controlled_mlp,0,RBF,4,RankAdaptiveGram-after-embedding,validation,1.0,False,0.04314049994745077,0.0,1.0,1.7415928067017511e-15,1.814567647538651e-15,0.19578623306006193,0.3564661235490397,0.326407540959027,0.6047907936193666,-0.030058582590012706,-0.0843238125708669,0.24832467007032688,-0.12104549492203072,False
phoneme,classification,controlled_mlp,0,RBF,4,RankAdaptiveGram-after-embedding,test,1.0,False,0.04059761778783327,0.0,1.0,1.7415928067017511e-15,1.814567647538651e-15,0.19578623306006193,0.31509469118580563,0.35510809469378146,0.6047907936193667,0.04001340350797583,0.12698850417756055,0.2896961024335611,0.138121994641445,False
phoneme,classification,controlled_mlp,0,RBF,4,SafeGram-after-embedding,validation,0.75,False,0.04314049994745077,0.010785125068665663,0.749999998103801,1.7415928067017511e-15,1.814567647538651e-15,0.19722630502656102,0.3564661235490397,0.3162802713177961,0.6047907936193666,-0.0401858522312436,-0.11273400072676235,0.24832467007032688,-0.16182786921598546,False
phoneme,classification,controlled_mlp,0,RBF,4,SafeGram-after-embedding,test,0.75,False,0.04059761778783327,0.010149404352324453,0.7500000023310202,1.7415928067017511e-15,1.814567647538651e-15,0.19722630502656102,0.31509469118580563,0.32445135429032335,0.6047907936193667,0.009356663104517715,0.029694765942598064,0.2896961024335611,0.0322982015495482,False
phoneme,classification,controlled_mlp,0,RBF,4,SafeRankGram prediction hybrid,validation,0.75,False,0.04314049994745077,0.010785125066811911,0.7499999981467711,1.7415928067017511e-15,1.814567647538651e-15,0.19578623306006193,0.3564661235490397,0.31059703176651504,0.6047907936193666,-0.045869091782524685,-0.1286772816610002,0.24832467007032688,-0.18471419601417094,False
phoneme,classification,controlled_mlp,0,RBF,4,SafeRankGram prediction hybrid,test,0.75,False,0.04059761778783327,0.010149404375320345,0.7500000017645856,1.7415928067017511e-15,1.814567647538651e-15,0.19578623306006193,0.31509469118580563,0.3148758495267745,0.6047907936193667,-0.00021884165903113262,-0.0006945266459665157,0.2896961024335611,-0.000755418030110784,False
phoneme,classification,controlled_mlp,0,RBF,8,Raw embedding,validation,0.0,True,0.04864504468633837,0.04864504468633837,0.0,1.4799970300555038e-15,2.0377745628039453e-15,0.0,0.2913366492337667,0.2913366492337667,0.6047907936193666,0.0,0.0,0.31345414438559993,0.0,False
phoneme,classification,controlled_mlp,0,RBF,8,Raw embedding,test,0.0,True,0.046808135816459526,0.046808135816459526,0.0,1.4799970300555038e-15,2.0377745628039453e-15,0.0,0.35855421061891923,0.35855421061891923,0.6047907936193667,0.0,0.0,0.24623658300044748,0.0,False
phoneme,classification,controlled_mlp,0,RBF,8,Gram-after-embedding,validation,1.0,False,0.04864504468633837,0.0,1.0,1.4799970300555038e-15,2.0377745628039453e-15,0.1897197279613465,0.2913366492337667,0.2907324601074951,0.6047907936193666,-0.0006041891262715815,-0.0020738521152784454,0.31345414438559993,-0.0019275199804929997,False
phoneme,classification,controlled_mlp,0,RBF,8,Gram-after-embedding,test,1.0,False,0.046808135816459526,0.0,1.0,1.4799970300555038e-15,2.0377745628039453e-15,0.1897197279613465,0.35855421061891923,0.3650134968558647,0.6047907936193667,0.006459286236945472,0.01801481071940491,0.24623658300044748,0.026232033267508968,False
phoneme,classification,controlled_mlp,0,RBF,8,RankAdaptiveGram-after-embedding,validation,1.0,False,0.04864504468633837,0.0,1.0,1.4799970300555038e-15,2.0377745628039453e-15,0.1305610970593989,0.2913366492337667,0.2924974896545717,0.6047907936193666,0.0011608404208049983,0.0039845327522578435,0.31345414438559993,0.003703381951067696,False
phoneme,classification,controlled_mlp,0,RBF,8,RankAdaptiveGram-after-embedding,test,1.0,False,0.046808135816459526,0.0,1.0,1.4799970300555038e-15,2.0377745628039453e-15,0.1305610970593989,0.35855421061891923,0.36306119467872916,0.6047907936193667,0.0045069840598099264,0.012569881837477755,0.24623658300044748,0.01830347060900263,False
phoneme,classification,controlled_mlp,0,RBF,8,SafeGram-after-embedding,validation,0.25,False,0.04864504468633837,0.0364837835591247,0.24999999908786363,1.4799970300555038e-15,2.0377745628039453e-15,0.1897197279613465,0.2913366492337667,0.28801423135531135,0.6047907936193666,-0.0033224178784553304,-0.011404050562102275,0.31345414438559993,-0.010599374543181066,False
phoneme,classification,controlled_mlp,0,RBF,8,SafeGram-after-embedding,test,0.25,False,0.046808135816459526,0.03510610182021143,0.250000000900126,1.4799970300555038e-15,2.0377745628039453e-15,0.1897197279613465,0.35855421061891923,0.35079755252396816,0.6047907936193667,-0.007756658094951074,-0.021633152993969586,0.24623658300044748,-0.03150083549907358,False
phoneme,classification,controlled_mlp,0,RBF,8,SafeRankGram prediction hybrid,validation,0.25,False,0.04864504468633837,0.03648378347842611,0.25000000074679074,1.4799970300555038e-15,2.0377745628039453e-15,0.1305610970593989,0.2913366492337667,0.28900628457907784,0.6047907936193666,-0.0023303646546888324,-0.00799887230397492,0.31345414438559993,-0.007434467517590395,False
phoneme,classification,controlled_mlp,0,RBF,8,SafeRankGram prediction hybrid,test,0.25,False,0.046808135816459526,0.03510610189401612,0.2499999993233767,1.4799970300555038e-15,2.0377745628039453e-15,0.1305610970593989,0.35855421061891923,0.3500435294207781,0.6047907936193667,-0.008510681198141135,-0.023736107249864396,0.24623658300044748,-0.03456302509739452,False
phoneme,classification,controlled_mlp,0,RBF,16,Raw embedding,validation,0.0,True,0.07115688502053488,0.07115688502053488,0.0,1.6487886045062024e-15,1.6596189326853036e-15,0.0,0.3200433172067195,0.3200433172067195,0.6047907936193666,0.0,0.0,0.2847474764126471,0.0,False
phoneme,classification,controlled_mlp,0,RBF,16,Raw embedding,test,0.0,True,0.07417639763249961,0.07417639763249961,0.0,1.6487886045062024e-15,1.6596189326853036e-15,0.0,0.3821049207969147,0.3821049207969147,0.6047907936193667,0.0,0.0,0.222685872822452,0.0,False
phoneme,classification,controlled_mlp,0,RBF,16,Gram-after-embedding,validation,1.0,False,0.07115688502053488,0.0,1.0,1.6487886045062024e-15,1.6596189326853036e-15,0.11737395194359124,0.3200433172067195,0.3123849586821614,0.6047907936193666,-0.007658358524558151,-0.023929131191986527,0.2847474764126471,-0.026895263905552226,False
phoneme,classification,controlled_mlp,0,RBF,16,Gram-after-embedding,test,1.0,False,0.07417639763249961,0.0,1.0,1.6487886045062024e-15,1.6596189326853036e-15,0.11737395194359124,0.3821049207969147,0.38352474052367413,0.6047907936193667,0.0014198197267594193,0.003715784983345034,0.222685872822452,0.00637588594536235,False
phoneme,classification,controlled_mlp,0,RBF,16,RankAdaptiveGram-after-embedding,validation,1.0,False,0.07115688502053488,0.0,1.0,1.6487886045062024e-15,1.6596189326853036e-15,0.10363774397410452,0.3200433172067195,0.3022696722685353,0.6047907936193666,-0.01777364493818423,-0.055535122849336156,0.2847474764126471,-0.06241897263534383,False
phoneme,classification,controlled_mlp,0,RBF,16,RankAdaptiveGram-after-embedding,test,1.0,False,0.07417639763249961,0.0,1.0,1.6487886045062024e-15,1.6596189326853036e-15,0.10363774397410452,0.3821049207969147,0.3886392134548763,0.6047907936193667,0.006534292657961571,0.017100781231327005,0.222685872822452,0.029343094715179256,False
phoneme,classification,controlled_mlp,0,RBF,16,SafeGram-after-embedding,validation,0.5,False,0.07115688502053488,0.03557844235609249,0.5000000021666906,1.6487886045062024e-15,1.6596189326853036e-15,0.11737395194359124,0.3200433172067195,0.30627140550648374,0.6047907936193666,-0.013771911700235784,-0.04303139906320979,0.2847474764126471,-0.04836535120078804,False
phoneme,classification,controlled_mlp,0,RBF,16,SafeGram-after-embedding,test,0.5,False,0.07417639763249961,0.03708819884054684,0.49999999967244246,1.6487886045062024e-15,1.6596189326853036e-15,0.11737395194359124,0.3821049207969147,0.3659827238608421,0.6047907936193667,-0.01612219693607264,-0.04219311518534838,0.222685872822452,-0.07239883128521094,False
phoneme,classification,controlled_mlp,0,RBF,16,SafeRankGram prediction hybrid,validation,0.75,False,0.07115688502053488,0.017789220991985093,0.7500000036981471,1.6487886045062024e-15,1.6596189326853036e-15,0.10363774397410452,0.3200433172067195,0.2997762154677778,0.6047907936193666,-0.02026710173894175,-0.0633261207133752,0.2847474764126471,-0.07117570274642682,False
phoneme,classification,controlled_mlp,0,RBF,16,SafeRankGram prediction hybrid,test,0.75,False,0.07417639763249961,0.01854409944002159,0.7499999995699888,1.6487886045062024e-15,1.6596189326853036e-15,0.10363774397410452,0.3821049207969147,0.375559770311383,0.6047907936193667,-0.0065451504855317255,-0.017129197058968034,0.222685872822452,-0.029391853208174504,False
phoneme,classification,controlled_mlp,0,RBF,32,Raw embedding,validation,0.0,True,0.15929206414629118,0.15929206414629118,0.0,1.812476266313323e-15,1.464412700712817e-15,0.0,0.40153916052605576,0.40153916052605576,0.6047907936193666,0.0,0.0,0.20325163309331085,0.0,False
phoneme,classification,controlled_mlp,0,RBF,32,Raw embedding,test,0.0,True,0.14010329624768658,0.14010329624768658,0.0,1.812476266313323e-15,1.464412700712817e-15,0.0,0.37437151196622853,0.37437151196622853,0.6047907936193667,0.0,0.0,0.23041928165313819,0.0,False
phoneme,classification,controlled_mlp,0,RBF,32,Gram-after-embedding,validation,1.0,False,0.15929206414629118,0.0,1.0,1.812476266313323e-15,1.464412700712817e-15,0.16960770287550986,0.40153916052605576,0.3900763351594192,0.6047907936193666,-0.011462825366636564,-0.028547216544506235,0.20325163309331085,-0.05639721163457562,False
phoneme,classification,controlled_mlp,0,RBF,32,Gram-after-embedding,test,1.0,False,0.14010329624768658,0.0,1.0,1.812476266313323e-15,1.464412700712817e-15,0.16960770287550986,0.37437151196622853,0.38701251196330594,0.6047907936193667,0.012640999997077407,0.033765923936588775,0.23041928165313819,0.054860860195313624,False
phoneme,classification,controlled_mlp,0,RBF,32,RankAdaptiveGram-after-embedding,validation,1.0,False,0.15929206414629118,0.0,1.0,1.812476266313323e-15,1.464412700712817e-15,0.0916713799815625,0.40153916052605576,0.34813116864156457,0.6047907936193666,-0.05340799188449119,-0.13300817737059936,0.20325163309331085,-0.2627678364580328,False
phoneme,classification,controlled_mlp,0,RBF,32,RankAdaptiveGram-after-embedding,test,1.0,False,0.14010329624768658,0.0,1.0,1.812476266313323e-15,1.464412700712817e-15,0.0916713799815625,0.37437151196622853,0.3900869568543146,0.6047907936193667,0.015715444888086072,0.04197820717059192,0.23041928165313819,0.06820368840374794,False
phoneme,classification,controlled_mlp,0,RBF,32,SafeGram-after-embedding,validation,0.75,False,0.15929206414629118,0.03982301619208424,0.7499999990237338,1.812476266313323e-15,1.464412700712817e-15,0.16960770287550986,0.40153916052605576,0.3806443931937037,0.6047907936193666,-0.02089476733235207,-0.05203668629724153,0.20325163309331085,-0.10280245730059884,False
phoneme,classification,controlled_mlp,0,RBF,32,SafeGram-after-embedding,test,0.75,False,0.14010329624768658,0.03502582392088327,0.7500000010066742,1.812476266313323e-15,1.464412700712817e-15,0.16960770287550986,0.37437151196622853,0.3740319245588071,0.6047907936193667,-0.0003395874074214045,-0.0009070866681010657,0.23041928165313819,-0.0014737803407121224,False
phoneme,classification,controlled_mlp,0,RBF,32,SafeRankGram prediction hybrid,validation,1.0,False,0.15929206414629118,0.0,1.0,1.812476266313323e-15,1.464412700712817e-15,0.0916713799815625,0.40153916052605576,0.34813116864156457,0.6047907936193666,-0.05340799188449119,-0.13300817737059936,0.20325163309331085,-0.2627678364580328,False
phoneme,classification,controlled_mlp,0,RBF,32,SafeRankGram prediction hybrid,test,1.0,False,0.14010329624768658,0.0,1.0,1.812476266313323e-15,1.464412700712817e-15,0.0916713799815625,0.37437151196622853,0.3900869568543146,0.6047907936193667,0.015715444888086072,0.04197820717059192,0.23041928165313819,0.06820368840374794,False
