panel,dataset,left_model,right_model,coupling,gap_multiplier,absolute_gap,method,inversion_probability
confirmation,compustat_kor_direction,onehot_linear,ordinal_forest,common,0.25,3.2259834502806745e-05,disjoint_pack_cross128,0.357421875
confirmation,compustat_kor_direction,onehot_linear,ordinal_forest,common,0.25,3.2259834502806745e-05,independent_cover_u128,0.3974609375
confirmation,compustat_kor_direction,onehot_linear,ordinal_forest,common,0.5,6.451966900561349e-05,disjoint_pack_cross128,0.2412109375
confirmation,compustat_kor_direction,onehot_linear,ordinal_forest,common,0.5,6.451966900561349e-05,independent_cover_u128,0.306640625
confirmation,compustat_kor_direction,onehot_linear,ordinal_forest,common,1.0,0.00012903933801122698,disjoint_pack_cross128,0.076171875
confirmation,compustat_kor_direction,onehot_linear,ordinal_forest,common,1.0,0.00012903933801122698,independent_cover_u128,0.1474609375
confirmation,compustat_kor_direction,onehot_linear,ordinal_forest,common,2.0,0.00025807867602245396,disjoint_pack_cross128,0.001953125
confirmation,compustat_kor_direction,onehot_linear,ordinal_forest,common,2.0,0.00025807867602245396,independent_cover_u128,0.025390625
confirmation,compustat_kor_direction,onehot_linear,ordinal_forest,candidate_independent,0.25,3.2259834502806745e-05,disjoint_pack_cross128,0.357421875
confirmation,compustat_kor_direction,onehot_linear,ordinal_forest,candidate_independent,0.25,3.2259834502806745e-05,independent_cover_u128,0.3974609375
confirmation,compustat_kor_direction,onehot_linear,ordinal_forest,candidate_independent,0.5,6.451966900561349e-05,disjoint_pack_cross128,0.2412109375
confirmation,compustat_kor_direction,onehot_linear,ordinal_forest,candidate_independent,0.5,6.451966900561349e-05,independent_cover_u128,0.306640625
confirmation,compustat_kor_direction,onehot_linear,ordinal_forest,candidate_independent,1.0,0.00012903933801122698,disjoint_pack_cross128,0.076171875
confirmation,compustat_kor_direction,onehot_linear,ordinal_forest,candidate_independent,1.0,0.00012903933801122698,independent_cover_u128,0.1474609375
confirmation,compustat_kor_direction,onehot_linear,ordinal_forest,candidate_independent,2.0,0.00025807867602245396,disjoint_pack_cross128,0.001953125
confirmation,compustat_kor_direction,onehot_linear,ordinal_forest,candidate_independent,2.0,0.00025807867602245396,independent_cover_u128,0.025390625
confirmation,compustat_kor_direction,onehot_linear,native_histgb,common,0.25,1.952023331590249e-05,disjoint_pack_cross128,0.3515625
confirmation,compustat_kor_direction,onehot_linear,native_histgb,common,0.25,1.952023331590249e-05,independent_cover_u128,0.3857421875
confirmation,compustat_kor_direction,onehot_linear,native_histgb,common,0.5,3.904046663180498e-05,disjoint_pack_cross128,0.228515625
confirmation,compustat_kor_direction,onehot_linear,native_histgb,common,0.5,3.904046663180498e-05,independent_cover_u128,0.2998046875
confirmation,compustat_kor_direction,onehot_linear,native_histgb,common,1.0,7.808093326360996e-05,disjoint_pack_cross128,0.08203125
confirmation,compustat_kor_direction,onehot_linear,native_histgb,common,1.0,7.808093326360996e-05,independent_cover_u128,0.14453125
confirmation,compustat_kor_direction,onehot_linear,native_histgb,common,2.0,0.00015616186652721992,disjoint_pack_cross128,0.001953125
confirmation,compustat_kor_direction,onehot_linear,native_histgb,common,2.0,0.00015616186652721992,independent_cover_u128,0.0234375
confirmation,compustat_kor_direction,onehot_linear,native_histgb,candidate_independent,0.25,1.952023331590249e-05,disjoint_pack_cross128,0.3515625
confirmation,compustat_kor_direction,onehot_linear,native_histgb,candidate_independent,0.25,1.952023331590249e-05,independent_cover_u128,0.3857421875
confirmation,compustat_kor_direction,onehot_linear,native_histgb,candidate_independent,0.5,3.904046663180498e-05,disjoint_pack_cross128,0.228515625
confirmation,compustat_kor_direction,onehot_linear,native_histgb,candidate_independent,0.5,3.904046663180498e-05,independent_cover_u128,0.2998046875
confirmation,compustat_kor_direction,onehot_linear,native_histgb,candidate_independent,1.0,7.808093326360996e-05,disjoint_pack_cross128,0.08203125
confirmation,compustat_kor_direction,onehot_linear,native_histgb,candidate_independent,1.0,7.808093326360996e-05,independent_cover_u128,0.14453125
confirmation,compustat_kor_direction,onehot_linear,native_histgb,candidate_independent,2.0,0.00015616186652721992,disjoint_pack_cross128,0.001953125
confirmation,compustat_kor_direction,onehot_linear,native_histgb,candidate_independent,2.0,0.00015616186652721992,independent_cover_u128,0.0234375
confirmation,compustat_kor_direction,onehot_linear,catboost_native,common,0.25,1.3842400596920742e-05,disjoint_pack_cross128,0.3427734375
confirmation,compustat_kor_direction,onehot_linear,catboost_native,common,0.25,1.3842400596920742e-05,independent_cover_u128,0.39453125
confirmation,compustat_kor_direction,onehot_linear,catboost_native,common,0.5,2.7684801193841483e-05,disjoint_pack_cross128,0.220703125
confirmation,compustat_kor_direction,onehot_linear,catboost_native,common,0.5,2.7684801193841483e-05,independent_cover_u128,0.302734375
confirmation,compustat_kor_direction,onehot_linear,catboost_native,common,1.0,5.5369602387682966e-05,disjoint_pack_cross128,0.0732421875
confirmation,compustat_kor_direction,onehot_linear,catboost_native,common,1.0,5.5369602387682966e-05,independent_cover_u128,0.150390625
confirmation,compustat_kor_direction,onehot_linear,catboost_native,common,2.0,0.00011073920477536593,disjoint_pack_cross128,0.0029296875
confirmation,compustat_kor_direction,onehot_linear,catboost_native,common,2.0,0.00011073920477536593,independent_cover_u128,0.0283203125
confirmation,compustat_kor_direction,onehot_linear,catboost_native,candidate_independent,0.25,1.3842400596920742e-05,disjoint_pack_cross128,0.3427734375
confirmation,compustat_kor_direction,onehot_linear,catboost_native,candidate_independent,0.25,1.3842400596920742e-05,independent_cover_u128,0.39453125
confirmation,compustat_kor_direction,onehot_linear,catboost_native,candidate_independent,0.5,2.7684801193841483e-05,disjoint_pack_cross128,0.220703125
confirmation,compustat_kor_direction,onehot_linear,catboost_native,candidate_independent,0.5,2.7684801193841483e-05,independent_cover_u128,0.302734375
confirmation,compustat_kor_direction,onehot_linear,catboost_native,candidate_independent,1.0,5.5369602387682966e-05,disjoint_pack_cross128,0.0732421875
confirmation,compustat_kor_direction,onehot_linear,catboost_native,candidate_independent,1.0,5.5369602387682966e-05,independent_cover_u128,0.150390625
confirmation,compustat_kor_direction,onehot_linear,catboost_native,candidate_independent,2.0,0.00011073920477536593,disjoint_pack_cross128,0.0029296875
confirmation,compustat_kor_direction,onehot_linear,catboost_native,candidate_independent,2.0,0.00011073920477536593,independent_cover_u128,0.0283203125
confirmation,compustat_kor_direction,onehot_linear,onehot_adam_mlp,common,0.25,4.942435797719478e-05,disjoint_pack_cross128,0.376953125
confirmation,compustat_kor_direction,onehot_linear,onehot_adam_mlp,common,0.25,4.942435797719478e-05,independent_cover_u128,0.392578125
confirmation,compustat_kor_direction,onehot_linear,onehot_adam_mlp,common,0.5,9.884871595438956e-05,disjoint_pack_cross128,0.2578125
confirmation,compustat_kor_direction,onehot_linear,onehot_adam_mlp,common,0.5,9.884871595438956e-05,independent_cover_u128,0.3134765625
confirmation,compustat_kor_direction,onehot_linear,onehot_adam_mlp,common,1.0,0.00019769743190877913,disjoint_pack_cross128,0.1142578125
confirmation,compustat_kor_direction,onehot_linear,onehot_adam_mlp,common,1.0,0.00019769743190877913,independent_cover_u128,0.1552734375
confirmation,compustat_kor_direction,onehot_linear,onehot_adam_mlp,common,2.0,0.00039539486381755826,disjoint_pack_cross128,0.00390625
confirmation,compustat_kor_direction,onehot_linear,onehot_adam_mlp,common,2.0,0.00039539486381755826,independent_cover_u128,0.01953125
confirmation,compustat_kor_direction,onehot_linear,onehot_adam_mlp,candidate_independent,0.25,4.942435797719478e-05,disjoint_pack_cross128,0.376953125
confirmation,compustat_kor_direction,onehot_linear,onehot_adam_mlp,candidate_independent,0.25,4.942435797719478e-05,independent_cover_u128,0.392578125
confirmation,compustat_kor_direction,onehot_linear,onehot_adam_mlp,candidate_independent,0.5,9.884871595438956e-05,disjoint_pack_cross128,0.2578125
confirmation,compustat_kor_direction,onehot_linear,onehot_adam_mlp,candidate_independent,0.5,9.884871595438956e-05,independent_cover_u128,0.3134765625
confirmation,compustat_kor_direction,onehot_linear,onehot_adam_mlp,candidate_independent,1.0,0.00019769743190877913,disjoint_pack_cross128,0.1142578125
confirmation,compustat_kor_direction,onehot_linear,onehot_adam_mlp,candidate_independent,1.0,0.00019769743190877913,independent_cover_u128,0.1552734375
confirmation,compustat_kor_direction,onehot_linear,onehot_adam_mlp,candidate_independent,2.0,0.00039539486381755826,disjoint_pack_cross128,0.00390625
confirmation,compustat_kor_direction,onehot_linear,onehot_adam_mlp,candidate_independent,2.0,0.00039539486381755826,independent_cover_u128,0.01953125
confirmation,compustat_kor_direction,ordinal_forest,native_histgb,common,0.25,3.861394033858517e-05,disjoint_pack_cross128,0.3623046875
confirmation,compustat_kor_direction,ordinal_forest,native_histgb,common,0.25,3.861394033858517e-05,independent_cover_u128,0.3984375
confirmation,compustat_kor_direction,ordinal_forest,native_histgb,common,0.5,7.722788067717033e-05,disjoint_pack_cross128,0.236328125
confirmation,compustat_kor_direction,ordinal_forest,native_histgb,common,0.5,7.722788067717033e-05,independent_cover_u128,0.30078125
confirmation,compustat_kor_direction,ordinal_forest,native_histgb,common,1.0,0.00015445576135434067,disjoint_pack_cross128,0.08203125
confirmation,compustat_kor_direction,ordinal_forest,native_histgb,common,1.0,0.00015445576135434067,independent_cover_u128,0.150390625
confirmation,compustat_kor_direction,ordinal_forest,native_histgb,common,2.0,0.00030891152270868134,disjoint_pack_cross128,0.001953125
confirmation,compustat_kor_direction,ordinal_forest,native_histgb,common,2.0,0.00030891152270868134,independent_cover_u128,0.0244140625
confirmation,compustat_kor_direction,ordinal_forest,native_histgb,candidate_independent,0.25,3.861394033858517e-05,disjoint_pack_cross128,0.3486328125
confirmation,compustat_kor_direction,ordinal_forest,native_histgb,candidate_independent,0.25,3.861394033858517e-05,independent_cover_u128,0.3876953125
confirmation,compustat_kor_direction,ordinal_forest,native_histgb,candidate_independent,0.5,7.722788067717033e-05,disjoint_pack_cross128,0.244140625
confirmation,compustat_kor_direction,ordinal_forest,native_histgb,candidate_independent,0.5,7.722788067717033e-05,independent_cover_u128,0.2900390625
confirmation,compustat_kor_direction,ordinal_forest,native_histgb,candidate_independent,1.0,0.00015445576135434067,disjoint_pack_cross128,0.083984375
confirmation,compustat_kor_direction,ordinal_forest,native_histgb,candidate_independent,1.0,0.00015445576135434067,independent_cover_u128,0.1376953125
confirmation,compustat_kor_direction,ordinal_forest,native_histgb,candidate_independent,2.0,0.00030891152270868134,disjoint_pack_cross128,0.001953125
confirmation,compustat_kor_direction,ordinal_forest,native_histgb,candidate_independent,2.0,0.00030891152270868134,independent_cover_u128,0.01953125
confirmation,compustat_kor_direction,ordinal_forest,catboost_native,common,0.25,3.441145558947319e-05,disjoint_pack_cross128,0.3671875
confirmation,compustat_kor_direction,ordinal_forest,catboost_native,common,0.25,3.441145558947319e-05,independent_cover_u128,0.3876953125
confirmation,compustat_kor_direction,ordinal_forest,catboost_native,common,0.5,6.882291117894638e-05,disjoint_pack_cross128,0.2509765625
confirmation,compustat_kor_direction,ordinal_forest,catboost_native,common,0.5,6.882291117894638e-05,independent_cover_u128,0.3037109375
confirmation,compustat_kor_direction,ordinal_forest,catboost_native,common,1.0,0.00013764582235789276,disjoint_pack_cross128,0.0859375
confirmation,compustat_kor_direction,ordinal_forest,catboost_native,common,1.0,0.00013764582235789276,independent_cover_u128,0.1552734375
confirmation,compustat_kor_direction,ordinal_forest,catboost_native,common,2.0,0.0002752916447157855,disjoint_pack_cross128,0.0029296875
confirmation,compustat_kor_direction,ordinal_forest,catboost_native,common,2.0,0.0002752916447157855,independent_cover_u128,0.025390625
confirmation,compustat_kor_direction,ordinal_forest,catboost_native,candidate_independent,0.25,3.441145558947319e-05,disjoint_pack_cross128,0.3623046875
confirmation,compustat_kor_direction,ordinal_forest,catboost_native,candidate_independent,0.25,3.441145558947319e-05,independent_cover_u128,0.3955078125
confirmation,compustat_kor_direction,ordinal_forest,catboost_native,candidate_independent,0.5,6.882291117894638e-05,disjoint_pack_cross128,0.25390625
confirmation,compustat_kor_direction,ordinal_forest,catboost_native,candidate_independent,0.5,6.882291117894638e-05,independent_cover_u128,0.3095703125
confirmation,compustat_kor_direction,ordinal_forest,catboost_native,candidate_independent,1.0,0.00013764582235789276,disjoint_pack_cross128,0.08984375
confirmation,compustat_kor_direction,ordinal_forest,catboost_native,candidate_independent,1.0,0.00013764582235789276,independent_cover_u128,0.166015625
confirmation,compustat_kor_direction,ordinal_forest,catboost_native,candidate_independent,2.0,0.0002752916447157855,disjoint_pack_cross128,0.001953125
confirmation,compustat_kor_direction,ordinal_forest,catboost_native,candidate_independent,2.0,0.0002752916447157855,independent_cover_u128,0.0263671875
confirmation,compustat_kor_direction,ordinal_forest,onehot_adam_mlp,common,0.25,6.445033888903978e-05,disjoint_pack_cross128,0.375
confirmation,compustat_kor_direction,ordinal_forest,onehot_adam_mlp,common,0.25,6.445033888903978e-05,independent_cover_u128,0.3984375
confirmation,compustat_kor_direction,ordinal_forest,onehot_adam_mlp,common,0.5,0.00012890067777807955,disjoint_pack_cross128,0.2587890625
confirmation,compustat_kor_direction,ordinal_forest,onehot_adam_mlp,common,0.5,0.00012890067777807955,independent_cover_u128,0.29296875
confirmation,compustat_kor_direction,ordinal_forest,onehot_adam_mlp,common,1.0,0.0002578013555561591,disjoint_pack_cross128,0.1064453125
confirmation,compustat_kor_direction,ordinal_forest,onehot_adam_mlp,common,1.0,0.0002578013555561591,independent_cover_u128,0.1572265625
confirmation,compustat_kor_direction,ordinal_forest,onehot_adam_mlp,common,2.0,0.0005156027111123182,disjoint_pack_cross128,0.0029296875
confirmation,compustat_kor_direction,ordinal_forest,onehot_adam_mlp,common,2.0,0.0005156027111123182,independent_cover_u128,0.017578125
confirmation,compustat_kor_direction,ordinal_forest,onehot_adam_mlp,candidate_independent,0.25,6.445033888903978e-05,disjoint_pack_cross128,0.361328125
confirmation,compustat_kor_direction,ordinal_forest,onehot_adam_mlp,candidate_independent,0.25,6.445033888903978e-05,independent_cover_u128,0.3798828125
confirmation,compustat_kor_direction,ordinal_forest,onehot_adam_mlp,candidate_independent,0.5,0.00012890067777807955,disjoint_pack_cross128,0.24609375
confirmation,compustat_kor_direction,ordinal_forest,onehot_adam_mlp,candidate_independent,0.5,0.00012890067777807955,independent_cover_u128,0.2705078125
confirmation,compustat_kor_direction,ordinal_forest,onehot_adam_mlp,candidate_independent,1.0,0.0002578013555561591,disjoint_pack_cross128,0.083984375
confirmation,compustat_kor_direction,ordinal_forest,onehot_adam_mlp,candidate_independent,1.0,0.0002578013555561591,independent_cover_u128,0.130859375
confirmation,compustat_kor_direction,ordinal_forest,onehot_adam_mlp,candidate_independent,2.0,0.0005156027111123182,disjoint_pack_cross128,0.0
confirmation,compustat_kor_direction,ordinal_forest,onehot_adam_mlp,candidate_independent,2.0,0.0005156027111123182,independent_cover_u128,0.01953125
confirmation,compustat_kor_direction,native_histgb,catboost_native,common,0.25,2.36397040467519e-05,disjoint_pack_cross128,0.3603515625
confirmation,compustat_kor_direction,native_histgb,catboost_native,common,0.25,2.36397040467519e-05,independent_cover_u128,0.400390625
confirmation,compustat_kor_direction,native_histgb,catboost_native,common,0.5,4.72794080935038e-05,disjoint_pack_cross128,0.236328125
confirmation,compustat_kor_direction,native_histgb,catboost_native,common,0.5,4.72794080935038e-05,independent_cover_u128,0.3056640625
confirmation,compustat_kor_direction,native_histgb,catboost_native,common,1.0,9.45588161870076e-05,disjoint_pack_cross128,0.0888671875
confirmation,compustat_kor_direction,native_histgb,catboost_native,common,1.0,9.45588161870076e-05,independent_cover_u128,0.1455078125
confirmation,compustat_kor_direction,native_histgb,catboost_native,common,2.0,0.0001891176323740152,disjoint_pack_cross128,0.0009765625
confirmation,compustat_kor_direction,native_histgb,catboost_native,common,2.0,0.0001891176323740152,independent_cover_u128,0.025390625
confirmation,compustat_kor_direction,native_histgb,catboost_native,candidate_independent,0.25,2.36397040467519e-05,disjoint_pack_cross128,0.3408203125
confirmation,compustat_kor_direction,native_histgb,catboost_native,candidate_independent,0.25,2.36397040467519e-05,independent_cover_u128,0.3876953125
confirmation,compustat_kor_direction,native_histgb,catboost_native,candidate_independent,0.5,4.72794080935038e-05,disjoint_pack_cross128,0.232421875
confirmation,compustat_kor_direction,native_histgb,catboost_native,candidate_independent,0.5,4.72794080935038e-05,independent_cover_u128,0.296875
confirmation,compustat_kor_direction,native_histgb,catboost_native,candidate_independent,1.0,9.45588161870076e-05,disjoint_pack_cross128,0.08203125
confirmation,compustat_kor_direction,native_histgb,catboost_native,candidate_independent,1.0,9.45588161870076e-05,independent_cover_u128,0.1533203125
confirmation,compustat_kor_direction,native_histgb,catboost_native,candidate_independent,2.0,0.0001891176323740152,disjoint_pack_cross128,0.0029296875
confirmation,compustat_kor_direction,native_histgb,catboost_native,candidate_independent,2.0,0.0001891176323740152,independent_cover_u128,0.0263671875
confirmation,compustat_kor_direction,native_histgb,onehot_adam_mlp,common,0.25,5.306242593904906e-05,disjoint_pack_cross128,0.3798828125
confirmation,compustat_kor_direction,native_histgb,onehot_adam_mlp,common,0.25,5.306242593904906e-05,independent_cover_u128,0.3994140625
confirmation,compustat_kor_direction,native_histgb,onehot_adam_mlp,common,0.5,0.00010612485187809812,disjoint_pack_cross128,0.265625
confirmation,compustat_kor_direction,native_histgb,onehot_adam_mlp,common,0.5,0.00010612485187809812,independent_cover_u128,0.310546875
confirmation,compustat_kor_direction,native_histgb,onehot_adam_mlp,common,1.0,0.00021224970375619624,disjoint_pack_cross128,0.1083984375
confirmation,compustat_kor_direction,native_histgb,onehot_adam_mlp,common,1.0,0.00021224970375619624,independent_cover_u128,0.15625
confirmation,compustat_kor_direction,native_histgb,onehot_adam_mlp,common,2.0,0.0004244994075123925,disjoint_pack_cross128,0.0068359375
confirmation,compustat_kor_direction,native_histgb,onehot_adam_mlp,common,2.0,0.0004244994075123925,independent_cover_u128,0.021484375
confirmation,compustat_kor_direction,native_histgb,onehot_adam_mlp,candidate_independent,0.25,5.306242593904906e-05,disjoint_pack_cross128,0.359375
confirmation,compustat_kor_direction,native_histgb,onehot_adam_mlp,candidate_independent,0.25,5.306242593904906e-05,independent_cover_u128,0.3896484375
confirmation,compustat_kor_direction,native_histgb,onehot_adam_mlp,candidate_independent,0.5,0.00010612485187809812,disjoint_pack_cross128,0.2646484375
confirmation,compustat_kor_direction,native_histgb,onehot_adam_mlp,candidate_independent,0.5,0.00010612485187809812,independent_cover_u128,0.2958984375
confirmation,compustat_kor_direction,native_histgb,onehot_adam_mlp,candidate_independent,1.0,0.00021224970375619624,disjoint_pack_cross128,0.103515625
confirmation,compustat_kor_direction,native_histgb,onehot_adam_mlp,candidate_independent,1.0,0.00021224970375619624,independent_cover_u128,0.16015625
confirmation,compustat_kor_direction,native_histgb,onehot_adam_mlp,candidate_independent,2.0,0.0004244994075123925,disjoint_pack_cross128,0.0048828125
confirmation,compustat_kor_direction,native_histgb,onehot_adam_mlp,candidate_independent,2.0,0.0004244994075123925,independent_cover_u128,0.025390625
confirmation,compustat_kor_direction,catboost_native,onehot_adam_mlp,common,0.25,5.051585927616885e-05,disjoint_pack_cross128,0.365234375
confirmation,compustat_kor_direction,catboost_native,onehot_adam_mlp,common,0.25,5.051585927616885e-05,independent_cover_u128,0.4013671875
confirmation,compustat_kor_direction,catboost_native,onehot_adam_mlp,common,0.5,0.0001010317185523377,disjoint_pack_cross128,0.267578125
confirmation,compustat_kor_direction,catboost_native,onehot_adam_mlp,common,0.5,0.0001010317185523377,independent_cover_u128,0.298828125
confirmation,compustat_kor_direction,catboost_native,onehot_adam_mlp,common,1.0,0.0002020634371046754,disjoint_pack_cross128,0.1171875
confirmation,compustat_kor_direction,catboost_native,onehot_adam_mlp,common,1.0,0.0002020634371046754,independent_cover_u128,0.1591796875
confirmation,compustat_kor_direction,catboost_native,onehot_adam_mlp,common,2.0,0.0004041268742093508,disjoint_pack_cross128,0.0048828125
confirmation,compustat_kor_direction,catboost_native,onehot_adam_mlp,common,2.0,0.0004041268742093508,independent_cover_u128,0.01953125
confirmation,compustat_kor_direction,catboost_native,onehot_adam_mlp,candidate_independent,0.25,5.051585927616885e-05,disjoint_pack_cross128,0.365234375
confirmation,compustat_kor_direction,catboost_native,onehot_adam_mlp,candidate_independent,0.25,5.051585927616885e-05,independent_cover_u128,0.4072265625
confirmation,compustat_kor_direction,catboost_native,onehot_adam_mlp,candidate_independent,0.5,0.0001010317185523377,disjoint_pack_cross128,0.2587890625
confirmation,compustat_kor_direction,catboost_native,onehot_adam_mlp,candidate_independent,0.5,0.0001010317185523377,independent_cover_u128,0.3134765625
confirmation,compustat_kor_direction,catboost_native,onehot_adam_mlp,candidate_independent,1.0,0.0002020634371046754,disjoint_pack_cross128,0.1123046875
confirmation,compustat_kor_direction,catboost_native,onehot_adam_mlp,candidate_independent,1.0,0.0002020634371046754,independent_cover_u128,0.162109375
confirmation,compustat_kor_direction,catboost_native,onehot_adam_mlp,candidate_independent,2.0,0.0004041268742093508,disjoint_pack_cross128,0.0068359375
confirmation,compustat_kor_direction,catboost_native,onehot_adam_mlp,candidate_independent,2.0,0.0004041268742093508,independent_cover_u128,0.021484375
confirmation,kdd17_stock_direction,onehot_linear,ordinal_forest,common,0.25,2.736532036994583e-05,disjoint_pack_cross128,0.3662109375
confirmation,kdd17_stock_direction,onehot_linear,ordinal_forest,common,0.25,2.736532036994583e-05,independent_cover_u128,0.4072265625
confirmation,kdd17_stock_direction,onehot_linear,ordinal_forest,common,0.5,5.473064073989166e-05,disjoint_pack_cross128,0.2451171875
confirmation,kdd17_stock_direction,onehot_linear,ordinal_forest,common,0.5,5.473064073989166e-05,independent_cover_u128,0.3056640625
confirmation,kdd17_stock_direction,onehot_linear,ordinal_forest,common,1.0,0.00010946128147978332,disjoint_pack_cross128,0.0791015625
confirmation,kdd17_stock_direction,onehot_linear,ordinal_forest,common,1.0,0.00010946128147978332,independent_cover_u128,0.1611328125
confirmation,kdd17_stock_direction,onehot_linear,ordinal_forest,common,2.0,0.00021892256295956663,disjoint_pack_cross128,0.0048828125
confirmation,kdd17_stock_direction,onehot_linear,ordinal_forest,common,2.0,0.00021892256295956663,independent_cover_u128,0.0244140625
confirmation,kdd17_stock_direction,onehot_linear,ordinal_forest,candidate_independent,0.25,2.736532036994583e-05,disjoint_pack_cross128,0.3662109375
confirmation,kdd17_stock_direction,onehot_linear,ordinal_forest,candidate_independent,0.25,2.736532036994583e-05,independent_cover_u128,0.4072265625
confirmation,kdd17_stock_direction,onehot_linear,ordinal_forest,candidate_independent,0.5,5.473064073989166e-05,disjoint_pack_cross128,0.2451171875
confirmation,kdd17_stock_direction,onehot_linear,ordinal_forest,candidate_independent,0.5,5.473064073989166e-05,independent_cover_u128,0.3056640625
confirmation,kdd17_stock_direction,onehot_linear,ordinal_forest,candidate_independent,1.0,0.00010946128147978332,disjoint_pack_cross128,0.0791015625
confirmation,kdd17_stock_direction,onehot_linear,ordinal_forest,candidate_independent,1.0,0.00010946128147978332,independent_cover_u128,0.1611328125
confirmation,kdd17_stock_direction,onehot_linear,ordinal_forest,candidate_independent,2.0,0.00021892256295956663,disjoint_pack_cross128,0.0048828125
confirmation,kdd17_stock_direction,onehot_linear,ordinal_forest,candidate_independent,2.0,0.00021892256295956663,independent_cover_u128,0.0244140625
confirmation,kdd17_stock_direction,onehot_linear,native_histgb,common,0.25,5.439879676408819e-10,disjoint_pack_cross128,0.3671875
confirmation,kdd17_stock_direction,onehot_linear,native_histgb,common,0.25,5.439879676408819e-10,independent_cover_u128,0.404296875
confirmation,kdd17_stock_direction,onehot_linear,native_histgb,common,0.5,1.0879759352817638e-09,disjoint_pack_cross128,0.240234375
confirmation,kdd17_stock_direction,onehot_linear,native_histgb,common,0.5,1.0879759352817638e-09,independent_cover_u128,0.306640625
confirmation,kdd17_stock_direction,onehot_linear,native_histgb,common,1.0,2.1759518705635275e-09,disjoint_pack_cross128,0.0771484375
confirmation,kdd17_stock_direction,onehot_linear,native_histgb,common,1.0,2.1759518705635275e-09,independent_cover_u128,0.162109375
confirmation,kdd17_stock_direction,onehot_linear,native_histgb,common,2.0,4.351903741127055e-09,disjoint_pack_cross128,0.005859375
confirmation,kdd17_stock_direction,onehot_linear,native_histgb,common,2.0,4.351903741127055e-09,independent_cover_u128,0.017578125
confirmation,kdd17_stock_direction,onehot_linear,native_histgb,candidate_independent,0.25,5.439879676408819e-10,disjoint_pack_cross128,0.3544921875
confirmation,kdd17_stock_direction,onehot_linear,native_histgb,candidate_independent,0.25,5.439879676408819e-10,independent_cover_u128,0.3916015625
confirmation,kdd17_stock_direction,onehot_linear,native_histgb,candidate_independent,0.5,1.0879759352817638e-09,disjoint_pack_cross128,0.240234375
confirmation,kdd17_stock_direction,onehot_linear,native_histgb,candidate_independent,0.5,1.0879759352817638e-09,independent_cover_u128,0.310546875
confirmation,kdd17_stock_direction,onehot_linear,native_histgb,candidate_independent,1.0,2.1759518705635275e-09,disjoint_pack_cross128,0.0859375
confirmation,kdd17_stock_direction,onehot_linear,native_histgb,candidate_independent,1.0,2.1759518705635275e-09,independent_cover_u128,0.1650390625
confirmation,kdd17_stock_direction,onehot_linear,native_histgb,candidate_independent,2.0,4.351903741127055e-09,disjoint_pack_cross128,0.0087890625
confirmation,kdd17_stock_direction,onehot_linear,native_histgb,candidate_independent,2.0,4.351903741127055e-09,independent_cover_u128,0.017578125
confirmation,kdd17_stock_direction,onehot_linear,catboost_native,common,0.25,1.4983571399953893e-05,disjoint_pack_cross128,0.3544921875
confirmation,kdd17_stock_direction,onehot_linear,catboost_native,common,0.25,1.4983571399953893e-05,independent_cover_u128,0.3984375
confirmation,kdd17_stock_direction,onehot_linear,catboost_native,common,0.5,2.9967142799907786e-05,disjoint_pack_cross128,0.21875
confirmation,kdd17_stock_direction,onehot_linear,catboost_native,common,0.5,2.9967142799907786e-05,independent_cover_u128,0.3154296875
confirmation,kdd17_stock_direction,onehot_linear,catboost_native,common,1.0,5.993428559981557e-05,disjoint_pack_cross128,0.064453125
confirmation,kdd17_stock_direction,onehot_linear,catboost_native,common,1.0,5.993428559981557e-05,independent_cover_u128,0.150390625
confirmation,kdd17_stock_direction,onehot_linear,catboost_native,common,2.0,0.00011986857119963114,disjoint_pack_cross128,0.0009765625
confirmation,kdd17_stock_direction,onehot_linear,catboost_native,common,2.0,0.00011986857119963114,independent_cover_u128,0.0234375
confirmation,kdd17_stock_direction,onehot_linear,catboost_native,candidate_independent,0.25,1.4983571399953893e-05,disjoint_pack_cross128,0.3544921875
confirmation,kdd17_stock_direction,onehot_linear,catboost_native,candidate_independent,0.25,1.4983571399953893e-05,independent_cover_u128,0.3984375
confirmation,kdd17_stock_direction,onehot_linear,catboost_native,candidate_independent,0.5,2.9967142799907786e-05,disjoint_pack_cross128,0.21875
confirmation,kdd17_stock_direction,onehot_linear,catboost_native,candidate_independent,0.5,2.9967142799907786e-05,independent_cover_u128,0.3154296875
confirmation,kdd17_stock_direction,onehot_linear,catboost_native,candidate_independent,1.0,5.993428559981557e-05,disjoint_pack_cross128,0.064453125
confirmation,kdd17_stock_direction,onehot_linear,catboost_native,candidate_independent,1.0,5.993428559981557e-05,independent_cover_u128,0.150390625
confirmation,kdd17_stock_direction,onehot_linear,catboost_native,candidate_independent,2.0,0.00011986857119963114,disjoint_pack_cross128,0.0009765625
confirmation,kdd17_stock_direction,onehot_linear,catboost_native,candidate_independent,2.0,0.00011986857119963114,independent_cover_u128,0.0234375
confirmation,kdd17_stock_direction,onehot_linear,onehot_adam_mlp,common,0.25,0.00020012261259549636,disjoint_pack_cross128,0.3681640625
confirmation,kdd17_stock_direction,onehot_linear,onehot_adam_mlp,common,0.25,0.00020012261259549636,independent_cover_u128,0.3984375
confirmation,kdd17_stock_direction,onehot_linear,onehot_adam_mlp,common,0.5,0.0004002452251909927,disjoint_pack_cross128,0.2548828125
confirmation,kdd17_stock_direction,onehot_linear,onehot_adam_mlp,common,0.5,0.0004002452251909927,independent_cover_u128,0.3115234375
confirmation,kdd17_stock_direction,onehot_linear,onehot_adam_mlp,common,1.0,0.0008004904503819855,disjoint_pack_cross128,0.1015625
confirmation,kdd17_stock_direction,onehot_linear,onehot_adam_mlp,common,1.0,0.0008004904503819855,independent_cover_u128,0.1630859375
confirmation,kdd17_stock_direction,onehot_linear,onehot_adam_mlp,common,2.0,0.001600980900763971,disjoint_pack_cross128,0.0048828125
confirmation,kdd17_stock_direction,onehot_linear,onehot_adam_mlp,common,2.0,0.001600980900763971,independent_cover_u128,0.01953125
confirmation,kdd17_stock_direction,onehot_linear,onehot_adam_mlp,candidate_independent,0.25,0.00020012261259549636,disjoint_pack_cross128,0.3681640625
confirmation,kdd17_stock_direction,onehot_linear,onehot_adam_mlp,candidate_independent,0.25,0.00020012261259549636,independent_cover_u128,0.3984375
confirmation,kdd17_stock_direction,onehot_linear,onehot_adam_mlp,candidate_independent,0.5,0.0004002452251909927,disjoint_pack_cross128,0.2548828125
confirmation,kdd17_stock_direction,onehot_linear,onehot_adam_mlp,candidate_independent,0.5,0.0004002452251909927,independent_cover_u128,0.3115234375
confirmation,kdd17_stock_direction,onehot_linear,onehot_adam_mlp,candidate_independent,1.0,0.0008004904503819855,disjoint_pack_cross128,0.1015625
confirmation,kdd17_stock_direction,onehot_linear,onehot_adam_mlp,candidate_independent,1.0,0.0008004904503819855,independent_cover_u128,0.1630859375
confirmation,kdd17_stock_direction,onehot_linear,onehot_adam_mlp,candidate_independent,2.0,0.001600980900763971,disjoint_pack_cross128,0.0048828125
confirmation,kdd17_stock_direction,onehot_linear,onehot_adam_mlp,candidate_independent,2.0,0.001600980900763971,independent_cover_u128,0.01953125
confirmation,kdd17_stock_direction,ordinal_forest,native_histgb,common,0.25,2.736529512871746e-05,disjoint_pack_cross128,0.3662109375
confirmation,kdd17_stock_direction,ordinal_forest,native_histgb,common,0.25,2.736529512871746e-05,independent_cover_u128,0.4072265625
confirmation,kdd17_stock_direction,ordinal_forest,native_histgb,common,0.5,5.473059025743492e-05,disjoint_pack_cross128,0.2451171875
confirmation,kdd17_stock_direction,ordinal_forest,native_histgb,common,0.5,5.473059025743492e-05,independent_cover_u128,0.3056640625
confirmation,kdd17_stock_direction,ordinal_forest,native_histgb,common,1.0,0.00010946118051486984,disjoint_pack_cross128,0.0791015625
confirmation,kdd17_stock_direction,ordinal_forest,native_histgb,common,1.0,0.00010946118051486984,independent_cover_u128,0.1611328125
confirmation,kdd17_stock_direction,ordinal_forest,native_histgb,common,2.0,0.0002189223610297397,disjoint_pack_cross128,0.0048828125
confirmation,kdd17_stock_direction,ordinal_forest,native_histgb,common,2.0,0.0002189223610297397,independent_cover_u128,0.0244140625
confirmation,kdd17_stock_direction,ordinal_forest,native_histgb,candidate_independent,0.25,2.736529512871746e-05,disjoint_pack_cross128,0.3662109375
confirmation,kdd17_stock_direction,ordinal_forest,native_histgb,candidate_independent,0.25,2.736529512871746e-05,independent_cover_u128,0.4072265625
confirmation,kdd17_stock_direction,ordinal_forest,native_histgb,candidate_independent,0.5,5.473059025743492e-05,disjoint_pack_cross128,0.2451171875
confirmation,kdd17_stock_direction,ordinal_forest,native_histgb,candidate_independent,0.5,5.473059025743492e-05,independent_cover_u128,0.3056640625
confirmation,kdd17_stock_direction,ordinal_forest,native_histgb,candidate_independent,1.0,0.00010946118051486984,disjoint_pack_cross128,0.0791015625
confirmation,kdd17_stock_direction,ordinal_forest,native_histgb,candidate_independent,1.0,0.00010946118051486984,independent_cover_u128,0.1611328125
confirmation,kdd17_stock_direction,ordinal_forest,native_histgb,candidate_independent,2.0,0.0002189223610297397,disjoint_pack_cross128,0.0048828125
confirmation,kdd17_stock_direction,ordinal_forest,native_histgb,candidate_independent,2.0,0.0002189223610297397,independent_cover_u128,0.0244140625
confirmation,kdd17_stock_direction,ordinal_forest,catboost_native,common,0.25,3.035240006821849e-05,disjoint_pack_cross128,0.3671875
confirmation,kdd17_stock_direction,ordinal_forest,catboost_native,common,0.25,3.035240006821849e-05,independent_cover_u128,0.41796875
confirmation,kdd17_stock_direction,ordinal_forest,catboost_native,common,0.5,6.070480013643698e-05,disjoint_pack_cross128,0.2568359375
confirmation,kdd17_stock_direction,ordinal_forest,catboost_native,common,0.5,6.070480013643698e-05,independent_cover_u128,0.3193359375
confirmation,kdd17_stock_direction,ordinal_forest,catboost_native,common,1.0,0.00012140960027287396,disjoint_pack_cross128,0.0810546875
confirmation,kdd17_stock_direction,ordinal_forest,catboost_native,common,1.0,0.00012140960027287396,independent_cover_u128,0.162109375
confirmation,kdd17_stock_direction,ordinal_forest,catboost_native,common,2.0,0.00024281920054574792,disjoint_pack_cross128,0.001953125
confirmation,kdd17_stock_direction,ordinal_forest,catboost_native,common,2.0,0.00024281920054574792,independent_cover_u128,0.0283203125
confirmation,kdd17_stock_direction,ordinal_forest,catboost_native,candidate_independent,0.25,3.035240006821849e-05,disjoint_pack_cross128,0.3466796875
confirmation,kdd17_stock_direction,ordinal_forest,catboost_native,candidate_independent,0.25,3.035240006821849e-05,independent_cover_u128,0.408203125
confirmation,kdd17_stock_direction,ordinal_forest,catboost_native,candidate_independent,0.5,6.070480013643698e-05,disjoint_pack_cross128,0.2255859375
confirmation,kdd17_stock_direction,ordinal_forest,catboost_native,candidate_independent,0.5,6.070480013643698e-05,independent_cover_u128,0.3203125
confirmation,kdd17_stock_direction,ordinal_forest,catboost_native,candidate_independent,1.0,0.00012140960027287396,disjoint_pack_cross128,0.09375
confirmation,kdd17_stock_direction,ordinal_forest,catboost_native,candidate_independent,1.0,0.00012140960027287396,independent_cover_u128,0.1611328125
confirmation,kdd17_stock_direction,ordinal_forest,catboost_native,candidate_independent,2.0,0.00024281920054574792,disjoint_pack_cross128,0.001953125
confirmation,kdd17_stock_direction,ordinal_forest,catboost_native,candidate_independent,2.0,0.00024281920054574792,independent_cover_u128,0.021484375
confirmation,kdd17_stock_direction,ordinal_forest,onehot_adam_mlp,common,0.25,0.00020304217735967804,disjoint_pack_cross128,0.373046875
confirmation,kdd17_stock_direction,ordinal_forest,onehot_adam_mlp,common,0.25,0.00020304217735967804,independent_cover_u128,0.392578125
confirmation,kdd17_stock_direction,ordinal_forest,onehot_adam_mlp,common,0.5,0.00040608435471935607,disjoint_pack_cross128,0.259765625
confirmation,kdd17_stock_direction,ordinal_forest,onehot_adam_mlp,common,0.5,0.00040608435471935607,independent_cover_u128,0.31640625
confirmation,kdd17_stock_direction,ordinal_forest,onehot_adam_mlp,common,1.0,0.0008121687094387121,disjoint_pack_cross128,0.095703125
confirmation,kdd17_stock_direction,ordinal_forest,onehot_adam_mlp,common,1.0,0.0008121687094387121,independent_cover_u128,0.1591796875
confirmation,kdd17_stock_direction,ordinal_forest,onehot_adam_mlp,common,2.0,0.0016243374188774243,disjoint_pack_cross128,0.005859375
confirmation,kdd17_stock_direction,ordinal_forest,onehot_adam_mlp,common,2.0,0.0016243374188774243,independent_cover_u128,0.0205078125
confirmation,kdd17_stock_direction,ordinal_forest,onehot_adam_mlp,candidate_independent,0.25,0.00020304217735967804,disjoint_pack_cross128,0.375
confirmation,kdd17_stock_direction,ordinal_forest,onehot_adam_mlp,candidate_independent,0.25,0.00020304217735967804,independent_cover_u128,0.400390625
confirmation,kdd17_stock_direction,ordinal_forest,onehot_adam_mlp,candidate_independent,0.5,0.00040608435471935607,disjoint_pack_cross128,0.2568359375
confirmation,kdd17_stock_direction,ordinal_forest,onehot_adam_mlp,candidate_independent,0.5,0.00040608435471935607,independent_cover_u128,0.3134765625
confirmation,kdd17_stock_direction,ordinal_forest,onehot_adam_mlp,candidate_independent,1.0,0.0008121687094387121,disjoint_pack_cross128,0.1015625
confirmation,kdd17_stock_direction,ordinal_forest,onehot_adam_mlp,candidate_independent,1.0,0.0008121687094387121,independent_cover_u128,0.16015625
confirmation,kdd17_stock_direction,ordinal_forest,onehot_adam_mlp,candidate_independent,2.0,0.0016243374188774243,disjoint_pack_cross128,0.00390625
confirmation,kdd17_stock_direction,ordinal_forest,onehot_adam_mlp,candidate_independent,2.0,0.0016243374188774243,independent_cover_u128,0.0234375
confirmation,kdd17_stock_direction,native_histgb,catboost_native,common,0.25,1.4983590906540674e-05,disjoint_pack_cross128,0.3544921875
confirmation,kdd17_stock_direction,native_histgb,catboost_native,common,0.25,1.4983590906540674e-05,independent_cover_u128,0.3984375
confirmation,kdd17_stock_direction,native_histgb,catboost_native,common,0.5,2.9967181813081347e-05,disjoint_pack_cross128,0.21875
confirmation,kdd17_stock_direction,native_histgb,catboost_native,common,0.5,2.9967181813081347e-05,independent_cover_u128,0.3154296875
confirmation,kdd17_stock_direction,native_histgb,catboost_native,common,1.0,5.9934363626162695e-05,disjoint_pack_cross128,0.064453125
confirmation,kdd17_stock_direction,native_histgb,catboost_native,common,1.0,5.9934363626162695e-05,independent_cover_u128,0.150390625
confirmation,kdd17_stock_direction,native_histgb,catboost_native,common,2.0,0.00011986872725232539,disjoint_pack_cross128,0.0009765625
confirmation,kdd17_stock_direction,native_histgb,catboost_native,common,2.0,0.00011986872725232539,independent_cover_u128,0.0234375
confirmation,kdd17_stock_direction,native_histgb,catboost_native,candidate_independent,0.25,1.4983590906540674e-05,disjoint_pack_cross128,0.3544921875
confirmation,kdd17_stock_direction,native_histgb,catboost_native,candidate_independent,0.25,1.4983590906540674e-05,independent_cover_u128,0.3984375
confirmation,kdd17_stock_direction,native_histgb,catboost_native,candidate_independent,0.5,2.9967181813081347e-05,disjoint_pack_cross128,0.21875
confirmation,kdd17_stock_direction,native_histgb,catboost_native,candidate_independent,0.5,2.9967181813081347e-05,independent_cover_u128,0.3154296875
confirmation,kdd17_stock_direction,native_histgb,catboost_native,candidate_independent,1.0,5.9934363626162695e-05,disjoint_pack_cross128,0.064453125
confirmation,kdd17_stock_direction,native_histgb,catboost_native,candidate_independent,1.0,5.9934363626162695e-05,independent_cover_u128,0.150390625
confirmation,kdd17_stock_direction,native_histgb,catboost_native,candidate_independent,2.0,0.00011986872725232539,disjoint_pack_cross128,0.0009765625
confirmation,kdd17_stock_direction,native_histgb,catboost_native,candidate_independent,2.0,0.00011986872725232539,independent_cover_u128,0.0234375
confirmation,kdd17_stock_direction,native_histgb,onehot_adam_mlp,common,0.25,0.00020012261639436592,disjoint_pack_cross128,0.3681640625
confirmation,kdd17_stock_direction,native_histgb,onehot_adam_mlp,common,0.25,0.00020012261639436592,independent_cover_u128,0.3984375
confirmation,kdd17_stock_direction,native_histgb,onehot_adam_mlp,common,0.5,0.00040024523278873184,disjoint_pack_cross128,0.2548828125
confirmation,kdd17_stock_direction,native_histgb,onehot_adam_mlp,common,0.5,0.00040024523278873184,independent_cover_u128,0.3115234375
confirmation,kdd17_stock_direction,native_histgb,onehot_adam_mlp,common,1.0,0.0008004904655774637,disjoint_pack_cross128,0.1015625
confirmation,kdd17_stock_direction,native_histgb,onehot_adam_mlp,common,1.0,0.0008004904655774637,independent_cover_u128,0.1630859375
confirmation,kdd17_stock_direction,native_histgb,onehot_adam_mlp,common,2.0,0.0016009809311549274,disjoint_pack_cross128,0.0048828125
confirmation,kdd17_stock_direction,native_histgb,onehot_adam_mlp,common,2.0,0.0016009809311549274,independent_cover_u128,0.01953125
confirmation,kdd17_stock_direction,native_histgb,onehot_adam_mlp,candidate_independent,0.25,0.00020012261639436592,disjoint_pack_cross128,0.3681640625
confirmation,kdd17_stock_direction,native_histgb,onehot_adam_mlp,candidate_independent,0.25,0.00020012261639436592,independent_cover_u128,0.3984375
confirmation,kdd17_stock_direction,native_histgb,onehot_adam_mlp,candidate_independent,0.5,0.00040024523278873184,disjoint_pack_cross128,0.2548828125
confirmation,kdd17_stock_direction,native_histgb,onehot_adam_mlp,candidate_independent,0.5,0.00040024523278873184,independent_cover_u128,0.3115234375
confirmation,kdd17_stock_direction,native_histgb,onehot_adam_mlp,candidate_independent,1.0,0.0008004904655774637,disjoint_pack_cross128,0.1015625
confirmation,kdd17_stock_direction,native_histgb,onehot_adam_mlp,candidate_independent,1.0,0.0008004904655774637,independent_cover_u128,0.1630859375
confirmation,kdd17_stock_direction,native_histgb,onehot_adam_mlp,candidate_independent,2.0,0.0016009809311549274,disjoint_pack_cross128,0.0048828125
confirmation,kdd17_stock_direction,native_histgb,onehot_adam_mlp,candidate_independent,2.0,0.0016009809311549274,independent_cover_u128,0.01953125
confirmation,kdd17_stock_direction,catboost_native,onehot_adam_mlp,common,0.25,0.00020042504082692475,disjoint_pack_cross128,0.373046875
confirmation,kdd17_stock_direction,catboost_native,onehot_adam_mlp,common,0.25,0.00020042504082692475,independent_cover_u128,0.3916015625
confirmation,kdd17_stock_direction,catboost_native,onehot_adam_mlp,common,0.5,0.0004008500816538495,disjoint_pack_cross128,0.251953125
confirmation,kdd17_stock_direction,catboost_native,onehot_adam_mlp,common,0.5,0.0004008500816538495,independent_cover_u128,0.3076171875
confirmation,kdd17_stock_direction,catboost_native,onehot_adam_mlp,common,1.0,0.000801700163307699,disjoint_pack_cross128,0.0947265625
confirmation,kdd17_stock_direction,catboost_native,onehot_adam_mlp,common,1.0,0.000801700163307699,independent_cover_u128,0.16796875
confirmation,kdd17_stock_direction,catboost_native,onehot_adam_mlp,common,2.0,0.001603400326615398,disjoint_pack_cross128,0.00390625
confirmation,kdd17_stock_direction,catboost_native,onehot_adam_mlp,common,2.0,0.001603400326615398,independent_cover_u128,0.0224609375
confirmation,kdd17_stock_direction,catboost_native,onehot_adam_mlp,candidate_independent,0.25,0.00020042504082692475,disjoint_pack_cross128,0.3681640625
confirmation,kdd17_stock_direction,catboost_native,onehot_adam_mlp,candidate_independent,0.25,0.00020042504082692475,independent_cover_u128,0.40234375
confirmation,kdd17_stock_direction,catboost_native,onehot_adam_mlp,candidate_independent,0.5,0.0004008500816538495,disjoint_pack_cross128,0.2529296875
confirmation,kdd17_stock_direction,catboost_native,onehot_adam_mlp,candidate_independent,0.5,0.0004008500816538495,independent_cover_u128,0.3115234375
confirmation,kdd17_stock_direction,catboost_native,onehot_adam_mlp,candidate_independent,1.0,0.000801700163307699,disjoint_pack_cross128,0.0986328125
confirmation,kdd17_stock_direction,catboost_native,onehot_adam_mlp,candidate_independent,1.0,0.000801700163307699,independent_cover_u128,0.1611328125
confirmation,kdd17_stock_direction,catboost_native,onehot_adam_mlp,candidate_independent,2.0,0.001603400326615398,disjoint_pack_cross128,0.005859375
confirmation,kdd17_stock_direction,catboost_native,onehot_adam_mlp,candidate_independent,2.0,0.001603400326615398,independent_cover_u128,0.01953125
menu_repeat,compustat_kor_direction,onehot_linear,ordinal_forest,common,0.25,2.569218377988505e-05,disjoint_pack_cross128,0.3408203125
menu_repeat,compustat_kor_direction,onehot_linear,ordinal_forest,common,0.25,2.569218377988505e-05,independent_cover_u128,0.40625
menu_repeat,compustat_kor_direction,onehot_linear,ordinal_forest,common,0.5,5.13843675597701e-05,disjoint_pack_cross128,0.2158203125
menu_repeat,compustat_kor_direction,onehot_linear,ordinal_forest,common,0.5,5.13843675597701e-05,independent_cover_u128,0.3115234375
menu_repeat,compustat_kor_direction,onehot_linear,ordinal_forest,common,1.0,0.0001027687351195402,disjoint_pack_cross128,0.0703125
menu_repeat,compustat_kor_direction,onehot_linear,ordinal_forest,common,1.0,0.0001027687351195402,independent_cover_u128,0.1474609375
menu_repeat,compustat_kor_direction,onehot_linear,ordinal_forest,common,2.0,0.0002055374702390804,disjoint_pack_cross128,0.0
menu_repeat,compustat_kor_direction,onehot_linear,ordinal_forest,common,2.0,0.0002055374702390804,independent_cover_u128,0.01953125
menu_repeat,compustat_kor_direction,onehot_linear,ordinal_forest,candidate_independent,0.25,2.569218377988505e-05,disjoint_pack_cross128,0.3408203125
menu_repeat,compustat_kor_direction,onehot_linear,ordinal_forest,candidate_independent,0.25,2.569218377988505e-05,independent_cover_u128,0.40625
menu_repeat,compustat_kor_direction,onehot_linear,ordinal_forest,candidate_independent,0.5,5.13843675597701e-05,disjoint_pack_cross128,0.2158203125
menu_repeat,compustat_kor_direction,onehot_linear,ordinal_forest,candidate_independent,0.5,5.13843675597701e-05,independent_cover_u128,0.3115234375
menu_repeat,compustat_kor_direction,onehot_linear,ordinal_forest,candidate_independent,1.0,0.0001027687351195402,disjoint_pack_cross128,0.0703125
menu_repeat,compustat_kor_direction,onehot_linear,ordinal_forest,candidate_independent,1.0,0.0001027687351195402,independent_cover_u128,0.1474609375
menu_repeat,compustat_kor_direction,onehot_linear,ordinal_forest,candidate_independent,2.0,0.0002055374702390804,disjoint_pack_cross128,0.0
menu_repeat,compustat_kor_direction,onehot_linear,ordinal_forest,candidate_independent,2.0,0.0002055374702390804,independent_cover_u128,0.01953125
menu_repeat,compustat_kor_direction,onehot_linear,native_histgb,common,0.25,1.7254014247229316e-05,disjoint_pack_cross128,0.365234375
menu_repeat,compustat_kor_direction,onehot_linear,native_histgb,common,0.25,1.7254014247229316e-05,independent_cover_u128,0.40625
menu_repeat,compustat_kor_direction,onehot_linear,native_histgb,common,0.5,3.450802849445863e-05,disjoint_pack_cross128,0.259765625
menu_repeat,compustat_kor_direction,onehot_linear,native_histgb,common,0.5,3.450802849445863e-05,independent_cover_u128,0.3125
menu_repeat,compustat_kor_direction,onehot_linear,native_histgb,common,1.0,6.901605698891727e-05,disjoint_pack_cross128,0.09765625
menu_repeat,compustat_kor_direction,onehot_linear,native_histgb,common,1.0,6.901605698891727e-05,independent_cover_u128,0.162109375
menu_repeat,compustat_kor_direction,onehot_linear,native_histgb,common,2.0,0.00013803211397783453,disjoint_pack_cross128,0.0087890625
menu_repeat,compustat_kor_direction,onehot_linear,native_histgb,common,2.0,0.00013803211397783453,independent_cover_u128,0.01953125
menu_repeat,compustat_kor_direction,onehot_linear,native_histgb,candidate_independent,0.25,1.7254014247229316e-05,disjoint_pack_cross128,0.365234375
menu_repeat,compustat_kor_direction,onehot_linear,native_histgb,candidate_independent,0.25,1.7254014247229316e-05,independent_cover_u128,0.40625
menu_repeat,compustat_kor_direction,onehot_linear,native_histgb,candidate_independent,0.5,3.450802849445863e-05,disjoint_pack_cross128,0.259765625
menu_repeat,compustat_kor_direction,onehot_linear,native_histgb,candidate_independent,0.5,3.450802849445863e-05,independent_cover_u128,0.3125
menu_repeat,compustat_kor_direction,onehot_linear,native_histgb,candidate_independent,1.0,6.901605698891727e-05,disjoint_pack_cross128,0.09765625
menu_repeat,compustat_kor_direction,onehot_linear,native_histgb,candidate_independent,1.0,6.901605698891727e-05,independent_cover_u128,0.162109375
menu_repeat,compustat_kor_direction,onehot_linear,native_histgb,candidate_independent,2.0,0.00013803211397783453,disjoint_pack_cross128,0.0087890625
menu_repeat,compustat_kor_direction,onehot_linear,native_histgb,candidate_independent,2.0,0.00013803211397783453,independent_cover_u128,0.01953125
menu_repeat,compustat_kor_direction,onehot_linear,catboost_native,common,0.25,1.5124501917298842e-05,disjoint_pack_cross128,0.3583984375
menu_repeat,compustat_kor_direction,onehot_linear,catboost_native,common,0.25,1.5124501917298842e-05,independent_cover_u128,0.4169921875
menu_repeat,compustat_kor_direction,onehot_linear,catboost_native,common,0.5,3.0249003834597683e-05,disjoint_pack_cross128,0.23828125
menu_repeat,compustat_kor_direction,onehot_linear,catboost_native,common,0.5,3.0249003834597683e-05,independent_cover_u128,0.3232421875
menu_repeat,compustat_kor_direction,onehot_linear,catboost_native,common,1.0,6.0498007669195366e-05,disjoint_pack_cross128,0.095703125
menu_repeat,compustat_kor_direction,onehot_linear,catboost_native,common,1.0,6.0498007669195366e-05,independent_cover_u128,0.1669921875
menu_repeat,compustat_kor_direction,onehot_linear,catboost_native,common,2.0,0.00012099601533839073,disjoint_pack_cross128,0.00390625
menu_repeat,compustat_kor_direction,onehot_linear,catboost_native,common,2.0,0.00012099601533839073,independent_cover_u128,0.0205078125
menu_repeat,compustat_kor_direction,onehot_linear,catboost_native,candidate_independent,0.25,1.5124501917298842e-05,disjoint_pack_cross128,0.3583984375
menu_repeat,compustat_kor_direction,onehot_linear,catboost_native,candidate_independent,0.25,1.5124501917298842e-05,independent_cover_u128,0.4169921875
menu_repeat,compustat_kor_direction,onehot_linear,catboost_native,candidate_independent,0.5,3.0249003834597683e-05,disjoint_pack_cross128,0.23828125
menu_repeat,compustat_kor_direction,onehot_linear,catboost_native,candidate_independent,0.5,3.0249003834597683e-05,independent_cover_u128,0.3232421875
menu_repeat,compustat_kor_direction,onehot_linear,catboost_native,candidate_independent,1.0,6.0498007669195366e-05,disjoint_pack_cross128,0.095703125
menu_repeat,compustat_kor_direction,onehot_linear,catboost_native,candidate_independent,1.0,6.0498007669195366e-05,independent_cover_u128,0.1669921875
menu_repeat,compustat_kor_direction,onehot_linear,catboost_native,candidate_independent,2.0,0.00012099601533839073,disjoint_pack_cross128,0.00390625
menu_repeat,compustat_kor_direction,onehot_linear,catboost_native,candidate_independent,2.0,0.00012099601533839073,independent_cover_u128,0.0205078125
menu_repeat,compustat_kor_direction,onehot_linear,onehot_adam_mlp,common,0.25,2.5195357598742595e-05,disjoint_pack_cross128,0.3662109375
menu_repeat,compustat_kor_direction,onehot_linear,onehot_adam_mlp,common,0.25,2.5195357598742595e-05,independent_cover_u128,0.3974609375
menu_repeat,compustat_kor_direction,onehot_linear,onehot_adam_mlp,common,0.5,5.039071519748519e-05,disjoint_pack_cross128,0.2373046875
menu_repeat,compustat_kor_direction,onehot_linear,onehot_adam_mlp,common,0.5,5.039071519748519e-05,independent_cover_u128,0.306640625
menu_repeat,compustat_kor_direction,onehot_linear,onehot_adam_mlp,common,1.0,0.00010078143039497038,disjoint_pack_cross128,0.0849609375
menu_repeat,compustat_kor_direction,onehot_linear,onehot_adam_mlp,common,1.0,0.00010078143039497038,independent_cover_u128,0.1533203125
menu_repeat,compustat_kor_direction,onehot_linear,onehot_adam_mlp,common,2.0,0.00020156286078994076,disjoint_pack_cross128,0.0029296875
menu_repeat,compustat_kor_direction,onehot_linear,onehot_adam_mlp,common,2.0,0.00020156286078994076,independent_cover_u128,0.02734375
menu_repeat,compustat_kor_direction,onehot_linear,onehot_adam_mlp,candidate_independent,0.25,2.5195357598742595e-05,disjoint_pack_cross128,0.3662109375
menu_repeat,compustat_kor_direction,onehot_linear,onehot_adam_mlp,candidate_independent,0.25,2.5195357598742595e-05,independent_cover_u128,0.3974609375
menu_repeat,compustat_kor_direction,onehot_linear,onehot_adam_mlp,candidate_independent,0.5,5.039071519748519e-05,disjoint_pack_cross128,0.2373046875
menu_repeat,compustat_kor_direction,onehot_linear,onehot_adam_mlp,candidate_independent,0.5,5.039071519748519e-05,independent_cover_u128,0.306640625
menu_repeat,compustat_kor_direction,onehot_linear,onehot_adam_mlp,candidate_independent,1.0,0.00010078143039497038,disjoint_pack_cross128,0.0849609375
menu_repeat,compustat_kor_direction,onehot_linear,onehot_adam_mlp,candidate_independent,1.0,0.00010078143039497038,independent_cover_u128,0.1533203125
menu_repeat,compustat_kor_direction,onehot_linear,onehot_adam_mlp,candidate_independent,2.0,0.00020156286078994076,disjoint_pack_cross128,0.0029296875
menu_repeat,compustat_kor_direction,onehot_linear,onehot_adam_mlp,candidate_independent,2.0,0.00020156286078994076,independent_cover_u128,0.02734375
menu_repeat,compustat_kor_direction,ordinal_forest,native_histgb,common,0.25,3.085027030142969e-05,disjoint_pack_cross128,0.3505859375
menu_repeat,compustat_kor_direction,ordinal_forest,native_histgb,common,0.25,3.085027030142969e-05,independent_cover_u128,0.416015625
menu_repeat,compustat_kor_direction,ordinal_forest,native_histgb,common,0.5,6.170054060285938e-05,disjoint_pack_cross128,0.2333984375
menu_repeat,compustat_kor_direction,ordinal_forest,native_histgb,common,0.5,6.170054060285938e-05,independent_cover_u128,0.30859375
menu_repeat,compustat_kor_direction,ordinal_forest,native_histgb,common,1.0,0.00012340108120571875,disjoint_pack_cross128,0.0830078125
menu_repeat,compustat_kor_direction,ordinal_forest,native_histgb,common,1.0,0.00012340108120571875,independent_cover_u128,0.14453125
menu_repeat,compustat_kor_direction,ordinal_forest,native_histgb,common,2.0,0.0002468021624114375,disjoint_pack_cross128,0.001953125
menu_repeat,compustat_kor_direction,ordinal_forest,native_histgb,common,2.0,0.0002468021624114375,independent_cover_u128,0.0244140625
menu_repeat,compustat_kor_direction,ordinal_forest,native_histgb,candidate_independent,0.25,3.085027030142969e-05,disjoint_pack_cross128,0.345703125
menu_repeat,compustat_kor_direction,ordinal_forest,native_histgb,candidate_independent,0.25,3.085027030142969e-05,independent_cover_u128,0.3994140625
menu_repeat,compustat_kor_direction,ordinal_forest,native_histgb,candidate_independent,0.5,6.170054060285938e-05,disjoint_pack_cross128,0.2177734375
menu_repeat,compustat_kor_direction,ordinal_forest,native_histgb,candidate_independent,0.5,6.170054060285938e-05,independent_cover_u128,0.3056640625
menu_repeat,compustat_kor_direction,ordinal_forest,native_histgb,candidate_independent,1.0,0.00012340108120571875,disjoint_pack_cross128,0.080078125
menu_repeat,compustat_kor_direction,ordinal_forest,native_histgb,candidate_independent,1.0,0.00012340108120571875,independent_cover_u128,0.1630859375
menu_repeat,compustat_kor_direction,ordinal_forest,native_histgb,candidate_independent,2.0,0.0002468021624114375,disjoint_pack_cross128,0.0
menu_repeat,compustat_kor_direction,ordinal_forest,native_histgb,candidate_independent,2.0,0.0002468021624114375,independent_cover_u128,0.0234375
menu_repeat,compustat_kor_direction,ordinal_forest,catboost_native,common,0.25,2.9608678285935483e-05,disjoint_pack_cross128,0.3720703125
menu_repeat,compustat_kor_direction,ordinal_forest,catboost_native,common,0.25,2.9608678285935483e-05,independent_cover_u128,0.3955078125
menu_repeat,compustat_kor_direction,ordinal_forest,catboost_native,common,0.5,5.921735657187097e-05,disjoint_pack_cross128,0.2294921875
menu_repeat,compustat_kor_direction,ordinal_forest,catboost_native,common,0.5,5.921735657187097e-05,independent_cover_u128,0.2939453125
menu_repeat,compustat_kor_direction,ordinal_forest,catboost_native,common,1.0,0.00011843471314374193,disjoint_pack_cross128,0.0810546875
menu_repeat,compustat_kor_direction,ordinal_forest,catboost_native,common,1.0,0.00011843471314374193,independent_cover_u128,0.15625
menu_repeat,compustat_kor_direction,ordinal_forest,catboost_native,common,2.0,0.00023686942628748387,disjoint_pack_cross128,0.0029296875
menu_repeat,compustat_kor_direction,ordinal_forest,catboost_native,common,2.0,0.00023686942628748387,independent_cover_u128,0.0283203125
menu_repeat,compustat_kor_direction,ordinal_forest,catboost_native,candidate_independent,0.25,2.9608678285935483e-05,disjoint_pack_cross128,0.3349609375
menu_repeat,compustat_kor_direction,ordinal_forest,catboost_native,candidate_independent,0.25,2.9608678285935483e-05,independent_cover_u128,0.39453125
menu_repeat,compustat_kor_direction,ordinal_forest,catboost_native,candidate_independent,0.5,5.921735657187097e-05,disjoint_pack_cross128,0.2265625
menu_repeat,compustat_kor_direction,ordinal_forest,catboost_native,candidate_independent,0.5,5.921735657187097e-05,independent_cover_u128,0.3046875
menu_repeat,compustat_kor_direction,ordinal_forest,catboost_native,candidate_independent,1.0,0.00011843471314374193,disjoint_pack_cross128,0.0771484375
menu_repeat,compustat_kor_direction,ordinal_forest,catboost_native,candidate_independent,1.0,0.00011843471314374193,independent_cover_u128,0.1591796875
menu_repeat,compustat_kor_direction,ordinal_forest,catboost_native,candidate_independent,2.0,0.00023686942628748387,disjoint_pack_cross128,0.0009765625
menu_repeat,compustat_kor_direction,ordinal_forest,catboost_native,candidate_independent,2.0,0.00023686942628748387,independent_cover_u128,0.0302734375
menu_repeat,compustat_kor_direction,ordinal_forest,onehot_adam_mlp,common,0.25,3.797165395492156e-05,disjoint_pack_cross128,0.34765625
menu_repeat,compustat_kor_direction,ordinal_forest,onehot_adam_mlp,common,0.25,3.797165395492156e-05,independent_cover_u128,0.3984375
menu_repeat,compustat_kor_direction,ordinal_forest,onehot_adam_mlp,common,0.5,7.594330790984312e-05,disjoint_pack_cross128,0.2314453125
menu_repeat,compustat_kor_direction,ordinal_forest,onehot_adam_mlp,common,0.5,7.594330790984312e-05,independent_cover_u128,0.296875
menu_repeat,compustat_kor_direction,ordinal_forest,onehot_adam_mlp,common,1.0,0.00015188661581968624,disjoint_pack_cross128,0.07421875
menu_repeat,compustat_kor_direction,ordinal_forest,onehot_adam_mlp,common,1.0,0.00015188661581968624,independent_cover_u128,0.1494140625
menu_repeat,compustat_kor_direction,ordinal_forest,onehot_adam_mlp,common,2.0,0.00030377323163937247,disjoint_pack_cross128,0.00390625
menu_repeat,compustat_kor_direction,ordinal_forest,onehot_adam_mlp,common,2.0,0.00030377323163937247,independent_cover_u128,0.0224609375
menu_repeat,compustat_kor_direction,ordinal_forest,onehot_adam_mlp,candidate_independent,0.25,3.797165395492156e-05,disjoint_pack_cross128,0.33984375
menu_repeat,compustat_kor_direction,ordinal_forest,onehot_adam_mlp,candidate_independent,0.25,3.797165395492156e-05,independent_cover_u128,0.4091796875
menu_repeat,compustat_kor_direction,ordinal_forest,onehot_adam_mlp,candidate_independent,0.5,7.594330790984312e-05,disjoint_pack_cross128,0.22265625
menu_repeat,compustat_kor_direction,ordinal_forest,onehot_adam_mlp,candidate_independent,0.5,7.594330790984312e-05,independent_cover_u128,0.3076171875
menu_repeat,compustat_kor_direction,ordinal_forest,onehot_adam_mlp,candidate_independent,1.0,0.00015188661581968624,disjoint_pack_cross128,0.0771484375
menu_repeat,compustat_kor_direction,ordinal_forest,onehot_adam_mlp,candidate_independent,1.0,0.00015188661581968624,independent_cover_u128,0.146484375
menu_repeat,compustat_kor_direction,ordinal_forest,onehot_adam_mlp,candidate_independent,2.0,0.00030377323163937247,disjoint_pack_cross128,0.001953125
menu_repeat,compustat_kor_direction,ordinal_forest,onehot_adam_mlp,candidate_independent,2.0,0.00030377323163937247,independent_cover_u128,0.0263671875
menu_repeat,compustat_kor_direction,native_histgb,catboost_native,common,0.25,2.3242269362376732e-05,disjoint_pack_cross128,0.365234375
menu_repeat,compustat_kor_direction,native_histgb,catboost_native,common,0.25,2.3242269362376732e-05,independent_cover_u128,0.3994140625
menu_repeat,compustat_kor_direction,native_histgb,catboost_native,common,0.5,4.6484538724753464e-05,disjoint_pack_cross128,0.2470703125
menu_repeat,compustat_kor_direction,native_histgb,catboost_native,common,0.5,4.6484538724753464e-05,independent_cover_u128,0.2998046875
menu_repeat,compustat_kor_direction,native_histgb,catboost_native,common,1.0,9.296907744950693e-05,disjoint_pack_cross128,0.0908203125
menu_repeat,compustat_kor_direction,native_histgb,catboost_native,common,1.0,9.296907744950693e-05,independent_cover_u128,0.15234375
menu_repeat,compustat_kor_direction,native_histgb,catboost_native,common,2.0,0.00018593815489901386,disjoint_pack_cross128,0.00390625
menu_repeat,compustat_kor_direction,native_histgb,catboost_native,common,2.0,0.00018593815489901386,independent_cover_u128,0.0234375
menu_repeat,compustat_kor_direction,native_histgb,catboost_native,candidate_independent,0.25,2.3242269362376732e-05,disjoint_pack_cross128,0.3701171875
menu_repeat,compustat_kor_direction,native_histgb,catboost_native,candidate_independent,0.25,2.3242269362376732e-05,independent_cover_u128,0.4111328125
menu_repeat,compustat_kor_direction,native_histgb,catboost_native,candidate_independent,0.5,4.6484538724753464e-05,disjoint_pack_cross128,0.2578125
menu_repeat,compustat_kor_direction,native_histgb,catboost_native,candidate_independent,0.5,4.6484538724753464e-05,independent_cover_u128,0.3134765625
menu_repeat,compustat_kor_direction,native_histgb,catboost_native,candidate_independent,1.0,9.296907744950693e-05,disjoint_pack_cross128,0.08984375
menu_repeat,compustat_kor_direction,native_histgb,catboost_native,candidate_independent,1.0,9.296907744950693e-05,independent_cover_u128,0.16015625
menu_repeat,compustat_kor_direction,native_histgb,catboost_native,candidate_independent,2.0,0.00018593815489901386,disjoint_pack_cross128,0.001953125
menu_repeat,compustat_kor_direction,native_histgb,catboost_native,candidate_independent,2.0,0.00018593815489901386,independent_cover_u128,0.013671875
menu_repeat,compustat_kor_direction,native_histgb,onehot_adam_mlp,common,0.25,3.04259443370876e-05,disjoint_pack_cross128,0.36328125
menu_repeat,compustat_kor_direction,native_histgb,onehot_adam_mlp,common,0.25,3.04259443370876e-05,independent_cover_u128,0.4091796875
menu_repeat,compustat_kor_direction,native_histgb,onehot_adam_mlp,common,0.5,6.08518886741752e-05,disjoint_pack_cross128,0.232421875
menu_repeat,compustat_kor_direction,native_histgb,onehot_adam_mlp,common,0.5,6.08518886741752e-05,independent_cover_u128,0.3134765625
menu_repeat,compustat_kor_direction,native_histgb,onehot_adam_mlp,common,1.0,0.0001217037773483504,disjoint_pack_cross128,0.0732421875
menu_repeat,compustat_kor_direction,native_histgb,onehot_adam_mlp,common,1.0,0.0001217037773483504,independent_cover_u128,0.1591796875
menu_repeat,compustat_kor_direction,native_histgb,onehot_adam_mlp,common,2.0,0.0002434075546967008,disjoint_pack_cross128,0.0009765625
menu_repeat,compustat_kor_direction,native_histgb,onehot_adam_mlp,common,2.0,0.0002434075546967008,independent_cover_u128,0.025390625
menu_repeat,compustat_kor_direction,native_histgb,onehot_adam_mlp,candidate_independent,0.25,3.04259443370876e-05,disjoint_pack_cross128,0.373046875
menu_repeat,compustat_kor_direction,native_histgb,onehot_adam_mlp,candidate_independent,0.25,3.04259443370876e-05,independent_cover_u128,0.4140625
menu_repeat,compustat_kor_direction,native_histgb,onehot_adam_mlp,candidate_independent,0.5,6.08518886741752e-05,disjoint_pack_cross128,0.25
menu_repeat,compustat_kor_direction,native_histgb,onehot_adam_mlp,candidate_independent,0.5,6.08518886741752e-05,independent_cover_u128,0.291015625
menu_repeat,compustat_kor_direction,native_histgb,onehot_adam_mlp,candidate_independent,1.0,0.0001217037773483504,disjoint_pack_cross128,0.08984375
menu_repeat,compustat_kor_direction,native_histgb,onehot_adam_mlp,candidate_independent,1.0,0.0001217037773483504,independent_cover_u128,0.15234375
menu_repeat,compustat_kor_direction,native_histgb,onehot_adam_mlp,candidate_independent,2.0,0.0002434075546967008,disjoint_pack_cross128,0.005859375
menu_repeat,compustat_kor_direction,native_histgb,onehot_adam_mlp,candidate_independent,2.0,0.0002434075546967008,independent_cover_u128,0.0234375
menu_repeat,compustat_kor_direction,catboost_native,onehot_adam_mlp,common,0.25,2.7784075411141087e-05,disjoint_pack_cross128,0.369140625
menu_repeat,compustat_kor_direction,catboost_native,onehot_adam_mlp,common,0.25,2.7784075411141087e-05,independent_cover_u128,0.3955078125
menu_repeat,compustat_kor_direction,catboost_native,onehot_adam_mlp,common,0.5,5.5568150822282174e-05,disjoint_pack_cross128,0.23828125
menu_repeat,compustat_kor_direction,catboost_native,onehot_adam_mlp,common,0.5,5.5568150822282174e-05,independent_cover_u128,0.2978515625
menu_repeat,compustat_kor_direction,catboost_native,onehot_adam_mlp,common,1.0,0.00011113630164456435,disjoint_pack_cross128,0.076171875
menu_repeat,compustat_kor_direction,catboost_native,onehot_adam_mlp,common,1.0,0.00011113630164456435,independent_cover_u128,0.1484375
menu_repeat,compustat_kor_direction,catboost_native,onehot_adam_mlp,common,2.0,0.0002222726032891287,disjoint_pack_cross128,0.0009765625
menu_repeat,compustat_kor_direction,catboost_native,onehot_adam_mlp,common,2.0,0.0002222726032891287,independent_cover_u128,0.0283203125
menu_repeat,compustat_kor_direction,catboost_native,onehot_adam_mlp,candidate_independent,0.25,2.7784075411141087e-05,disjoint_pack_cross128,0.3720703125
menu_repeat,compustat_kor_direction,catboost_native,onehot_adam_mlp,candidate_independent,0.25,2.7784075411141087e-05,independent_cover_u128,0.388671875
menu_repeat,compustat_kor_direction,catboost_native,onehot_adam_mlp,candidate_independent,0.5,5.5568150822282174e-05,disjoint_pack_cross128,0.265625
menu_repeat,compustat_kor_direction,catboost_native,onehot_adam_mlp,candidate_independent,0.5,5.5568150822282174e-05,independent_cover_u128,0.3154296875
menu_repeat,compustat_kor_direction,catboost_native,onehot_adam_mlp,candidate_independent,1.0,0.00011113630164456435,disjoint_pack_cross128,0.103515625
menu_repeat,compustat_kor_direction,catboost_native,onehot_adam_mlp,candidate_independent,1.0,0.00011113630164456435,independent_cover_u128,0.1630859375
menu_repeat,compustat_kor_direction,catboost_native,onehot_adam_mlp,candidate_independent,2.0,0.0002222726032891287,disjoint_pack_cross128,0.0048828125
menu_repeat,compustat_kor_direction,catboost_native,onehot_adam_mlp,candidate_independent,2.0,0.0002222726032891287,independent_cover_u128,0.0322265625
subsample_repeat,compustat_kor_direction,onehot_linear,ordinal_forest,common,0.25,3.4098188424731084e-05,disjoint_pack_cross128,0.3857421875
subsample_repeat,compustat_kor_direction,onehot_linear,ordinal_forest,common,0.25,3.4098188424731084e-05,independent_cover_u128,0.396484375
subsample_repeat,compustat_kor_direction,onehot_linear,ordinal_forest,common,0.5,6.819637684946217e-05,disjoint_pack_cross128,0.26171875
subsample_repeat,compustat_kor_direction,onehot_linear,ordinal_forest,common,0.5,6.819637684946217e-05,independent_cover_u128,0.3046875
subsample_repeat,compustat_kor_direction,onehot_linear,ordinal_forest,common,1.0,0.00013639275369892433,disjoint_pack_cross128,0.0859375
subsample_repeat,compustat_kor_direction,onehot_linear,ordinal_forest,common,1.0,0.00013639275369892433,independent_cover_u128,0.15625
subsample_repeat,compustat_kor_direction,onehot_linear,ordinal_forest,common,2.0,0.00027278550739784867,disjoint_pack_cross128,0.00390625
subsample_repeat,compustat_kor_direction,onehot_linear,ordinal_forest,common,2.0,0.00027278550739784867,independent_cover_u128,0.0244140625
subsample_repeat,compustat_kor_direction,onehot_linear,ordinal_forest,candidate_independent,0.25,3.4098188424731084e-05,disjoint_pack_cross128,0.3857421875
subsample_repeat,compustat_kor_direction,onehot_linear,ordinal_forest,candidate_independent,0.25,3.4098188424731084e-05,independent_cover_u128,0.396484375
subsample_repeat,compustat_kor_direction,onehot_linear,ordinal_forest,candidate_independent,0.5,6.819637684946217e-05,disjoint_pack_cross128,0.26171875
subsample_repeat,compustat_kor_direction,onehot_linear,ordinal_forest,candidate_independent,0.5,6.819637684946217e-05,independent_cover_u128,0.3046875
subsample_repeat,compustat_kor_direction,onehot_linear,ordinal_forest,candidate_independent,1.0,0.00013639275369892433,disjoint_pack_cross128,0.0859375
subsample_repeat,compustat_kor_direction,onehot_linear,ordinal_forest,candidate_independent,1.0,0.00013639275369892433,independent_cover_u128,0.15625
subsample_repeat,compustat_kor_direction,onehot_linear,ordinal_forest,candidate_independent,2.0,0.00027278550739784867,disjoint_pack_cross128,0.00390625
subsample_repeat,compustat_kor_direction,onehot_linear,ordinal_forest,candidate_independent,2.0,0.00027278550739784867,independent_cover_u128,0.0244140625
subsample_repeat,compustat_kor_direction,onehot_linear,native_histgb,common,0.25,9.241860691007318e-06,disjoint_pack_cross128,0.3681640625
subsample_repeat,compustat_kor_direction,onehot_linear,native_histgb,common,0.25,9.241860691007318e-06,independent_cover_u128,0.376953125
subsample_repeat,compustat_kor_direction,onehot_linear,native_histgb,common,0.5,1.8483721382014635e-05,disjoint_pack_cross128,0.236328125
subsample_repeat,compustat_kor_direction,onehot_linear,native_histgb,common,0.5,1.8483721382014635e-05,independent_cover_u128,0.2939453125
subsample_repeat,compustat_kor_direction,onehot_linear,native_histgb,common,1.0,3.696744276402927e-05,disjoint_pack_cross128,0.0810546875
subsample_repeat,compustat_kor_direction,onehot_linear,native_histgb,common,1.0,3.696744276402927e-05,independent_cover_u128,0.1533203125
subsample_repeat,compustat_kor_direction,onehot_linear,native_histgb,common,2.0,7.393488552805854e-05,disjoint_pack_cross128,0.0048828125
subsample_repeat,compustat_kor_direction,onehot_linear,native_histgb,common,2.0,7.393488552805854e-05,independent_cover_u128,0.029296875
subsample_repeat,compustat_kor_direction,onehot_linear,native_histgb,candidate_independent,0.25,9.241860691007318e-06,disjoint_pack_cross128,0.3681640625
subsample_repeat,compustat_kor_direction,onehot_linear,native_histgb,candidate_independent,0.25,9.241860691007318e-06,independent_cover_u128,0.376953125
subsample_repeat,compustat_kor_direction,onehot_linear,native_histgb,candidate_independent,0.5,1.8483721382014635e-05,disjoint_pack_cross128,0.236328125
subsample_repeat,compustat_kor_direction,onehot_linear,native_histgb,candidate_independent,0.5,1.8483721382014635e-05,independent_cover_u128,0.2939453125
subsample_repeat,compustat_kor_direction,onehot_linear,native_histgb,candidate_independent,1.0,3.696744276402927e-05,disjoint_pack_cross128,0.0810546875
subsample_repeat,compustat_kor_direction,onehot_linear,native_histgb,candidate_independent,1.0,3.696744276402927e-05,independent_cover_u128,0.1533203125
subsample_repeat,compustat_kor_direction,onehot_linear,native_histgb,candidate_independent,2.0,7.393488552805854e-05,disjoint_pack_cross128,0.0048828125
subsample_repeat,compustat_kor_direction,onehot_linear,native_histgb,candidate_independent,2.0,7.393488552805854e-05,independent_cover_u128,0.029296875
subsample_repeat,compustat_kor_direction,onehot_linear,catboost_native,common,0.25,1.4789491702518938e-05,disjoint_pack_cross128,0.3671875
subsample_repeat,compustat_kor_direction,onehot_linear,catboost_native,common,0.25,1.4789491702518938e-05,independent_cover_u128,0.4033203125
subsample_repeat,compustat_kor_direction,onehot_linear,catboost_native,common,0.5,2.9578983405037877e-05,disjoint_pack_cross128,0.2451171875
subsample_repeat,compustat_kor_direction,onehot_linear,catboost_native,common,0.5,2.9578983405037877e-05,independent_cover_u128,0.30078125
subsample_repeat,compustat_kor_direction,onehot_linear,catboost_native,common,1.0,5.915796681007575e-05,disjoint_pack_cross128,0.0732421875
subsample_repeat,compustat_kor_direction,onehot_linear,catboost_native,common,1.0,5.915796681007575e-05,independent_cover_u128,0.1748046875
subsample_repeat,compustat_kor_direction,onehot_linear,catboost_native,common,2.0,0.0001183159336201515,disjoint_pack_cross128,0.0
subsample_repeat,compustat_kor_direction,onehot_linear,catboost_native,common,2.0,0.0001183159336201515,independent_cover_u128,0.021484375
subsample_repeat,compustat_kor_direction,onehot_linear,catboost_native,candidate_independent,0.25,1.4789491702518938e-05,disjoint_pack_cross128,0.3671875
subsample_repeat,compustat_kor_direction,onehot_linear,catboost_native,candidate_independent,0.25,1.4789491702518938e-05,independent_cover_u128,0.4033203125
subsample_repeat,compustat_kor_direction,onehot_linear,catboost_native,candidate_independent,0.5,2.9578983405037877e-05,disjoint_pack_cross128,0.2451171875
subsample_repeat,compustat_kor_direction,onehot_linear,catboost_native,candidate_independent,0.5,2.9578983405037877e-05,independent_cover_u128,0.30078125
subsample_repeat,compustat_kor_direction,onehot_linear,catboost_native,candidate_independent,1.0,5.915796681007575e-05,disjoint_pack_cross128,0.0732421875
subsample_repeat,compustat_kor_direction,onehot_linear,catboost_native,candidate_independent,1.0,5.915796681007575e-05,independent_cover_u128,0.1748046875
subsample_repeat,compustat_kor_direction,onehot_linear,catboost_native,candidate_independent,2.0,0.0001183159336201515,disjoint_pack_cross128,0.0
subsample_repeat,compustat_kor_direction,onehot_linear,catboost_native,candidate_independent,2.0,0.0001183159336201515,independent_cover_u128,0.021484375
subsample_repeat,compustat_kor_direction,onehot_linear,onehot_adam_mlp,common,0.25,2.8225011503270696e-05,disjoint_pack_cross128,0.3740234375
subsample_repeat,compustat_kor_direction,onehot_linear,onehot_adam_mlp,common,0.25,2.8225011503270696e-05,independent_cover_u128,0.408203125
subsample_repeat,compustat_kor_direction,onehot_linear,onehot_adam_mlp,common,0.5,5.645002300654139e-05,disjoint_pack_cross128,0.251953125
subsample_repeat,compustat_kor_direction,onehot_linear,onehot_adam_mlp,common,0.5,5.645002300654139e-05,independent_cover_u128,0.314453125
subsample_repeat,compustat_kor_direction,onehot_linear,onehot_adam_mlp,common,1.0,0.00011290004601308278,disjoint_pack_cross128,0.095703125
subsample_repeat,compustat_kor_direction,onehot_linear,onehot_adam_mlp,common,1.0,0.00011290004601308278,independent_cover_u128,0.16015625
subsample_repeat,compustat_kor_direction,onehot_linear,onehot_adam_mlp,common,2.0,0.00022580009202616556,disjoint_pack_cross128,0.0029296875
subsample_repeat,compustat_kor_direction,onehot_linear,onehot_adam_mlp,common,2.0,0.00022580009202616556,independent_cover_u128,0.021484375
subsample_repeat,compustat_kor_direction,onehot_linear,onehot_adam_mlp,candidate_independent,0.25,2.8225011503270696e-05,disjoint_pack_cross128,0.3740234375
subsample_repeat,compustat_kor_direction,onehot_linear,onehot_adam_mlp,candidate_independent,0.25,2.8225011503270696e-05,independent_cover_u128,0.408203125
subsample_repeat,compustat_kor_direction,onehot_linear,onehot_adam_mlp,candidate_independent,0.5,5.645002300654139e-05,disjoint_pack_cross128,0.251953125
subsample_repeat,compustat_kor_direction,onehot_linear,onehot_adam_mlp,candidate_independent,0.5,5.645002300654139e-05,independent_cover_u128,0.314453125
subsample_repeat,compustat_kor_direction,onehot_linear,onehot_adam_mlp,candidate_independent,1.0,0.00011290004601308278,disjoint_pack_cross128,0.095703125
subsample_repeat,compustat_kor_direction,onehot_linear,onehot_adam_mlp,candidate_independent,1.0,0.00011290004601308278,independent_cover_u128,0.16015625
subsample_repeat,compustat_kor_direction,onehot_linear,onehot_adam_mlp,candidate_independent,2.0,0.00022580009202616556,disjoint_pack_cross128,0.0029296875
subsample_repeat,compustat_kor_direction,onehot_linear,onehot_adam_mlp,candidate_independent,2.0,0.00022580009202616556,independent_cover_u128,0.021484375
subsample_repeat,compustat_kor_direction,ordinal_forest,native_histgb,common,0.25,3.5251336338057684e-05,disjoint_pack_cross128,0.38671875
subsample_repeat,compustat_kor_direction,ordinal_forest,native_histgb,common,0.25,3.5251336338057684e-05,independent_cover_u128,0.400390625
subsample_repeat,compustat_kor_direction,ordinal_forest,native_histgb,common,0.5,7.050267267611537e-05,disjoint_pack_cross128,0.265625
subsample_repeat,compustat_kor_direction,ordinal_forest,native_histgb,common,0.5,7.050267267611537e-05,independent_cover_u128,0.3134765625
subsample_repeat,compustat_kor_direction,ordinal_forest,native_histgb,common,1.0,0.00014100534535223074,disjoint_pack_cross128,0.08984375
subsample_repeat,compustat_kor_direction,ordinal_forest,native_histgb,common,1.0,0.00014100534535223074,independent_cover_u128,0.154296875
subsample_repeat,compustat_kor_direction,ordinal_forest,native_histgb,common,2.0,0.00028201069070446147,disjoint_pack_cross128,0.001953125
subsample_repeat,compustat_kor_direction,ordinal_forest,native_histgb,common,2.0,0.00028201069070446147,independent_cover_u128,0.0205078125
subsample_repeat,compustat_kor_direction,ordinal_forest,native_histgb,candidate_independent,0.25,3.5251336338057684e-05,disjoint_pack_cross128,0.375
subsample_repeat,compustat_kor_direction,ordinal_forest,native_histgb,candidate_independent,0.25,3.5251336338057684e-05,independent_cover_u128,0.3955078125
subsample_repeat,compustat_kor_direction,ordinal_forest,native_histgb,candidate_independent,0.5,7.050267267611537e-05,disjoint_pack_cross128,0.2548828125
subsample_repeat,compustat_kor_direction,ordinal_forest,native_histgb,candidate_independent,0.5,7.050267267611537e-05,independent_cover_u128,0.2998046875
subsample_repeat,compustat_kor_direction,ordinal_forest,native_histgb,candidate_independent,1.0,0.00014100534535223074,disjoint_pack_cross128,0.09375
subsample_repeat,compustat_kor_direction,ordinal_forest,native_histgb,candidate_independent,1.0,0.00014100534535223074,independent_cover_u128,0.1455078125
subsample_repeat,compustat_kor_direction,ordinal_forest,native_histgb,candidate_independent,2.0,0.00028201069070446147,disjoint_pack_cross128,0.0029296875
subsample_repeat,compustat_kor_direction,ordinal_forest,native_histgb,candidate_independent,2.0,0.00028201069070446147,independent_cover_u128,0.02734375
subsample_repeat,compustat_kor_direction,ordinal_forest,catboost_native,common,0.25,3.6588376990689496e-05,disjoint_pack_cross128,0.365234375
subsample_repeat,compustat_kor_direction,ordinal_forest,catboost_native,common,0.25,3.6588376990689496e-05,independent_cover_u128,0.37890625
subsample_repeat,compustat_kor_direction,ordinal_forest,catboost_native,common,0.5,7.317675398137899e-05,disjoint_pack_cross128,0.2451171875
subsample_repeat,compustat_kor_direction,ordinal_forest,catboost_native,common,0.5,7.317675398137899e-05,independent_cover_u128,0.29296875
subsample_repeat,compustat_kor_direction,ordinal_forest,catboost_native,common,1.0,0.00014635350796275798,disjoint_pack_cross128,0.0869140625
subsample_repeat,compustat_kor_direction,ordinal_forest,catboost_native,common,1.0,0.00014635350796275798,independent_cover_u128,0.15234375
subsample_repeat,compustat_kor_direction,ordinal_forest,catboost_native,common,2.0,0.00029270701592551597,disjoint_pack_cross128,0.0029296875
subsample_repeat,compustat_kor_direction,ordinal_forest,catboost_native,common,2.0,0.00029270701592551597,independent_cover_u128,0.0283203125
subsample_repeat,compustat_kor_direction,ordinal_forest,catboost_native,candidate_independent,0.25,3.6588376990689496e-05,disjoint_pack_cross128,0.369140625
subsample_repeat,compustat_kor_direction,ordinal_forest,catboost_native,candidate_independent,0.25,3.6588376990689496e-05,independent_cover_u128,0.392578125
subsample_repeat,compustat_kor_direction,ordinal_forest,catboost_native,candidate_independent,0.5,7.317675398137899e-05,disjoint_pack_cross128,0.2548828125
subsample_repeat,compustat_kor_direction,ordinal_forest,catboost_native,candidate_independent,0.5,7.317675398137899e-05,independent_cover_u128,0.3115234375
subsample_repeat,compustat_kor_direction,ordinal_forest,catboost_native,candidate_independent,1.0,0.00014635350796275798,disjoint_pack_cross128,0.0908203125
subsample_repeat,compustat_kor_direction,ordinal_forest,catboost_native,candidate_independent,1.0,0.00014635350796275798,independent_cover_u128,0.1572265625
subsample_repeat,compustat_kor_direction,ordinal_forest,catboost_native,candidate_independent,2.0,0.00029270701592551597,disjoint_pack_cross128,0.00390625
subsample_repeat,compustat_kor_direction,ordinal_forest,catboost_native,candidate_independent,2.0,0.00029270701592551597,independent_cover_u128,0.0234375
subsample_repeat,compustat_kor_direction,ordinal_forest,onehot_adam_mlp,common,0.25,4.5908599831267116e-05,disjoint_pack_cross128,0.35546875
subsample_repeat,compustat_kor_direction,ordinal_forest,onehot_adam_mlp,common,0.25,4.5908599831267116e-05,independent_cover_u128,0.384765625
subsample_repeat,compustat_kor_direction,ordinal_forest,onehot_adam_mlp,common,0.5,9.181719966253423e-05,disjoint_pack_cross128,0.2353515625
subsample_repeat,compustat_kor_direction,ordinal_forest,onehot_adam_mlp,common,0.5,9.181719966253423e-05,independent_cover_u128,0.302734375
subsample_repeat,compustat_kor_direction,ordinal_forest,onehot_adam_mlp,common,1.0,0.00018363439932506847,disjoint_pack_cross128,0.1005859375
subsample_repeat,compustat_kor_direction,ordinal_forest,onehot_adam_mlp,common,1.0,0.00018363439932506847,independent_cover_u128,0.1513671875
subsample_repeat,compustat_kor_direction,ordinal_forest,onehot_adam_mlp,common,2.0,0.00036726879865013693,disjoint_pack_cross128,0.0029296875
subsample_repeat,compustat_kor_direction,ordinal_forest,onehot_adam_mlp,common,2.0,0.00036726879865013693,independent_cover_u128,0.0244140625
subsample_repeat,compustat_kor_direction,ordinal_forest,onehot_adam_mlp,candidate_independent,0.25,4.5908599831267116e-05,disjoint_pack_cross128,0.3642578125
subsample_repeat,compustat_kor_direction,ordinal_forest,onehot_adam_mlp,candidate_independent,0.25,4.5908599831267116e-05,independent_cover_u128,0.3955078125
subsample_repeat,compustat_kor_direction,ordinal_forest,onehot_adam_mlp,candidate_independent,0.5,9.181719966253423e-05,disjoint_pack_cross128,0.2392578125
subsample_repeat,compustat_kor_direction,ordinal_forest,onehot_adam_mlp,candidate_independent,0.5,9.181719966253423e-05,independent_cover_u128,0.3046875
subsample_repeat,compustat_kor_direction,ordinal_forest,onehot_adam_mlp,candidate_independent,1.0,0.00018363439932506847,disjoint_pack_cross128,0.1015625
subsample_repeat,compustat_kor_direction,ordinal_forest,onehot_adam_mlp,candidate_independent,1.0,0.00018363439932506847,independent_cover_u128,0.1494140625
subsample_repeat,compustat_kor_direction,ordinal_forest,onehot_adam_mlp,candidate_independent,2.0,0.00036726879865013693,disjoint_pack_cross128,0.0029296875
subsample_repeat,compustat_kor_direction,ordinal_forest,onehot_adam_mlp,candidate_independent,2.0,0.00036726879865013693,independent_cover_u128,0.0224609375
subsample_repeat,compustat_kor_direction,native_histgb,catboost_native,common,0.25,1.7626287637775682e-05,disjoint_pack_cross128,0.361328125
subsample_repeat,compustat_kor_direction,native_histgb,catboost_native,common,0.25,1.7626287637775682e-05,independent_cover_u128,0.4150390625
subsample_repeat,compustat_kor_direction,native_histgb,catboost_native,common,0.5,3.5252575275551365e-05,disjoint_pack_cross128,0.240234375
subsample_repeat,compustat_kor_direction,native_histgb,catboost_native,common,0.5,3.5252575275551365e-05,independent_cover_u128,0.326171875
subsample_repeat,compustat_kor_direction,native_histgb,catboost_native,common,1.0,7.050515055110273e-05,disjoint_pack_cross128,0.0810546875
subsample_repeat,compustat_kor_direction,native_histgb,catboost_native,common,1.0,7.050515055110273e-05,independent_cover_u128,0.1572265625
subsample_repeat,compustat_kor_direction,native_histgb,catboost_native,common,2.0,0.00014101030110220546,disjoint_pack_cross128,0.0009765625
subsample_repeat,compustat_kor_direction,native_histgb,catboost_native,common,2.0,0.00014101030110220546,independent_cover_u128,0.01953125
subsample_repeat,compustat_kor_direction,native_histgb,catboost_native,candidate_independent,0.25,1.7626287637775682e-05,disjoint_pack_cross128,0.3671875
subsample_repeat,compustat_kor_direction,native_histgb,catboost_native,candidate_independent,0.25,1.7626287637775682e-05,independent_cover_u128,0.380859375
subsample_repeat,compustat_kor_direction,native_histgb,catboost_native,candidate_independent,0.5,3.5252575275551365e-05,disjoint_pack_cross128,0.234375
subsample_repeat,compustat_kor_direction,native_histgb,catboost_native,candidate_independent,0.5,3.5252575275551365e-05,independent_cover_u128,0.294921875
subsample_repeat,compustat_kor_direction,native_histgb,catboost_native,candidate_independent,1.0,7.050515055110273e-05,disjoint_pack_cross128,0.0830078125
subsample_repeat,compustat_kor_direction,native_histgb,catboost_native,candidate_independent,1.0,7.050515055110273e-05,independent_cover_u128,0.1689453125
subsample_repeat,compustat_kor_direction,native_histgb,catboost_native,candidate_independent,2.0,0.00014101030110220546,disjoint_pack_cross128,0.0009765625
subsample_repeat,compustat_kor_direction,native_histgb,catboost_native,candidate_independent,2.0,0.00014101030110220546,independent_cover_u128,0.0234375
subsample_repeat,compustat_kor_direction,native_histgb,onehot_adam_mlp,common,0.25,2.9008073615924335e-05,disjoint_pack_cross128,0.3701171875
subsample_repeat,compustat_kor_direction,native_histgb,onehot_adam_mlp,common,0.25,2.9008073615924335e-05,independent_cover_u128,0.396484375
subsample_repeat,compustat_kor_direction,native_histgb,onehot_adam_mlp,common,0.5,5.801614723184867e-05,disjoint_pack_cross128,0.2646484375
subsample_repeat,compustat_kor_direction,native_histgb,onehot_adam_mlp,common,0.5,5.801614723184867e-05,independent_cover_u128,0.3017578125
subsample_repeat,compustat_kor_direction,native_histgb,onehot_adam_mlp,common,1.0,0.00011603229446369734,disjoint_pack_cross128,0.09765625
subsample_repeat,compustat_kor_direction,native_histgb,onehot_adam_mlp,common,1.0,0.00011603229446369734,independent_cover_u128,0.1572265625
subsample_repeat,compustat_kor_direction,native_histgb,onehot_adam_mlp,common,2.0,0.00023206458892739468,disjoint_pack_cross128,0.0048828125
subsample_repeat,compustat_kor_direction,native_histgb,onehot_adam_mlp,common,2.0,0.00023206458892739468,independent_cover_u128,0.0224609375
subsample_repeat,compustat_kor_direction,native_histgb,onehot_adam_mlp,candidate_independent,0.25,2.9008073615924335e-05,disjoint_pack_cross128,0.3671875
subsample_repeat,compustat_kor_direction,native_histgb,onehot_adam_mlp,candidate_independent,0.25,2.9008073615924335e-05,independent_cover_u128,0.396484375
subsample_repeat,compustat_kor_direction,native_histgb,onehot_adam_mlp,candidate_independent,0.5,5.801614723184867e-05,disjoint_pack_cross128,0.2568359375
subsample_repeat,compustat_kor_direction,native_histgb,onehot_adam_mlp,candidate_independent,0.5,5.801614723184867e-05,independent_cover_u128,0.3037109375
subsample_repeat,compustat_kor_direction,native_histgb,onehot_adam_mlp,candidate_independent,1.0,0.00011603229446369734,disjoint_pack_cross128,0.1015625
subsample_repeat,compustat_kor_direction,native_histgb,onehot_adam_mlp,candidate_independent,1.0,0.00011603229446369734,independent_cover_u128,0.166015625
subsample_repeat,compustat_kor_direction,native_histgb,onehot_adam_mlp,candidate_independent,2.0,0.00023206458892739468,disjoint_pack_cross128,0.00390625
subsample_repeat,compustat_kor_direction,native_histgb,onehot_adam_mlp,candidate_independent,2.0,0.00023206458892739468,independent_cover_u128,0.021484375
subsample_repeat,compustat_kor_direction,catboost_native,onehot_adam_mlp,common,0.25,3.074188949306545e-05,disjoint_pack_cross128,0.3759765625
subsample_repeat,compustat_kor_direction,catboost_native,onehot_adam_mlp,common,0.25,3.074188949306545e-05,independent_cover_u128,0.3984375
subsample_repeat,compustat_kor_direction,catboost_native,onehot_adam_mlp,common,0.5,6.14837789861309e-05,disjoint_pack_cross128,0.2373046875
subsample_repeat,compustat_kor_direction,catboost_native,onehot_adam_mlp,common,0.5,6.14837789861309e-05,independent_cover_u128,0.3173828125
subsample_repeat,compustat_kor_direction,catboost_native,onehot_adam_mlp,common,1.0,0.0001229675579722618,disjoint_pack_cross128,0.0908203125
subsample_repeat,compustat_kor_direction,catboost_native,onehot_adam_mlp,common,1.0,0.0001229675579722618,independent_cover_u128,0.15234375
subsample_repeat,compustat_kor_direction,catboost_native,onehot_adam_mlp,common,2.0,0.0002459351159445236,disjoint_pack_cross128,0.0048828125
subsample_repeat,compustat_kor_direction,catboost_native,onehot_adam_mlp,common,2.0,0.0002459351159445236,independent_cover_u128,0.0234375
subsample_repeat,compustat_kor_direction,catboost_native,onehot_adam_mlp,candidate_independent,0.25,3.074188949306545e-05,disjoint_pack_cross128,0.3671875
subsample_repeat,compustat_kor_direction,catboost_native,onehot_adam_mlp,candidate_independent,0.25,3.074188949306545e-05,independent_cover_u128,0.3955078125
subsample_repeat,compustat_kor_direction,catboost_native,onehot_adam_mlp,candidate_independent,0.5,6.14837789861309e-05,disjoint_pack_cross128,0.2568359375
subsample_repeat,compustat_kor_direction,catboost_native,onehot_adam_mlp,candidate_independent,0.5,6.14837789861309e-05,independent_cover_u128,0.2998046875
subsample_repeat,compustat_kor_direction,catboost_native,onehot_adam_mlp,candidate_independent,1.0,0.0001229675579722618,disjoint_pack_cross128,0.1103515625
subsample_repeat,compustat_kor_direction,catboost_native,onehot_adam_mlp,candidate_independent,1.0,0.0001229675579722618,independent_cover_u128,0.1689453125
subsample_repeat,compustat_kor_direction,catboost_native,onehot_adam_mlp,candidate_independent,2.0,0.0002459351159445236,disjoint_pack_cross128,0.00390625
subsample_repeat,compustat_kor_direction,catboost_native,onehot_adam_mlp,candidate_independent,2.0,0.0002459351159445236,independent_cover_u128,0.0302734375
openml_taskbalanced,openml-credit-g-31,onehot_linear,ordinal_forest,common,0.25,7.380484724771534e-05,disjoint_pack_cross128,0.3603515625
openml_taskbalanced,openml-credit-g-31,onehot_linear,ordinal_forest,common,0.25,7.380484724771534e-05,independent_cover_u128,0.4150390625
openml_taskbalanced,openml-credit-g-31,onehot_linear,ordinal_forest,common,0.5,0.0001476096944954307,disjoint_pack_cross128,0.2392578125
openml_taskbalanced,openml-credit-g-31,onehot_linear,ordinal_forest,common,0.5,0.0001476096944954307,independent_cover_u128,0.2998046875
openml_taskbalanced,openml-credit-g-31,onehot_linear,ordinal_forest,common,1.0,0.0002952193889908614,disjoint_pack_cross128,0.07421875
openml_taskbalanced,openml-credit-g-31,onehot_linear,ordinal_forest,common,1.0,0.0002952193889908614,independent_cover_u128,0.1552734375
openml_taskbalanced,openml-credit-g-31,onehot_linear,ordinal_forest,common,2.0,0.0005904387779817228,disjoint_pack_cross128,0.0048828125
openml_taskbalanced,openml-credit-g-31,onehot_linear,ordinal_forest,common,2.0,0.0005904387779817228,independent_cover_u128,0.0185546875
openml_taskbalanced,openml-credit-g-31,onehot_linear,ordinal_forest,candidate_independent,0.25,7.380484724771534e-05,disjoint_pack_cross128,0.3603515625
openml_taskbalanced,openml-credit-g-31,onehot_linear,ordinal_forest,candidate_independent,0.25,7.380484724771534e-05,independent_cover_u128,0.4150390625
openml_taskbalanced,openml-credit-g-31,onehot_linear,ordinal_forest,candidate_independent,0.5,0.0001476096944954307,disjoint_pack_cross128,0.2392578125
openml_taskbalanced,openml-credit-g-31,onehot_linear,ordinal_forest,candidate_independent,0.5,0.0001476096944954307,independent_cover_u128,0.2998046875
openml_taskbalanced,openml-credit-g-31,onehot_linear,ordinal_forest,candidate_independent,1.0,0.0002952193889908614,disjoint_pack_cross128,0.07421875
openml_taskbalanced,openml-credit-g-31,onehot_linear,ordinal_forest,candidate_independent,1.0,0.0002952193889908614,independent_cover_u128,0.1552734375
openml_taskbalanced,openml-credit-g-31,onehot_linear,ordinal_forest,candidate_independent,2.0,0.0005904387779817228,disjoint_pack_cross128,0.0048828125
openml_taskbalanced,openml-credit-g-31,onehot_linear,ordinal_forest,candidate_independent,2.0,0.0005904387779817228,independent_cover_u128,0.0185546875
openml_taskbalanced,openml-credit-g-31,onehot_linear,onehot_adam_mlp,common,0.25,0.0001753937983677549,disjoint_pack_cross128,0.3525390625
openml_taskbalanced,openml-credit-g-31,onehot_linear,onehot_adam_mlp,common,0.25,0.0001753937983677549,independent_cover_u128,0.392578125
openml_taskbalanced,openml-credit-g-31,onehot_linear,onehot_adam_mlp,common,0.5,0.0003507875967355098,disjoint_pack_cross128,0.21875
openml_taskbalanced,openml-credit-g-31,onehot_linear,onehot_adam_mlp,common,0.5,0.0003507875967355098,independent_cover_u128,0.3017578125
openml_taskbalanced,openml-credit-g-31,onehot_linear,onehot_adam_mlp,common,1.0,0.0007015751934710196,disjoint_pack_cross128,0.0673828125
openml_taskbalanced,openml-credit-g-31,onehot_linear,onehot_adam_mlp,common,1.0,0.0007015751934710196,independent_cover_u128,0.1552734375
openml_taskbalanced,openml-credit-g-31,onehot_linear,onehot_adam_mlp,common,2.0,0.001403150386942039,disjoint_pack_cross128,0.001953125
openml_taskbalanced,openml-credit-g-31,onehot_linear,onehot_adam_mlp,common,2.0,0.001403150386942039,independent_cover_u128,0.0244140625
openml_taskbalanced,openml-credit-g-31,onehot_linear,onehot_adam_mlp,candidate_independent,0.25,0.0001753937983677549,disjoint_pack_cross128,0.3525390625
openml_taskbalanced,openml-credit-g-31,onehot_linear,onehot_adam_mlp,candidate_independent,0.25,0.0001753937983677549,independent_cover_u128,0.392578125
openml_taskbalanced,openml-credit-g-31,onehot_linear,onehot_adam_mlp,candidate_independent,0.5,0.0003507875967355098,disjoint_pack_cross128,0.21875
openml_taskbalanced,openml-credit-g-31,onehot_linear,onehot_adam_mlp,candidate_independent,0.5,0.0003507875967355098,independent_cover_u128,0.3017578125
openml_taskbalanced,openml-credit-g-31,onehot_linear,onehot_adam_mlp,candidate_independent,1.0,0.0007015751934710196,disjoint_pack_cross128,0.0673828125
openml_taskbalanced,openml-credit-g-31,onehot_linear,onehot_adam_mlp,candidate_independent,1.0,0.0007015751934710196,independent_cover_u128,0.1552734375
openml_taskbalanced,openml-credit-g-31,onehot_linear,onehot_adam_mlp,candidate_independent,2.0,0.001403150386942039,disjoint_pack_cross128,0.001953125
openml_taskbalanced,openml-credit-g-31,onehot_linear,onehot_adam_mlp,candidate_independent,2.0,0.001403150386942039,independent_cover_u128,0.0244140625
openml_taskbalanced,openml-credit-g-31,ordinal_forest,onehot_adam_mlp,common,0.25,0.00017304713983998962,disjoint_pack_cross128,0.3759765625
openml_taskbalanced,openml-credit-g-31,ordinal_forest,onehot_adam_mlp,common,0.25,0.00017304713983998962,independent_cover_u128,0.3984375
openml_taskbalanced,openml-credit-g-31,ordinal_forest,onehot_adam_mlp,common,0.5,0.00034609427967997923,disjoint_pack_cross128,0.2392578125
openml_taskbalanced,openml-credit-g-31,ordinal_forest,onehot_adam_mlp,common,0.5,0.00034609427967997923,independent_cover_u128,0.2998046875
openml_taskbalanced,openml-credit-g-31,ordinal_forest,onehot_adam_mlp,common,1.0,0.0006921885593599585,disjoint_pack_cross128,0.068359375
openml_taskbalanced,openml-credit-g-31,ordinal_forest,onehot_adam_mlp,common,1.0,0.0006921885593599585,independent_cover_u128,0.15625
openml_taskbalanced,openml-credit-g-31,ordinal_forest,onehot_adam_mlp,common,2.0,0.001384377118719917,disjoint_pack_cross128,0.001953125
openml_taskbalanced,openml-credit-g-31,ordinal_forest,onehot_adam_mlp,common,2.0,0.001384377118719917,independent_cover_u128,0.0244140625
openml_taskbalanced,openml-credit-g-31,ordinal_forest,onehot_adam_mlp,candidate_independent,0.25,0.00017304713983998962,disjoint_pack_cross128,0.365234375
openml_taskbalanced,openml-credit-g-31,ordinal_forest,onehot_adam_mlp,candidate_independent,0.25,0.00017304713983998962,independent_cover_u128,0.4013671875
openml_taskbalanced,openml-credit-g-31,ordinal_forest,onehot_adam_mlp,candidate_independent,0.5,0.00034609427967997923,disjoint_pack_cross128,0.244140625
openml_taskbalanced,openml-credit-g-31,ordinal_forest,onehot_adam_mlp,candidate_independent,0.5,0.00034609427967997923,independent_cover_u128,0.3212890625
openml_taskbalanced,openml-credit-g-31,ordinal_forest,onehot_adam_mlp,candidate_independent,1.0,0.0006921885593599585,disjoint_pack_cross128,0.08984375
openml_taskbalanced,openml-credit-g-31,ordinal_forest,onehot_adam_mlp,candidate_independent,1.0,0.0006921885593599585,independent_cover_u128,0.181640625
openml_taskbalanced,openml-credit-g-31,ordinal_forest,onehot_adam_mlp,candidate_independent,2.0,0.001384377118719917,disjoint_pack_cross128,0.0068359375
openml_taskbalanced,openml-credit-g-31,ordinal_forest,onehot_adam_mlp,candidate_independent,2.0,0.001384377118719917,independent_cover_u128,0.0302734375
