variant,true_prior,scale,noise,tasks,mse_model,se_model,mse_zero,se_zero,mse_always_smooth,se_always_smooth,mse_hard_route,se_hard_route,mse_bayes_mixture,se_bayes_mixture,mse_regime_oracle,se_regime_oracle,trust_posterior_correlation,trust_regime_auroc,trust_mean,posterior_mean,seed
structured,0.1,0.3,0.1,4096,0.9974809288978577,0.006431471090763807,0.9916162490844727,0.00634403433650732,1.075434923171997,0.0070609040558338165,1.0129549503326416,0.006571125239133835,1.000483751296997,0.006470818538218737,0.9807051420211792,0.006304385140538216,0.9311260702767183,0.7426369652464356,0.3659074008464813,0.4129594564437866,20260832
structured,0.1,0.3,0.3,4096,1.0032932758331299,0.006515120156109333,0.9956517815589905,0.00644069816917181,1.0755672454833984,0.007051532156765461,1.0191905498504639,0.006676684599369764,1.0063813924789429,0.006556024309247732,0.987064778804779,0.00639557046815753,0.906973385145178,0.730579026018463,0.36964693665504456,0.4222605526447296,20260832
structured,0.1,0.3,1.0,4096,1.0014466047286987,0.006374455988407135,0.9954096674919128,0.006304293405264616,1.0357346534729004,0.006622743792831898,1.0109648704528809,0.006481139454990625,1.0020849704742432,0.006378715392202139,0.9891661405563354,0.006285523995757103,0.8156201425083559,0.6048400801097956,0.44128212332725525,0.4762645959854126,20260832
structured,0.1,1.0,0.1,4096,0.9747867584228516,0.006988044828176498,1.0075442790985107,0.006521107628941536,1.7224156856536865,0.013778644613921642,0.9762046337127686,0.00722593953832984,0.9686264991760254,0.007012350019067526,0.9505442380905151,0.006810746621340513,0.9636316785986196,0.9886015995656728,0.15908034145832062,0.14405229687690735,20260832
structured,0.1,1.0,0.3,4096,0.984108567237854,0.007072549778968096,0.9996684193611145,0.006515681277960539,1.5064836740493774,0.01140622328966856,0.9916404485702515,0.007355759851634502,0.980256199836731,0.007086046040058136,0.9472055435180664,0.006688959430903196,0.9709705022582767,0.9721401515151514,0.19808438420295715,0.18445828557014465,20260832
structured,0.1,1.0,1.0,4096,1.0119531154632568,0.006847180426120758,0.9980696439743042,0.006548612378537655,1.2131798267364502,0.008526431396603584,1.042401909828186,0.007284203078597784,1.0159435272216797,0.006911785341799259,0.9666849374771118,0.006527825258672237,0.9698263090950303,0.8118356175886345,0.36492419242858887,0.3782806098461151,20260832
structured,0.1,3.0,0.1,4096,0.9046922326087952,0.007511639967560768,0.9915677309036255,0.006628076080232859,2.399691581726074,0.027075285091996193,0.9003198146820068,0.007573521230369806,0.9003200531005859,0.007573530077934265,0.9003198146820068,0.007573521230369806,0.9890920737455663,0.9999732180183947,0.10588735342025757,0.10156294703483582,20260832
structured,0.1,3.0,0.3,4096,0.9190536737442017,0.007280491292476654,1.0009942054748535,0.006686544511467218,1.6104443073272705,0.01442311704158783,0.9161343574523926,0.007309726905077696,0.9157333374023438,0.007299509365111589,0.9139416217803955,0.007267287001013756,0.9853461014521602,0.9988784421153571,0.11274664103984833,0.10364728420972824,20260832
structured,0.1,3.0,1.0,4096,1.0022928714752197,0.0073410021141171455,1.0094112157821655,0.00676167756319046,1.287926435470581,0.00991987343877554,1.0328903198242188,0.008111300878226757,1.0082647800445557,0.007497191429138184,0.9494845867156982,0.006874863989651203,0.9647577509577677,0.9064921435031035,0.2764163911342621,0.29229623079299927,20260832
structured,0.5,0.3,0.1,4096,0.9658118486404419,0.006303105503320694,0.9966377019882202,0.006474997848272324,0.9948192834854126,0.00668075866997242,0.9723054766654968,0.006389976013451815,0.9628076553344727,0.006291128695011139,0.9395209550857544,0.006146682891994715,0.9248963816264995,0.7485836033874635,0.42898452281951904,0.5045369863510132,20260832
structured,0.5,0.3,0.3,4096,0.9747793674468994,0.00638189073652029,1.0007328987121582,0.006505191326141357,1.0023249387741089,0.006750037427991629,0.9844125509262085,0.006506125908344984,0.9727045297622681,0.0063928281888365746,0.9526210427284241,0.006287885829806328,0.8944882643415196,0.7229497858318819,0.4174007773399353,0.5056224465370178,20260832
structured,0.5,0.3,1.0,4096,0.9972858428955078,0.0063453735783696175,1.0110267400741577,0.006443861871957779,1.0102410316467285,0.0064576175063848495,1.0037033557891846,0.006385951768606901,0.9963395595550537,0.0063441903330385685,0.9840153455734253,0.006246279459446669,0.7983880994362418,0.6213987553670617,0.4594222605228424,0.5027706623077393,20260832
structured,0.5,1.0,0.1,4096,0.7298343777656555,0.007391794119030237,0.9967833161354065,0.007036678027361631,1.132239580154419,0.014994548633694649,0.7212647795677185,0.007692920975387096,0.7143406867980957,0.007410567253828049,0.6947061419487,0.007158181164413691,0.9821859695364388,0.9839550492468432,0.4869638681411743,0.5003879070281982,20260832
structured,0.5,1.0,0.3,4096,0.759357213973999,0.007043682504445314,1.0000025033950806,0.007020266726613045,1.0525225400924683,0.01245873048901558,0.7601485252380371,0.007432230748236179,0.7489867210388184,0.0071082026697695255,0.7215936183929443,0.006775566376745701,0.9818875347972014,0.9748105735484855,0.48145103454589844,0.5000829696655273,20260832
structured,0.5,1.0,1.0,4096,0.8963192105293274,0.00676122959703207,0.99993896484375,0.007132372818887234,0.9800764322280884,0.008273343555629253,0.9167333841323853,0.007201432716101408,0.8921442627906799,0.006800010800361633,0.8448119163513184,0.006388496607542038,0.9706042859900831,0.8099837207173184,0.46774208545684814,0.504291296005249,20260832
structured,0.5,3.0,0.1,4096,0.5447452664375305,0.008610913529992104,1.002715826034546,0.007829968817532063,1.4135262966156006,0.028635768219828606,0.5294346213340759,0.008759042248129845,0.5294330716133118,0.008758960291743279,0.5294346213340759,0.008759042248129845,0.995567768296608,0.9999475457990742,0.48490971326828003,0.4968423843383789,20260832
structured,0.5,3.0,0.3,4096,0.5664661526679993,0.008234288543462753,1.009859323501587,0.008191217668354511,0.9331409931182861,0.015861673280596733,0.5570603609085083,0.008345461450517178,0.5564902424812317,0.00830537173897028,0.5534054040908813,0.008245807141065598,0.9946941705162454,0.9987437761117152,0.49839988350868225,0.5076994895935059,20260832
structured,0.5,3.0,1.0,4096,0.7607970237731934,0.0073362854309380054,0.9826452732086182,0.007759781088680029,0.8940838575363159,0.010210813023149967,0.7759932279586792,0.008010849356651306,0.7537938952445984,0.007471917197108269,0.7019106149673462,0.006953318603336811,0.968998817872676,0.9020816211797069,0.4626381993293762,0.49927783012390137,20260832
structured,0.9,0.3,0.1,4096,0.9298365712165833,0.006263387389481068,0.9950783252716064,0.006696274038404226,0.911806583404541,0.006215207278728485,0.9333316683769226,0.00635913759469986,0.9217856526374817,0.006240038201212883,0.9016363620758057,0.0060757859610021114,0.8989416143055788,0.7504317690212898,0.48287490010261536,0.5823999047279358,20260832
structured,0.9,0.3,0.3,4096,0.9476408958435059,0.006224673241376877,1.0033460855484009,0.006568886339664459,0.9301164746284485,0.006164885126054287,0.9505075216293335,0.006319989915937185,0.9389472007751465,0.006185072939842939,0.9199764132499695,0.006047042086720467,0.8712368908985142,0.7357681029371705,0.45552241802215576,0.5697897672653198,20260832
structured,0.9,0.3,1.0,4096,0.9817504286766052,0.006445341743528843,1.0143842697143555,0.006674246396869421,0.9715185165405273,0.006384896580129862,0.9863520860671997,0.0064977253787219524,0.9786473512649536,0.006428844761103392,0.9659602642059326,0.006328374147415161,0.7931461252658916,0.599854039666867,0.4759664237499237,0.5249714851379395,20260832
structured,0.9,1.0,0.1,4096,0.49089962244033813,0.005272927228361368,0.9912146925926208,0.007341577671468258,0.5313948392868042,0.00848182663321495,0.47002851963043213,0.005460402928292751,0.4640539884567261,0.005162987392395735,0.4478541910648346,0.004940465558320284,0.9415972984644703,0.986165544772079,0.807746171951294,0.8518662452697754,20260832
structured,0.9,1.0,0.3,4096,0.5381360054016113,0.005390938371419907,0.9969877004623413,0.007571271155029535,0.5654479265213013,0.007597397081553936,0.5282403230667114,0.005596111062914133,0.5206828713417053,0.005295396316796541,0.4994603097438812,0.005025055259466171,0.9544009714627706,0.9784020846376504,0.7671011686325073,0.8129233121871948,20260832
structured,0.9,1.0,1.0,4096,0.7752662897109985,0.006079767365008593,0.996638834476471,0.007447702810168266,0.7454268336296082,0.006334632635116577,0.7869577407836914,0.0065306732431054115,0.7653670907020569,0.0060723708011209965,0.7184301614761353,0.005678420886397362,0.9622020654732698,0.8123837454268918,0.5677490234375,0.6233071684837341,20260832
structured,0.9,3.0,0.1,4096,0.1759825348854065,0.005163440480828285,1.0230467319488525,0.00931663066148758,0.3415471911430359,0.015771744772791862,0.14915192127227783,0.005190222058445215,0.14915111660957336,0.005190209019929171,0.14915192127227783,0.005190222058445215,0.9860846881634716,1.0,0.8637034893035889,0.890350341796875,20260832
structured,0.9,3.0,0.3,4096,0.22389772534370422,0.004773161839693785,1.003309965133667,0.009310469962656498,0.2780974209308624,0.008723506703972816,0.2081538587808609,0.004744383972138166,0.20778094232082367,0.004695081152021885,0.20589640736579895,0.0046759010292589664,0.9785286963624824,0.999825065015207,0.8717796802520752,0.8974037170410156,20260832
structured,0.9,3.0,1.0,4096,0.5385504961013794,0.005709038116037846,0.9814262390136719,0.008847169578075409,0.5062184929847717,0.006510905921459198,0.5404843091964722,0.006289968732744455,0.5178332328796387,0.005647126119583845,0.4696645140647888,0.005052144639194012,0.9494276438412687,0.8765071899267534,0.649345874786377,0.7116209268569946,20260832
